<?xml version="1.0" encoding="utf-8"?>

<morphology lang="Kz-KZ">

<!-- ek gruplarının tanımlanması-->
	
<suffixGroups>
    <suffixGroup name="NOUN_POSSESSIVE">
		<suffix>NI_POSSESSIVE_1sg_(I)m</suffix>
		<suffix>NI_POSSESSIVE_2sg_(I)ň</suffix>
		<suffix>NI_POSSESSIVE_3sg_(s)I</suffix>
		<suffix>NI_POSSESSIVE_1pl_(I)mIz</suffix>
		<suffix>NI_POSSESSIVE_2pl_(I)ňIz</suffix>
		<suffix>NI_POSSESSIVE_2pl_lArIň</suffix>
		<suffix>NI_POSSESSIVE_2pl_lArIňIz</suffix>
		<suffix>NI_POSSESSIVE_3pl_LArI</suffix>	 
    </suffixGroup>
	
	<suffixGroup name="NOUN_CASE">
		<suffix>NI_CASE_GEN_NIn</suffix>
		<suffix>NI_CASE_ACC_NI</suffix>
		<suffix>NI_CASE_DAT_GA</suffix>	  
		<suffix>NI_CASE_LOC_DA</suffix>
		<suffix>NI_CASE_ABL_DAn</suffix>
		<suffix>NI_CASE_EQU_DAy</suffix>
		<suffix>NI_CASE_INST_menen</suffix>     
		<suffix>NI_CASE_INST_men</suffix> 	  
    </suffixGroup>
	
	<suffixGroup name="PERSON_PNOUN">
		<suffix>PERS_PNOUN_1sg_mIn</suffix>
		<!-- <suffix>PERS_PNOUN_1sg_pIn</suffix> -->
		<suffix>PERS_PNOUN_2sg_sIň</suffix>
		<suffix>PERS_PNOUN_3sg_DI</suffix>
		<suffix>PERS_PNOUN_1pl_BIz</suffix>
		<suffix>PERS_PNOUN_2pl_sIňdAr</suffix>
		<suffix>PERS_PNOUN_2pl_sIz</suffix>
		<suffix>PERS_PNOUN_3pl_DI</suffix>	
	</suffixGroup>	
	
	<suffixGroup name="PERSON_POSSESSIVE">
		<suffix>PERS_POSS_1sg_m</suffix>	
		<suffix>PERS_POSS_2sg_ň</suffix>	
		<suffix>PERS_POSS_1pl_k</suffix>	
		<suffix>PERS_POSS_2pl_ňdAr</suffix>	
		<suffix>PERS_POSS_2pl_ňIzdAr</suffix>	
		<suffix>PERS_POSS_2pl_ňIz</suffix>	
	</suffixGroup>	
	
	<suffixGroup name="VERB_TENSE">
		<suffix>VI_TENSE_PAST_DI</suffix>
		<suffix>VI_TENSE_PAST_GAn</suffix>
		<suffix>VI_TENSE_PAST_Ip</suffix>
		<suffix>VI_TENSE_PAST_AtIn</suffix>
		<suffix>VI_TENSE_CONT_A</suffix>
		<suffix>VI_TENSE_CONT_Ip_otır</suffix>
		<suffix>VI_TENSE_CONT_Ip_jat</suffix>
		<suffix>VI_TENSE_CONT_Ip_jür</suffix>
		<suffix>VI_TENSE_CONT_Ip_tur</suffix>
		<suffix>VI_TENSE_CONT_UvdA</suffix>
		<suffix>VI_TENSE_FUT_GAlI_otır</suffix>
		<suffix>VI_TENSE_FUT_GAlI_jatır</suffix>
		<suffix>VI_TENSE_FUT_GAlI_jür</suffix>
		<suffix>VI_TENSE_FUT_GAlI_tur</suffix>
		<suffix>VI_TENSE_FUT_MAK</suffix>
		<suffix>VI_TENSE_FUT_MAKsI</suffix>
		<suffix>VI_TENSE_AORST_Ar</suffix>
	</suffixGroup>	
	
	<suffixGroup name="VERB_MOOD" >
		<suffix>VI_MOOD_COND_sA</suffix>
		<suffix>VI_MOOD_NECESS_Uv</suffix>
		<suffix>VI_MOOD_IMPR_1SG_AyIn</suffix>
		<suffix>VI_MOOD_IMPR_3SG_sIn</suffix>
		<suffix>VI_MOOD_IMPR_1PL_AyIK</suffix>
		<suffix>VI_MOOD_IMPR_2PL_ňIz</suffix>
		<suffix>VI_MOOD_IMPR_2PL_ňdAr</suffix>
		<suffix>VI_MOOD_IMPR_2PL_ňIzdAr</suffix>
		<suffix>VI_MOOD_OPT_GAy</suffix>
		<suffix>VI_MOOD_OPT_GI</suffix>
	</suffixGroup>	
	
	<suffixGroup name="SECOND_TENSE" >
		<suffix>SECONDTENSE_PASTPRF_eken</suffix>
		<suffix>SECONDTENSE_NARR_edi</suffix>
		<suffix>SECONDTENSE_COND_bolsa</suffix>
	</suffixGroup>		
		
	<suffixGroup name="VD_AUXILIARY" >		
		<suffix>VD_AUXILIARY_NEG_emes</suffix>
		<suffix>VD_AUXILIARY_NEG_joq</suffix>
		<suffix>VD_AUXILIARY_kelet</suffix>
	</suffixGroup>
	
	<suffixGroup name="VD_AUXILIARY_OPT" >
		<suffix>VD_AUXILIARY_OPT_keledi</suffix>
		<suffix>VD_AUXILIARY_OPT_kelmeydi</suffix>
	</suffixGroup>
	
	<suffixGroup name="VD_AUXILIARY_NECESS" >
		<suffix>VD_AUXILIARY_NECESS_kerek</suffix>
		<suffix>VD_AUXILIARY_NECESS_teyiş</suffix>
		<suffix>VD_AUXILIARY_NECESS_teyişti</suffix>
	</suffixGroup>
	
	<suffixGroup name="ND_NOUN" >
		<suffix>ND_NOUN_Av</suffix>
		<suffix>ND_NOUN_DAs</suffix>
		<suffix>ND_NOUN_LIK</suffix>
		<suffix>ND_NOUN_şI</suffix>
		<suffix>ND_NOUN_LI</suffix>
		<suffix>ND_NOUN_rAK</suffix>
		<suffix>ND_NOUN_sIz</suffix>
		<suffix>ND_NOUN_şIK</suffix>
		<suffix>ND_NOUN_şIl</suffix>
		<suffix>ND_NOUN_şAK</suffix>
		<suffix>ND_NOUN_şAn</suffix>
		<suffix>ND_NOUN_şA</suffix>
		<suffix>ND_NOUN_DIMINUTIVE_tay</suffix>
	</suffixGroup>
	
	<suffixGroup name="ND_VERB" >
		<suffix>ND_VERB_sIn</suffix>
		<suffix>ND_VERB_sI</suffix>
		<suffix>ND_VERB_rA</suffix>
		<suffix>ND_VERB_GAr</suffix>
		<suffix>ND_VERB_LAt</suffix>
		<suffix>ND_VERB_LAs</suffix>
		<suffix>ND_VERB_LAn</suffix>
		<suffix>ND_VERB_LA</suffix>
		<suffix>ND_VERB_IK</suffix>
		<suffix>ND_VERB_I</suffix>
		<suffix>ND_VERB_DA</suffix>
		<suffix>ND_VERB_Ay</suffix>
		<suffix>ND_VERB_Ar</suffix>
		<suffix>ND_VERB_Al</suffix>
		<suffix>ND_VERB_A</suffix>
	</suffixGroup>
	
	<suffixGroup name="ND_ADJ" >
		<suffix>ND_ADJ_LI</suffix>
		<suffix>ND_ADJ_qılt</suffix>

	</suffixGroup>
	
	<suffixGroup name="ND_ADV" >
		<suffix>ND_ADV_qıltım</suffix>
		<suffix>ND_ADV_DAGAn</suffix>
	</suffixGroup>
	
	<suffixGroup name="VD_NOUN" >
		<suffix>VD_NOUN_MA</suffix>
		<suffix>VD_NOUN_IM</suffix>
		<suffix>VD_NOUN_Is</suffix>
		<suffix>VD_NOUN_GI</suffix>
		<suffix>VD_NOUN_IK</suffix>
		<suffix>VD_NOUN_AK</suffix>
		<suffix>VD_NOUN_Indı</suffix>
		<suffix>VD_NOUN_GIş</suffix>
		<suffix>VD_NOUN_Iş</suffix>
		<suffix>VD_NOUN_In</suffix>
		<suffix>VD_NOUN_MAK</suffix>
		<suffix>VD_NOUN_GIn</suffix>
		<suffix>VD_NOUN_mAl</suffix>
		<suffix>VD_NOUN_şAK</suffix>
	</suffixGroup>
	
	<suffixGroup name="VD_VERB" >
		<suffix>VD_CAUS_DIr</suffix>
		<suffix>VD_CAUS_GIz</suffix>
		<suffix>VD_CAUS_Ir</suffix>
		<suffix>VD_CAUS_It</suffix>
		<suffix>VD_PASS_Il</suffix>
		<suffix>VD_CONT_GIlA</suffix>
		<suffix>VD_REFLEX_In</suffix>
		<suffix>VD_RECIP_Iş</suffix>
	</suffixGroup>
	
	<suffixGroup name="VERBAL_NOUN" >
		<suffix>VERBAL_NOUN_Uv</suffix>
		<suffix>VERBAL_NOUN_U</suffix>
	</suffixGroup>
	
	<suffixGroup name="VERBAL_ADVERB" >
		<suffix>VERBAL_ADVERB_Ip</suffix>
		<suffix>VERBAL_ADVERB_MAy</suffix>
		<suffix>VERBAL_ADVERB_GAndA</suffix>
		<suffix>VERBAL_ADVERB_GAnşA</suffix>
		<suffix>VERBAL_ADVERB_GAlI</suffix>
		<suffix>VERBAL_ADVERB_MAstAn</suffix>
		<suffix>VERBAL_ADVERB_MAyInşA</suffix>
		<suffix>VERBAL_ADVERB_A</suffix>
	</suffixGroup>
	
	<suffixGroup name="VERBAL_ADJECTIVE" >
		<suffix>VERBAL_ADJECTIVE_GAn</suffix>
		<suffix>VERBAL_ADJECTIVE_Ar</suffix>
		<suffix>VERBAL_ADJECTIVE_MAs</suffix>
		<suffix>VERBAL_ADJECTIVE_AtIn</suffix>
	</suffixGroup>
	
	
	
	<suffixGroup name="VD_AUXILIARY_NECESS" >
		<suffix>VD_AUXILIARY_NECESS_kerek</suffix>
		<suffix>VD_AUXILIARY_NECESS_teyiş</suffix>
		<suffix>VD_AUXILIARY_NECESS_teyişti</suffix>
	</suffixGroup>
	
	
</suffixGroups>
	
 <graph>
  

    <source id="NOUN">
		<targetGroup id="NOUN_POSSESSIVE" />
		<targetGroup id="NOUN_CASE" />
		<targetGroup id="PERSON_PNOUN" />
		<targetGroup id="ND_NOUN" />
		<targetGroup id="ND_ADV" />
		<targetGroup id="ND_ADJ" />
		<targetGroup id="ND_VERB" />
		<target id="NI_PLURAL_LAr" />
		<target id="NI_REL_GI" />
		<target id="QUES_MA" />
		<target id="VD_AUXILIARY_NEG_emes" />
		<target id="SECONDTENSE_NARR_edi" />
		<target id="SECONDTENSE_PASTPRF_eken" />
    </source>

    <source id="NI_REL_GI" >
		<target id="NI_CASE_GEN_NIn" />
    </source>


    <source id="NI_PLURAL_LAr">
		<targetGroup id="NOUN_POSSESSIVE" /> 
		<targetGroup id="NOUN_CASE" />
		<target id="NI_REL_GI" />
		<target id="QUES_MA" />
    </source>

   
	<source id="NI_POSSESSIVE_1sg_(I)m" >
		<targetGroup id="VD_AUXILIARY_NECESS" />
		<targetGroup id="NOUN_CASE" />
		<target id="VD_AUXILIARY_OPT_keledi" >
		<conditions flag="Or">
          <condition morpheme="BeforeSource" operator="MorphemeEquals" operand="VI_MOOD_OPT_GI" />
		  </conditions> 
      </target>
	  <target id="VD_AUXILIARY_OPT_kelmeydi" >
		<conditions flag="Or">
          <condition morpheme="BeforeSource" operator="MorphemeEquals" operand="VI_MOOD_OPT_GI" />
		  </conditions> 
      </target>
	</source>
	<source id="NI_POSSESSIVE_2sg_(I)ň" >
		<targetGroup id="VD_AUXILIARY_NECESS" />
		<targetGroup id="VD_AUXILIARY_OPT" />
		<targetGroup id="NOUN_CASE" />
	</source>
	<source id="NI_POSSESSIVE_3sg_(s)I">
		<targetGroup id="VD_AUXILIARY_NECESS" />
		<targetGroup id="VD_AUXILIARY_OPT" />
		<targetGroup id="NOUN_CASE" />
		<target id="NI_CASE_ACC_N(3)" />
	</source>
	<source id="NI_POSSESSIVE_1pl_(I)mIz" >
		<targetGroup id="VD_AUXILIARY_NECESS" />
		<targetGroup id="VD_AUXILIARY_OPT" />
		<targetGroup id="NOUN_CASE" />
	</source>
	<source id="NI_POSSESSIVE_2pl_(I)ňIz" >
		<targetGroup id="VD_AUXILIARY_NECESS" />
		<targetGroup id="VD_AUXILIARY_OPT" />
		<targetGroup id="NOUN_CASE" />
	</source>
	<source id="NI_POSSESSIVE_2pl_lArIň" >
		<targetGroup id="VD_AUXILIARY_NECESS" />
		<targetGroup id="VD_AUXILIARY_OPT" />
		<targetGroup id="NOUN_CASE" />
	</source>
	<source id="NI_POSSESSIVE_2pl_lArIňIz" >
		<targetGroup id="VD_AUXILIARY_NECESS" />
		<targetGroup id="VD_AUXILIARY_OPT" />
		<targetGroup id="NOUN_CASE" />
	</source>
	<source id="NI_POSSESSIVE_3pl_LArI" >
		<targetGroup id="VD_AUXILIARY_NECESS" />
		<targetGroup id="VD_AUXILIARY_OPT" />
		<targetGroup id="NOUN_CASE" />
	</source>

	<source id="NI_CASE_GEN_NIn" >
	<target id="NI_REL_GI" />
	</source>
	
	<source id="NI_CASE_ACC_NI" >
	<target id="NI_REL_GI" />
	</source>
	
	<source id="NI_CASE_ACC_N(3)" >
	<target id="NI_CASE_LOC_DA" />
	<target id="NI_REL_GI" />
	</source>
	
	<source id="NI_CASE_DAT_GA" >
	<target id="NI_REL_GI" />
	</source>
	
	<source id="NI_CASE_LOC_DA" >
	<target id="NI_REL_GI" />
	</source>
	
	<source id="NI_CASE_ABL_DAn" >
	<target id="NI_REL_GI" />
	</source>
	
	<source id="NI_CASE_EQU_DAy" >
	</source>
	
	<source id="NI_CASE_INST_menen" >
	</source>
	
	<source id="NI_CASE_INST_men" >
	</source>
	


	<source id="PERS_PNOUN_1sg_mIn" >
	</source>

	<!--<source id="PERS_PNOUN_1sg_pIn" >
	</source> -->

	<source id="PERS_PNOUN_2sg_sIň" >
	</source>

	<source id="PERS_PNOUN_3sg_DI" >
	</source>

	<source id="PERS_PNOUN_1pl_BIz" >
	</source>

	<source id="PERS_PNOUN_2pl_sIňdAr" >
	</source>

	<source id="PERS_PNOUN_2pl_sIz" >
	<target id="QUES_MA" />
	</source>

	<source id="PERS_PNOUN_3pl_DI" >
	</source>
	
	
	<source id="QUES_MA" >
		<target id="SECONDTENSE_NARR_edi" />
		<target id="SECONDTENSE_PASTPRF_eken" />
	</source>

    <source id="PERS_POSS_1sg_m" >
		<target id="SECONDTENSE_NARR_edi" />
		<target id="SECONDTENSE_PASTPRF_eken" />
		<target id="QUES_MA" />
	</source>

    <source id="PERS_POSS_2sg_ň" >
		<target id="SECONDTENSE_NARR_edi" />
		<target id="SECONDTENSE_PASTPRF_eken" />
		<target id="QUES_MA" />
	</source>

    <source id="PERS_POSS_1pl_k" >
		<target id="SECONDTENSE_NARR_edi" />
		<target id="SECONDTENSE_PASTPRF_eken" />
		<target id="QUES_MA" />
	</source>

    <source id="PERS_POSS_2pl_ňdAr" >
		<target id="SECONDTENSE_NARR_edi" />
		<target id="SECONDTENSE_PASTPRF_eken" />
		<target id="QUES_MA" />
	</source>

    <source id="PERS_POSS_2pl_ňIzdAr" >
		<target id="SECONDTENSE_NARR_edi" />
		<target id="SECONDTENSE_PASTPRF_eken" />
		<target id="QUES_MA" />
	</source>

    <source id="PERS_POSS_2pl_ňIz" >
		<target id="SECONDTENSE_NARR_edi" />
		<target id="SECONDTENSE_PASTPRF_eken" />
		<target id="QUES_MA" />
	</source>

  
    <source id="VD_AUXILIARY_NEG_emes" >
		<targetGroup id="PERSON_PNOUN" />
		<target id="SECONDTENSE_NARR_edi" />
		<target id="SECONDTENSE_PASTPRF_eken" />
		<target id="QUES_MA" />
	</source>
	
    <source id="VD_AUXILIARY_NEG_joq" >
		<targetGroup id="PERSON_PNOUN" />
	</source>

    <source id="SECONDTENSE_PASTPRF_eken" >
		<targetGroup id="PERSON_PNOUN" />
	</source>

    <source id="SECONDTENSE_NARR_edi" >
		<targetGroup id="PERSON_POSSESSIVE" />
	</source>

    <source id="SECONDTENSE_COND_bolsa" >
		<targetGroup id="PERSON_POSSESSIVE" />
	</source>


    <source id="VD_AUXILIARY_OPT_keledi" >
		<target id="SECONDTENSE_PASTPRF_eken" /> 
		<target id="SECONDTENSE_NARR_edi" />
	</source>
	
	<source id="VD_AUXILIARY_OPT_kelmeydi" >
		<target id="SECONDTENSE_PASTPRF_eken" />
		<target id="SECONDTENSE_NARR_edi" />
	</source>

    <source id="VD_AUXILIARY_kelet" >
	</source>
	
    <source id="VD_AUXILIARY_NECESS_kerek" >
		<target id="VD_AUXILIARY_NEG_emes" />
		<target id="QUES_MA"/>
		<target id="SECONDTENSE_NARR_edi" />
		<target id="SECONDTENSE_PASTPRF_eken" />
		<target id="SECONDTENSE_COND_bolsa" />
	</source>
	
    <source id="VD_AUXILIARY_NECESS_teyiş" >
		<copy id="VD_AUXILIARY_NECESS_kerek"/>
	</source>

    <source id="VD_AUXILIARY_NECESS_teyişti" >
		<copy id="VD_AUXILIARY_NECESS_kerek"/>
	</source>


	
	<!--*********************************************************-->
	
	<source id="VERB">
		<targetGroup id="VERB_TENSE" />
		<targetGroup id="VERB_MOOD" >
			<removeTarget id="VI_MOOD_OPT_GI" />
		</targetGroup>
		<target id="VI_MOOD_OPT_GI" >
			<conditions flag="Or">
			  <condition morpheme="AfterTarget" operator="MorphemeEquals" operand="NI_POSSESSIVE_1sg_(I)m" />
			  <condition morpheme="AfterTarget" operator="MorphemeEquals" operand="NI_POSSESSIVE_2sg_(I)ň" />
			  <condition morpheme="AfterTarget" operator="MorphemeEquals" operand="NI_POSSESSIVE_3sg_(s)I" />
			  <condition morpheme="AfterTarget" operator="MorphemeEquals" operand="NI_POSSESSIVE_1pl_(I)mIz" />
			  <condition morpheme="AfterTarget" operator="MorphemeEquals" operand="NI_POSSESSIVE_2pl_(I)ňIz" />
			  <condition morpheme="AfterTarget" operator="MorphemeEquals" operand="NI_POSSESSIVE_2pl_lArIň" />
			  <condition morpheme="AfterTarget" operator="MorphemeEquals" operand="NI_POSSESSIVE_2pl_lArIňIz" />
			  <condition morpheme="AfterTarget" operator="MorphemeEquals" operand="NI_POSSESSIVE_3pl_LArI" />
			</conditions>
		</target>
		<targetGroup id="VD_NOUN" />
		<targetGroup id="VD_VERB" />
		<targetGroup id="VERBAL_ADVERB" />
		<targetGroup id="VERBAL_NOUN" />
		<targetGroup id="VERBAL_ADJECTIVE" />
		<target id="FD_NEGATIVE_mA" />
		<!--<target id="FC_ZAMAN_GECMIS_DU" /> -->
		
    </source>
	 
	  <source id="FD_NEGATIVE_mA">
		<target id="VI_TENSE_PAST_DI" />
		<target id="VI_TENSE_PAST_Ip" />
		<target id="VI_TENSE_PAST_GAn" />
		<target id="VI_TENSE_PAST_AtIn" />
		<target id="VI_TENSE_CONT_A" />
		<target id="VI_TENSE_AORST_Ar" />
		<target id="VI_MOOD_COND_sA" />
		<target id="VI_MOOD_IMPR_1SG_AyIn" />
		<target id="VI_MOOD_IMPR_3SG_sIn" />
		<target id="VI_MOOD_IMPR_1PL_AyIK" />
		<target id="VI_MOOD_IMPR_2PL_ňIz" />
		<target id="VI_MOOD_IMPR_2PL_ňdAr" />
		<target id="VI_MOOD_IMPR_2PL_ňIzdAr" />
		<target id="VI_MOOD_OPT_GAy" />

    </source>
	
	
	<source id="VI_TENSE_PAST_DI" >
		<targetGroup id="PERSON_POSSESSIVE" />
		<targetGroup id="VD_AUXILIARY_NECESS" /> <!-- bu kurala bak -->
	</source>

    <source id="VI_TENSE_PAST_GAn" >
		<targetGroup id="PERSON_PNOUN" />
		<target id="VD_AUXILIARY_NEG_joq" />
		<target id="VD_AUXILIARY_NEG_emes" />
		<target id="SECONDTENSE_NARR_edi" />
		<target id="SECONDTENSE_PASTPRF_eken" />
		<target id="SECONDTENSE_COND_bolsa" />
		<target id="QUES_MA" />
		
	</source>

    <source id="VI_TENSE_PAST_Ip" >
		<targetGroup id="PERSON_PNOUN" />
		<target id="SECONDTENSE_NARR_edi" />
	</source>

    <source id="VI_TENSE_PAST_AtIn" >
		<targetGroup id="PERSON_PNOUN" />
		<target id="SECONDTENSE_PASTPRF_eken" />		
		<target id="SECONDTENSE_NARR_edi" />		
		<target id="QUES_MA" />		
	</source>
		
    <source id="VI_TENSE_CONT_A" ><!-- future and aorist tense meaning -->
		<targetGroup id="PERSON_PNOUN" />
		<target id="SECONDTENSE_PASTPRF_eken" />
		<target id="QUES_MA" />
	</source>

    <source id="VI_TENSE_CONT_Ip_otır" >
		<targetGroup id="PERSON_PNOUN" />
		<target id="SECONDTENSE_NARR_edi" />
		<target id="VI_TENSE_PAST_GAn" />
		<target id="SECONDTENSE_COND_bolsa" />
	</source>

    <source id="VI_TENSE_CONT_Ip_jat" >
		<copy id="VI_TENSE_CONT_Ip_otır" />
	</source>

    <source id="VI_TENSE_CONT_Ip_jür" >
		<copy id="VI_TENSE_CONT_Ip_otır" />
	</source>

    <source id="VI_TENSE_CONT_Ip_tur" >
		<copy id="VI_TENSE_CONT_Ip_otır" />
	</source>

    <source id="VI_TENSE_CONT_UvdA" >
		<targetGroup id="PERSON_PNOUN" />
		<target id="VD_AUXILIARY_NEG_emes"/>
		<target id="SECONDTENSE_NARR_edi" />
		<target id="SECONDTENSE_PASTPRF_eken" />
		<target id="SECONDTENSE_COND_bolsa" />
	</source>

    <source id="VI_TENSE_FUT_GAlI_otır" >
		<targetGroup id="PERSON_PNOUN" />
		<target id="SECONDTENSE_NARR_edi" />
		<target id="SECONDTENSE_PASTPRF_eken" />
	</source>

    <source id="VI_TENSE_FUT_GAlI_jatır" >
		<targetGroup id="PERSON_PNOUN" />
		<target id="SECONDTENSE_NARR_edi" />
		<target id="SECONDTENSE_PASTPRF_eken" />
	</source>

    <source id="VI_TENSE_FUT_GAlI_jür" >
		<targetGroup id="PERSON_PNOUN" />
		<target id="SECONDTENSE_NARR_edi" />
		<target id="SECONDTENSE_PASTPRF_eken" />
	</source>

    <source id="VI_TENSE_FUT_GAlI_tur" >
		<targetGroup id="PERSON_PNOUN" />
		<target id="SECONDTENSE_NARR_edi" />
		<target id="SECONDTENSE_PASTPRF_eken" />
	</source>

    <source id="VI_TENSE_FUT_MAK" >
		<targetGroup id="PERSON_PNOUN" />
		<target id="VD_AUXILIARY_NEG_emes"/>
		<target id="SECONDTENSE_NARR_edi" />
		<target id="SECONDTENSE_PASTPRF_eken" />
		<target id="SECONDTENSE_COND_bolsa" />
	</source>

    <source id="VI_TENSE_FUT_MAKsI" >
		<copy id="VI_TENSE_FUT_MAK" />
	</source>

    <source id="VI_TENSE_AORST_Ar" >
		<targetGroup id="PERSON_PNOUN" />
		<target id="SECONDTENSE_NARR_edi" />
		<target id="SECONDTENSE_PASTPRF_eken" />
		<target id="SECONDTENSE_COND_bolsa" />
	</source>


    <source id="VI_MOOD_COND_sA" >
		<targetGroup id="PERSON_POSSESSIVE" />
		<target id="SECONDTENSE_NARR_edi" />
	</source>

    <source id="VI_MOOD_NECESS_Uv" >
		<targetGroup id="NOUN_POSSESSIVE" />
	
	</source>

    <source id="VI_MOOD_IMPR_1SG_AyIn" >
	</source>

    <source id="VI_MOOD_IMPR_3SG_sIn" >
	</source>

    <source id="VI_MOOD_IMPR_1PL_AyIK" >
	</source>

    <source id="VI_MOOD_IMPR_2PL_ňIz" >
	</source>

    <source id="VI_MOOD_IMPR_2PL_ňdAr" >
	</source>

    <source id="VI_MOOD_IMPR_2PL_ňIzdAr" >
	</source>

    <source id="VI_MOOD_OPT_GAy" >
		<targetGroup id="PERSON_PNOUN" />
		<target id="SECONDTENSE_NARR_edi" />
	</source>

    <source id="VI_MOOD_OPT_GI" >
		<targetGroup id="NOUN_POSSESSIVE" />
	</source>
	
<!--*********************************************************-->
	<source id="ADJECTIVE">
		<copy id="NOUN" />
	</source>


<!--*********************************************************-->

	<source id="ADVERB">
	</source>

<!--*********************************************************-->

	<source id="EXCLAMATION">
	</source>
	

<!--*********************************************************-->

	<source id="PRONOUN">
		<targetGroup id="NOUN_POSSESSIVE" />
		<targetGroup id="NOUN_CASE" />
		<target id="SECONDTENSE_NARR_edi" />		
		<target id="NI_CASE_ACC_N(3)" />		
		<target id="NI_PLURAL_LAr" />
	</source>
	
<!--*********************************************************-->

	<source id="PERS_PRONOUN">
		<targetGroup id="NOUN_CASE" />
	</source>
	
<!--*********************************************************-->

	<source id="NUMBER">
		<target id="NUM_ORD_nŞI"/>
		<target id="NUM_DISTB_NAn"/>
		<target id="NUM_ADV_DAGAn"/>
		<target id="NI_POSSESSIVE_3sg_(s)I" />
	</source>
	
<!--*********************************************************-->

	
	<source id="ND_NOUN_Av">
		<copy id="NOUN" />
	</source>
	<source id="ND_NOUN_DAs">
		<copy id="NOUN" />
	</source>
	<source id="ND_NOUN_LIK">
		<copy id="NOUN" />
	</source>
	<source id="ND_NOUN_LI">
		<copy id="NOUN" />
	</source>
	<source id="ND_NOUN_rAK">
		<copy id="NOUN" />
	</source>
	<source id="ND_NOUN_sIz">
		<copy id="NOUN" />
	</source>
	<source id="ND_NOUN_şIK">
		<copy id="NOUN" />
	</source>
	<source id="ND_NOUN_şIl">
		<copy id="NOUN" />
	</source>
	<source id="ND_NOUN_şAK">
		<copy id="NOUN" />
	</source>
	<source id="ND_NOUN_şAn">
		<copy id="NOUN" />
	</source>
	<source id="ND_NOUN_şA">
		<copy id="NOUN" />
	</source>
	<source id="ND_NOUN_şI">
		<copy id="NOUN" />
	</source>
	<source id="ND_NOUN_DIMINUTIVE_tay">
		<copy id="NOUN" />
	</source>

	
	
	<!--*********************************************************-->	
	<source id="ND_ADJ_LI">
		<copy id="SIFAT" />
	</source>
	<source id="ND_ADJ_qılt">
		<copy id="SIFAT" />
	</source>

	<!--*********************************************************-->
	
	
	<source id="ND_ADV_qıltım">
		<copy id="ZARF" />
	</source>
	<source id="ND_ADV_DAGAn">
		<copy id="ZARF" />
	</source>


	<!--*********************************************************-->
	<source id="ND_VERB_sIn">
		<copy id="VERB" />
	</source>

	<source id="ND_VERB_sI">
		<copy id="VERB" />
	</source>

	<source id="ND_VERB_rA">
		<copy id="VERB" />
	</source>

	<source id="ND_VERB_GAr">
		<copy id="VERB" />
	</source>

	<source id="ND_VERB_LAt">
		<copy id="VERB" />
	</source>

	<source id="ND_VERB_LAs">
		<copy id="VERB" />
	</source>

	<source id="ND_VERB_LAn">
		<copy id="VERB" />
	</source>

	<source id="ND_VERB_LA">
		<copy id="VERB" />
	</source>

	<source id="ND_VERB_IK">
		<copy id="VERB" />
	</source>

	<source id="ND_VERB_I">
		<copy id="VERB" />
	</source>

	<source id="ND_VERB_DA">
		<copy id="VERB" />
	</source>

	<source id="ND_VERB_Ay">
		<copy id="VERB" />
	</source>

	<source id="ND_VERB_Ar">
		<copy id="VERB" />
	</source>

	<source id="ND_VERB_Al">
		<copy id="VERB" />
	</source>

	<source id="ND_VERB_A">
		<copy id="VERB" />
	</source>


	
	
<!--*********************************************************-->	
	<source id="VERBAL_NOUN_Uv">
	</source>
	<source id="VERBAL_NOUN_U">
		<copy id="NOUN" />
	</source>
	<source id="VERBAL_ADJECTIVE_GAn">
		<targetGroup id="NOUN_POSSESSIVE" />
		<targetGroup id="NOUN_CASE" />
	</source>
	<source id="VERBAL_ADJECTIVE_Ar">
	</source>
	<source id="VERBAL_ADJECTIVE_MAs">
	</source>
	<source id="VERBAL_ADJECTIVE_AtIn">
	</source>
	<source id="VERBAL_ADVERB_Ip">
	</source>
	<source id="VERBAL_ADVERB_MAy">
	</source>
	<source id="VERBAL_ADVERB_GAndA">
	</source>
	<source id="VERBAL_ADVERB_GAnşA">
	</source>
	<source id="VERBAL_ADVERB_GAlI">
	</source>
	<source id="VERBAL_ADVERB_MAstAn">
	</source>
	<source id="VERBAL_ADVERB_MAyInşA">
	</source>
	<source id="VERBAL_ADVERB_A">
	</source>


<!--*********************************************************-->

	<source id="VD_NOUN_MA">
		<copy id="NOUN" />
	</source>
	<source id="VD_NOUN_IM">
		<copy id="NOUN" />
	</source>
	
	<source id="VD_NOUN_Is">
		<copy id="NOUN" />
	</source>
	
	<source id="VD_NOUN_GI">
		<copy id="NOUN" />
	</source>
	<source id="VD_NOUN_IK">
		<copy id="NOUN" />
	</source>
	<source id="VD_NOUN_AK">
		<copy id="NOUN" />
	</source>
	<source id="VD_NOUN_Indı">
		<copy id="NOUN" />
	</source>
	<source id="VD_NOUN_GIş">
		<copy id="NOUN" />
	</source>
	<source id="VD_NOUN_Iş">
		<copy id="NOUN" />
	</source>
	<source id="VD_NOUN_In">
		<copy id="NOUN" />
	</source>
	<source id="VD_NOUN_MAK">
		<copy id="NOUN" />
	</source>
	<source id="VD_NOUN_GIn">
		<copy id="NOUN" />
	</source>
	<source id="VD_NOUN_mAl">
		<copy id="NOUN" />
	</source>
	<source id="VD_NOUN_şAK">
		<copy id="NOUN" />
	</source>

	
<!--*********************************************************-->

	<source id="VD_CAUS_DIr">
		<copy id="VERB" />
	</source>
	<source id="VD_CAUS_GIz">
		<copy id="VERB" />
	</source>
	<source id="VD_CAUS_Ir">
		<copy id="VERB" />
	</source>
	<source id="VD_CAUS_It">
		<copy id="VERB" />
	</source>
	<source id="VD_PASS_Il">
		<copy id="VERB" />
	</source>
	<source id="VD_CONT_GIlA">
		<copy id="VERB" />
	</source>
	<source id="VD_REFLEX_In">
		<copy id="VERB" />
		<!-- <target id="VERBAL_ADVERB_MAy" />-->
	</source>
	<source id="VD_RECIP_Iş">
		<copy id="VERB" />
	</source>
		
		
	<source id="NUM_ORD_nŞI">
	</source>
	<source id="NUM_DISTB_NAn">
	</source>
	<source id="NUM_ADV_DAGAn">
	</source>

	<source id="PUNCTUATION">
	</source>
	<source id="MODAL">
	</source>
	<source id="PREPOSITION">
	</source>
	<source id="CONJUNCTION">
	</source>
	<source id="DETERMINER">
	</source>
 	<source id="PROPERNOUN">
		<targetGroup id="NOUN_CASE" />
	</source>
	</graph>

</morphology>