<?xml version="1.0" encoding="utf-8"?>

<!DOCTYPE orthography SYSTEM "../orthography.dtd">

<orthography lang="Kz-KZ">

  <alphabet>
    <consonants>бвгғджзйкқлмнңпрстуфхһцчшщ</consonants>
    <vowels>аәеёиоөұүыіэюяу</vowels>
  </alphabet>


  <!-- operandOne ve operandTwo string type -->

  <rules>
  
  
  <rule id="MUTATION_kg" phase="3">
      <description>	If next suffix starts with vowel, the last letter k of th stem is changed to g  </description>
      <transformation morpheme="This" action="Replace" operandOne="к" operandTwo="г" flag="last">
        <conditions flag="Or">
          <condition morpheme="Next" operator="StartsWithVowel" />
        </conditions>
      </transformation>
    </rule>
	
	<rule id="MUTATION_qg" phase="3">
      <description>	If next suffix starts with vowel, the last letter q of th stem is changed to ğ </description>
      <transformation morpheme="This" action="Replace" operandOne="ғ" operandTwo="қ" flag="last">
        <conditions flag="And">
          <condition morpheme="This" operator="MorphemeEquals" operand="ND_ADJ_qılt" />
          <condition morpheme="Previous" operator="LastLetterEquals" operand="кқпстфхчшщ"  />
        </conditions>
      </transformation>
	  <transformation morpheme="This" action="Replace" operandOne="қ" operandTwo="ғ" flag="last">
        <conditions flag="Or">
          <condition morpheme="Next" operator="StartsWithVowel" />
        </conditions>
      </transformation>
    </rule>
	
    <rule id="MUTATION_pb" phase="3">
      <description>	If next suffix starts with vowel, the last letter p of th stem is changed to b </description>
      <transformation morpheme="This" action="Replace" operandOne="п" operandTwo="б" flag="last">
        <conditions flag="Or">
          <condition morpheme="Next" operator="StartsWithVowel" />
        </conditions>
      </transformation>
    </rule>

    <rule id="TRANSFORMATION_A" phase="2">
      <description>This rule gives info about meta-letter A changes (a or e) </description>
      <transformation morpheme="This" action="Replace" operandOne="A" operandTwo="а" flag="all">
        <conditions flag="Or">
          <condition morpheme="Previous" operator="LastVowelEquals" operand="аёоұыюя" />
        </conditions>
      </transformation>
      <transformation morpheme="This" action="Replace" operandOne="A" operandTwo="е" flag="all" />
    </rule>
	
	<rule id="TRANSFORMATION_K" phase="2">
      <description>This rule gives info about meta-letter K changes (k or q) </description>
      <transformation morpheme="This" action="Replace" operandOne="K" operandTwo="қ" flag="all">
        <conditions flag="Or">
          <condition morpheme="Previous" operator="LastVowelEquals" operand="аәёоұыюя" />
        </conditions>
      </transformation>
      <transformation morpheme="This" action="Replace" operandOne="K" operandTwo="к" flag="all" />
    </rule>
	
	<rule id="TRANSFORMATION_I" phase="2">
      <description>This rule gives info about meta-letter I changes (ı or i) </description>
      <transformation morpheme="This" action="Replace" operandOne="I" operandTwo="ы" flag="all">
        <conditions flag="Or">
          <condition morpheme="Previous" operator="LastVowelEquals" operand="аёоұыюу" />
        </conditions>
      </transformation>
      <transformation morpheme="This" action="Replace" operandOne="I" operandTwo="і" flag="all" />
    </rule>
	
	<!-- L nin değişimi -->
	<rule id="TRANSFORMATION_L" phase="2">
      <description>This rule gives info about meta-letter L changes (l,d or t) </description>
      <transformation morpheme="This" action="Replace" operandOne="L" operandTwo="т" flag="all">
        <conditions flag="Or">
          <condition morpheme="Previous" operator="LastLetterEquals" operand="кқпстфхчшщ"  />
        </conditions>
      </transformation>
      <transformation morpheme="This" action="Replace" operandOne="L" operandTwo="л" flag="all" >
		<conditions flag="Or">		
			<condition morpheme="Previous" operator="LastLetterEquals" operand="йваәеёиоөұүуыіэюя"  />
		</conditions>
	  </transformation>
	  <transformation morpheme="This" action="Replace" operandOne="L" operandTwo="д" flag="all"/>
    </rule>
	
	
	<rule id="TRANSFORMATION_N" phase="2">
      <description> This rule gives info about meta-letter N changes (n,d or t) </description>
      <transformation morpheme="This" action="Replace" operandOne="N" operandTwo="т" flag="all">
        <conditions flag="Or">
          <condition morpheme="Previous" operator="LastLetterEquals" operand="кқпстфхчшщ"  />
        </conditions>
      </transformation>
      <transformation morpheme="This" action="Replace" operandOne="N" operandTwo="н" flag="all" >
		<conditions flag="Or">		
			<condition morpheme="Previous" operator="LastLetterEquals" operand="аәеёиоөұүуыіэюяң"  />
		</conditions>
	  </transformation>
	  <transformation morpheme="This" action="Replace" operandOne="N" operandTwo="д" flag="all" />
    </rule>
	
	<rule id="TRANSFORMATION_M" phase="2">
      <description> This rule gives info about meta-letter M changes (m,b or p)  </description>
      <transformation morpheme="This" action="Replace" operandOne="M" operandTwo="п" flag="all">
        <conditions flag="Or">
          <condition morpheme="Previous" operator="LastLetterEquals" operand="кқпстфхчшщ"  />
        </conditions>
      </transformation>
      <transformation morpheme="This" action="Replace" operandOne="M" operandTwo="б" flag="all" >
		<conditions flag="Or">		
			<condition morpheme="Previous" operator="LastLetterEquals" operand="зж"  />
		</conditions>
	  </transformation>
	  <transformation morpheme="This" action="Replace" operandOne="M" operandTwo="м" flag="all" />
    </rule>
	
	<rule id="SPECIAL_M" phase="2">
      <description> This rule gives info about meta-letter M changes (m,b or p) for special cases  </description>
      <transformation morpheme="This" action="Replace" operandOne="M" operandTwo="п" flag="all">
        <conditions flag="Or">
          <condition morpheme="Previous" operator="LastLetterEquals" operand="кқпстфхчшщ"  />
        </conditions>
      </transformation>
      <transformation morpheme="This" action="Replace" operandOne="M" operandTwo="м" flag="all" >
		<conditions flag="Or">		
			<condition morpheme="Previous" operator="LastLetterEquals" operand="лмрвйнң"  />
			<condition morpheme="Previous" operator="EndsWithVowel" />
		</conditions>
	  </transformation>
	  <transformation morpheme="This" action="Replace" operandOne="M" operandTwo="б" flag="all" />
    </rule>
	
	 <rule id="VOWEL_DROP" phase="2">
      <description>the first vowel of Vowel starting suffix drops whenever it is appended to vowel ending stem</description>
      <transformation morpheme="This" action="DeleteFirstLetter">
        <conditions flag="Or">
          <condition morpheme="Previous" operator="EndsWithVowel" />
        </conditions>
      </transformation>
    </rule>
	
	<rule id="LAST_VOWEL_DROP" phase="3">
      <description> This rule is for some specific roots. The last vowel of these root drops, when they take a suffix starting with vowel        Gelen ek ünlü ile başlıyorsa son sesli harf düşer.
        moyun-um=>moynum, in Turkish :boyun+ım :boynum
      </description>
      <transformation morpheme="This" action="DeleteLastVowel">
        <conditions flag="Or">
          <condition morpheme="Next" operator="StartsWithVowel" />
        </conditions>
      </transformation>
    </rule>
	
	<!-- ÜNSÜZ DÜŞMESİ -->
	 <rule id="CONSONANT_DROP" phase="2">
      <description>3rd person singular possessive suffix +sI. The first letter of suffix drops when ir is appended to consonant ending stem. </description>
      <transformation morpheme="This" action="DeleteFirstLetter">
        <conditions flag="Or">
          <condition morpheme="Previous" operator="EndsWithConsonant" />
        </conditions>
      </transformation>
	<!--  <transformation morpheme="This" action="DeleteLastLetter">
	  <conditions flag="Or" >
	  <condition morpheme="Previous" operator="MorphemeEquals" operand="IC_HAL_BELIRTME_NI" />	  
	  </conditions> 
	  </transformation>-->
	</rule>	
	
	<rule id="TRANSFORMATION_G" phase="2" >
	<description>This rule gives info about meta-letter G changes (g,k,q or ğ)</description>
		<transformation morpheme="This"  action="Replace" operandOne="G" operandTwo="к" flag="all" >
		<conditions flag="And">
			<condition morpheme="Previous" operator="LastLetterEquals" operand="кқпстфхчшщ" />			
          <condition morpheme="Previous" operator="LastVowelEquals" operand="еиөүуіэ" /> 
		</conditions>
		</transformation>
		<transformation morpheme="This"  action="Replace" operandOne="G" operandTwo="қ" flag="all" >
		<conditions flag="And">
			<condition morpheme="Previous" operator="LastLetterEquals" operand="кқпстфхчшщ" />			
          <condition morpheme="Previous" operator="LastVowelEquals" operand="аәёоұыюя" /> 
		</conditions>
		</transformation>
		<transformation morpheme="This"  action="Replace" operandOne="G" operandTwo="ғ" flag="all" >
		<conditions flag="And">
			<condition morpheme="Previous" operator="LastLetterEquals" operand="бвгғджзйлмнңруц" />			
          <condition morpheme="Previous" operator="LastVowelEquals" operand="аәёоұыюя" /> 
		</conditions>		
		</transformation>
		<transformation morpheme="This"  action="Replace" operandOne="G" operandTwo="ғ" flag="all" >
		<conditions flag="Or">		
          <condition morpheme="Previous" operator="LastLetterEquals" operand="аәёоұуыюя" /> 
		</conditions>
		</transformation>
		<transformation morpheme="This"  action="Replace" operandOne="G" operandTwo="г" flag="all" >
		<conditions flag="And">
			<condition morpheme="Previous" operator="LastLetterEquals" operand="бвгғджзйлмнңруц" />			
          <condition morpheme="Previous" operator="LastVowelEquals" operand="еиөүіэ" /> 
		</conditions>
		</transformation>
		<transformation morpheme="This"  action="Replace" operandOne="G" operandTwo="г" flag="all" >
		<conditions flag="Or">	
          <condition morpheme="Previous" operator="LastLetterEquals" operand="еиөүіэ" /> 
		</conditions>
		</transformation>
		</rule>
		
		
	<rule id="TRANSFORMATION_D" phase="2">
      <description>This rule gives info about meta-letter D changes (d or t)</description>
      <transformation morpheme="This" action="Replace" operandOne="D" operandTwo="т" flag="all">
        <conditions flag="Or">
          <condition morpheme="Previous" operator="LastLetterEquals" operand="кқпстфхчшщ" />
        </conditions>
      </transformation>
      <transformation morpheme="This" action="Replace" operandOne="D" operandTwo="д" flag="all" />
    </rule>
	
	<rule id="TRANSFORMATION_B" phase="2">
      <description>This rule gives info about meta-letter B changes (b or p)</description>
      <transformation morpheme="This" action="Replace" operandOne="B" operandTwo="п" flag="all">
        <conditions flag="Or">
          <condition morpheme="Previous" operator="LastLetterEquals" operand="кқпстфхчшщ" />
        </conditions>
      </transformation>
      <transformation morpheme="This" action="Replace" operandOne="B" operandTwo="б" flag="all" />
    </rule>
	
	
	<rule id="TRANSFORMATION_U" phase="2">
      <description>This rule gives info about meta-letter U changes (u or ü) </description>
      <transformation morpheme="This" action="Replace" operandOne="U" operandTwo="ұ" flag="all">
        <conditions flag="Or">
          <condition morpheme="Previous" operator="LastVowelEquals" operand="аәёоұыюя" />
        </conditions>
      </transformation>
      <transformation morpheme="This" action="Replace" operandOne="U" operandTwo="ү" flag="all" />
    </rule>

	<rule id="SPECIAL_GZ" phase="2">
      <description> If aorist tense suffix is added to verb stem after negative suffix, +Ar is changed to +s </description> 
      <transformation morpheme="This" action="Replace" operandOne="р" operandTwo="с" flag="all">
        <conditions flag="Or">
          <condition morpheme="Previous" operator="MorphemeEquals" operand="FD_NEGATIVE_mA" />
        </conditions>
      </transformation>
    </rule>
	
	<rule id="SPECIAL_DI" phase="2">
      <description> This rule is for a special case.
		If Second tense suffix +edi comes after keledi optative aux. word, keledi will change into keleti
		hikaye eki edi den önce gelen istek keledi eki keleti halini alır.   </description> 
      <transformation morpheme="This" action="Replace" operandOne="_келеди" operandTwo="_келетин" flag="all">
        <conditions flag="Or">
          <condition morpheme="Next" operator="MorphemeEquals" operand="SECONDTENSE_NARR_edi" />
        </conditions>
      </transformation>
    </rule>
	
	<rule id="SPECIAL_GA" phase="1">
	<description> Dative suffix +GA is turned into A when it comes possessivesuffixes</description>
	<transformation morpheme="This" action="DeleteFirstLetter"> 
		<conditions flag="Or" >
			<condition morpheme="Previous" operator="MorphemeEquals" operand="NI_POSSESSIVE_1sg_(I)m" />
			<condition morpheme="Previous" operator="MorphemeEquals" operand="NI_POSSESSIVE_2sg_(I)ň" />
			<condition morpheme="Previous" operator="MorphemeEquals" operand="NI_POSSESSIVE_1pl_(I)mIz" />
			<condition morpheme="Previous" operator="MorphemeEquals" operand="NI_POSSESSIVE_2pl_(I)ňIz" />
			<condition morpheme="Previous" operator="MorphemeEquals" operand="NI_POSSESSIVE_2pl_lArIň" />
			<condition morpheme="Previous" operator="MorphemeEquals" operand="NI_POSSESSIVE_2pl_lArIňIz" />
		</conditions>
	</transformation>		
	<transformation morpheme="This"  action="Replace" operandOne="G" operandTwo="н" flag="all" >
		<conditions flag="Or" >
			<condition morpheme="Previous" operator="MorphemeEquals" operand="NI_POSSESSIVE_3pl_LArI" />			
			<condition morpheme="Previous" operator="MorphemeEquals" operand="NI_POSSESSIVE_3sg_(s)I" />
		</conditions>
	</transformation>	
	<transformation morpheme="This"  action="Replace" operandOne="GA" operandTwo="GAн" flag="all" >
		<conditions flag="Or" >
			<condition morpheme="Previous" operator="HasFlags" operand="PP1" />	
			<condition morpheme="Previous" operator="HasFlags" operand="PP2" />	
			<condition morpheme="Previous" operator="HasFlags" operand="PP3" />	
		</conditions>
	</transformation>		
	</rule>
	
	<rule id="SPECIAL_DAN" phase="1">
	<description> After some possessive suffixes, Ablative case suffix +DAn changes to +nAn</description>
		<transformation morpheme="This"  action="Replace" operandOne="D" operandTwo="н" flag="all" >
		<conditions flag="Or" >
			<condition morpheme="Previous" operator="MorphemeEquals" operand="NI_POSSESSIVE_1sg_(I)m" />
			<condition morpheme="Previous" operator="MorphemeEquals" operand="NI_POSSESSIVE_2sg_(I)ň" />
			<condition morpheme="Previous" operator="MorphemeEquals" operand="NI_POSSESSIVE_3pl_LArI" />			
			<condition morpheme="Previous" operator="MorphemeEquals" operand="NI_POSSESSIVE_3sg_(s)I" />
		</conditions>
	</transformation>		
	</rule>
	
	<!-- кпстш -->
<rule id="QUES_M" phase="2">
      <description> This rule gives info about meta-letter M changes (m,b or p) for special cases (question suffix)  </description>
      <transformation morpheme="This" action="Replace" operandOne="M" operandTwo="п" flag="all">
        <conditions flag="Or">
          <condition morpheme="Previous" operator="LastLetterEquals" operand="кқпстфхчшщ"  /> 
        </conditions>
      </transformation>
      <transformation morpheme="This" action="Replace" operandOne="M" operandTwo="б" flag="all" >
		<conditions flag="Or">		
			<condition morpheme="Previous" operator="LastLetterEquals" operand="мнңз"  />
		</conditions>
	  </transformation>
	  <transformation morpheme="This" action="Replace" operandOne="M" operandTwo="м" flag="all" >
		<conditions flag="Or">		
			<condition morpheme="Previous" operator="LastLetterEquals" operand="аәеёиоөұүыіэюябвгғджйлруц"  />
		</conditions>
	  </transformation>
    </rule>

	
	<rule id="SPECIAL_A" phase="2">	
	<description>This rule is for special cases of meta-letter A. (a,e or y)</description>
		<transformation morpheme="This" action="Replace" operandOne="A" operandTwo="й" flag="all" >	
		  <conditions flag="Or">
			  <condition morpheme="Previous" operator="EndsWithVowel" />			 
			</conditions>
		</transformation>
		<transformation morpheme="This" action="Replace" operandOne="A" operandTwo="а" flag="all">
        <conditions flag="And">
          <condition morpheme="Previous" operator="LastVowelEquals" operand="аәёоұыюя" />
		  <condition morpheme="Previous" operator="EndsWithConsonant" />
        </conditions>
      </transformation>
      <transformation morpheme="This" action="Replace" operandOne="A" operandTwo="е" flag="all">
	  <conditions flag="And">
          <condition morpheme="Previous" operator="LastVowelEquals" operand="еиөүіэ" />
		  <condition morpheme="Previous" operator="EndsWithConsonant" />
        </conditions>
      </transformation>
	 </rule>	
	
	
	<rule id="SPECIAL_PPNOUN" phase="1">
		<description> This rule gives information about changes occur when person pronouns take case suffixes.
		(Şahıs zamirlerine gelen hal eklerinden sonra oluşan değişiklikleri kapsayan kuraldır)
		transformation 1 => men, sen +GA => mağan, sağan
		</description>
		<transformation morpheme="This" action="Replace" operandOne="ен" operandTwo="а" flag="last">
		<conditions flag="Or">
          <condition morpheme="Next" operator="MorphemeEquals" operand="NI_CASE_DAT_GA" />
        </conditions>
		</transformation>
		<transformation morpheme="This" action="Append" operandOne="і">
        <conditions flag="Or">
          <condition morpheme="Next" operator="MorphemeEquals" operand="NI_CASE_INST_men" />
        </conditions>
      </transformation>
	  <transformation morpheme="This" action="DeleteLastLetter" >
		<conditions flag="Or">
          <condition morpheme="Next" operator="MorphemeEquals" operand="NI_CASE_GEN_NIn" />
          <condition morpheme="Next" operator="MorphemeEquals" operand="NI_CASE_ACC_NI" />
		 </conditions>
      </transformation>
	</rule>
		
		
		
		
	<rule id="SPECIAL_OL" phase="1">	
		<description> 3. person singular person pronoun ol becomes o whenever takes case suffixes. </description>
		<transformation morpheme="This" action="DeleteLastLetter" >
		<conditions flag="Or">
          <condition morpheme="Next" operator="MorphemeEquals" operand="NI_CASE_GEN_NIn" />
          <condition morpheme="Next" operator="MorphemeEquals" operand="NI_CASE_ACC_NI" />
          <condition morpheme="Next" operator="MorphemeEquals" operand="NI_CASE_DAT_GA" />
          <condition morpheme="Next" operator="MorphemeEquals" operand="NI_CASE_LOC_DA" />
          <condition morpheme="Next" operator="MorphemeEquals" operand="NI_CASE_ABL_DAn" />
        </conditions>
		</transformation>
		<transformation morpheme="This" action="Replace" operandOne="л" operandTwo="ны" flag="last">
		<conditions flag="Or">		
          <condition morpheme="Next" operator="MorphemeEquals" operand="NI_CASE_INST_men" />
		 </conditions>
		</transformation>
	</rule>
	
		<rule id="SPECIAL_CNT" phase="1">	
		<description> this rule is written for continious tense with jatır aux verb coming after kel- and bar- verbs </description>		
		<transformation morpheme="This" action="Replace" operandOne="Iп" operandTwo="A" flag="all">
		<conditions flag="Or">
          <condition morpheme="Previous" operator="HasFlags" operand="cnt" />
        </conditions>
		</transformation>
	</rule>
  <!-- hazır olanlar -->
   
	
	
    

   <rule id="REMOVE_UNDERSCORE" phase="5">
      <description> This rule is for removing underscore symbol which is used for seperately written suffixes menen, emes, eken, joq,..
      </description>
      <transformation morpheme="This" action="Replace" operandOne="_" operandTwo=" " flag="all"/>
    </rule>
	
	 <rule id="REMOVE_APOSTROPHE" phase="2">
      <description>
        This rule is for removing apostrophe
      </description>
      <transformation morpheme="This" action="DeleteFirstLetter" />
    </rule>
	
	<rule id="ADD_APOSTROPHE" phase="5">
      <description>
        This rule is for adding apostrophe
      </description>
      <transformation morpheme="This" action="Append" operandOne="'" />
    </rule>

  </rules>
</orthography>