"id","lexicalForm","sub-type","isInflectional (Type)","Alt tür","Grup","flags","rules","surfaces","emptySurface","Zemberek Karşılığı","Oflazer Karşılığı","Örnekler","İstisnalar","Açıklama"
"NI_PLURAL_LAr","LAр","I","Y","","","","TRANSFORMATION_A, TRANSFORMATION_L","лар,лер,дар,дер,тер,тар","","","","Örnekler","",""
"NI_POSSESSIVE_1sg_(I)m","Iм","I","Y","","NOUN_POSSESSİVE","","TRANSFORMATION_I, VOWEL_DROP","м,ым,ім","","","","balalar, oylar,taldar,adamdar,jigitter","",""
"NI_POSSESSIVE_2sg_(I)ň","Iң","I","Y","","NOUN_POSSESSİVE","","TRANSFORMATION_I, VOWEL_DROP","ың, ің,ң","","","","babam, üyim, közim","",""
"NI_POSSESSIVE_3sg_(s)I","сI","I","Y","","NOUN_POSSESSİVE","","CONSONANT_DROP, TRANSFORMATION_I","ы,і,сы,сі","","","","kalemiň, kitabıň, köyüň, okuluň, günlüğüň, masaň","",""
"NI_POSSESSIVE_1pl_(I)mIz","IмIз","I","Y","","NOUN_POSSESSİVE","","TRANSFORMATION_I, VOWEL_DROP","ымыз,іміз, мыз, міз","","","","babası, üyi, közi","",""
"NI_POSSESSIVE_2pl_(I)ňIz","IңIз","I","Y","","NOUN_POSSESSİVE","","TRANSFORMATION_I, VOWEL_DROP","ңыз,ңніз,ыңыз, іңіз","","","","babamız, üyimiz, közimiz","",""
"NI_POSSESSIVE_2pl_lArIň","LAрIң","I","Y","","NOUN_POSSESSİVE","","TRANSFORMATION_A, TRANSFORMATION_L, TRANSFORMATION_I","ларың, лерің, дарың, дерің,терің,тарың","","","","babaňuz, üyiňiz, köziňiz","",""
"NI_POSSESSIVE_2pl_lArIňIz","LAрIңIз","I","Y","","NOUN_POSSESSİVE","","TRANSFORMATION_A, TRANSFORMATION_L, TRANSFORMATION_I","ларыңыз, леріңіз, дарыңыз, деріңіз,теріңіз,тарыңыз","","","","","",""
"NI_POSSESSIVE_3pl_LArI","LAрI","I","Y","","NOUN_POSSESSİVE","","TRANSFORMATION_A, TRANSFORMATION_L, TRANSFORMATION_I","лары, лері","","","","","",""
"NI_CASE_GEN_NIn","NIң","I","Y","","NOUN_CASE","","TRANSFORMATION_N, TRANSFORMATION_I","ның,нің,дың,дің, тың,тің","","","","babaları, üyderi, közderi","",""
"NI_CASE_ACC_NI","NI","I","Y","","NOUN_CASE","","TRANSFORMATION_N, TRANSFORMATION_I","ны,ні,ды,ді, ты,ті","","","","tildiň,Qazaqtıň,hatınnıň","",""
"NI_CASE_ACC_N(3)","н","I","Y","","NOUN_CASE","","","н","","","","qardı,toptı,balanı","",""
"NI_CASE_DAT_GA","GA","I","Y","","NOUN_CASE","","TRANSFORMATION_G, TRANSFORMATION_A, SPECIAL_GA","ға,ге,қа,ке,а,е,на,не,,ған","","","","balasın,inisin ","",""
"NI_CASE_LOC_DA","DA","I","Y","","NOUN_CASE","","TRANSFORMATION_D, TRANSFORMATION_A ","да,де,та,те","","","","","",""
"NI_CASE_ABL_DAn","DAн","I","Y","","NOUN_CASE","","TRANSFORMATION_D, TRANSFORMATION_A , SPECIAL_DAN","дан,ден,тан,тен,нан,нен","","","","","",""
"NI_CASE_EQU_DAy","DAй","I","Y","","NOUN_CASE","","TRANSFORMATION_D, TRANSFORMATION_A ","дай,дей,тай,тей","","","","","",""
"NI_CASE_INST_menen","Mенен","I","Y","","NOUN_CASE","","TRANSFORMATION_M","менен,бенен, пенен","","","","","",""
"NI_CASE_INST_men","Mен","I","Y","","NOUN_CASE","","TRANSFORMATION_M","мен,бен, пен","","","","közbenen, ","",""
"NI_REL_GI","GI","I","Y","","","","TRANSFORMATION_G, TRANSFORMATION_I","қы,кі,ғы,гі","","","","qızben, balamen,iyttikpen","",""
"QUES_MA","_MA","I","Y","","","","REMOVE_UNDERSCORE, QUES_M,TRANSFORMATION_A","_ма,_ме,_ба,_бе,_па,_пе","","","","","",""
"PERS_PNOUN_1sg_mIn","MIн","I","Y","","PERSON_PNOUN","","TRANSFORMATION_I, TRANSFORMATION_M","мын, мін, бын, бін, пын, пін","","","","","",""
"PERS_PNOUN_1sg_pIn","пIн","I","Y","","PERSON_PNOUN","","TRANSFORMATION_I","пын,пін","","","","","",""
"PERS_PNOUN_2sg_sIň","сIң","I","Y","","PERSON_PNOUN","","TRANSFORMATION_I","сың,сің","","","","","",""
"PERS_PNOUN_3sg_DI","DI","I","Y","","PERSON_PNOUN","","TRANSFORMATION_I, TRANSFORMATION_D","ды,ді,ты,ті","","","","","",""
"PERS_PNOUN_1pl_BIz","BIз","I","Y","","PERSON_PNOUN","","TRANSFORMATION_B, TRANSFORMATION_I","быз,біз,пыз,піз","","","","","",""
"PERS_PNOUN_2pl_sIňdAr","сIңдAр","I","Y","","PERSON_PNOUN","","TRANSFORMATION_A, TRANSFORMATION_I","сыңдар,сіңдер","","","","","",""
"PERS_PNOUN_2pl_sIz","сIз","I","Y","","PERSON_PNOUN","","TRANSFORMATION_I","сіз,сыз","","","","","",""
"PERS_PNOUN_3pl_DI","DI","I","Y","","PERSON_PNOUN","","TRANSFORMATION_I, TRANSFORMATION_D","ды,ді,ты,ті","","","","","",""
"PERS_POSS_1sg_m","м","I","Y","","PERSON_POSSESSIVE","","","м","","","","","",""
"PERS_POSS_2sg_ň","ң","I","Y","","PERSON_POSSESSIVE","","","ң","","","","","",""
"PERS_POSS_1pl_k","к","I","Y","","PERSON_POSSESSIVE","","","к","","","","","",""
"PERS_POSS_2pl_ňdAr","ңдAр","I","Y","","PERSON_POSSESSIVE","","TRANSFORMATION_A","ңдер,ңдар","","","","","",""
"PERS_POSS_2pl_ňIzdAr","ңIздAр","I","Y","","PERSON_POSSESSIVE","","TRANSFORMATION_A, TRANSFORMATION_I","ңыздар,ңіздер","","","","","",""
"PERS_POSS_2pl_ňIz","ңIз","I","Y","","PERSON_POSSESSIVE","","TRANSFORMATION_I","ңыз,ңіз","","","","","",""
"VI_TENSE_PAST_DI","DI","I","Y","","VERB_TENSE","","TRANSFORMATION_D, TRANSFORMATION_I","ды,ді,ты,ті","","","","","",""
"VI_TENSE_PAST_GAn","GAн","I","Y","","VERB_TENSE","","TRANSFORMATION_G,TRANSFORMATION_A","ған,ген,қан,кен","","","","oyladım,küttim","",""
"VI_TENSE_PAST_Ip","Iп","I","Y","","VERB_TENSE","","VOWEL_DROP, TRANSFORMATION_I","ып,іп,п","","","","","",""
"VI_TENSE_PAST_AtIn","AтIн","I","Y","","VERB_TENSE","","TRANSFORMATION_I, SPECIAL_A","атын, етін, йтын, йтін","","","","urıpsın, jetipsin, körmepsinder","",""
"VI_TENSE_CONT_A","A","I","Y","","VERB_TENSE","","TRANSFORMATION_I, SPECIAL_A","а,е,й","","","","","",""
"VI_TENSE_CONT_Ip_otır","Iп_отыр","I","Y","","VERB_TENSE","","TRANSFORMATION_I, REMOVE_UNDERSCORE, VOWEL_DROP","п_отыр,ып_отыр,іп_отыр","","","","","",""
"VI_TENSE_CONT_Ip_jat","Iп_жатыр","I","Y","","VERB_TENSE","","TRANSFORMATION_I, REMOVE_UNDERSCORE, VOWEL_DROP, TRANSFORMATION_A,SPECIAL_CNT","п_жатыр,ып_жатыр,іп_жатыр, а_жатыр, е_жатыр","","","","","",""
"VI_TENSE_CONT_Ip_jür","Iп_жүр","I","Y","","VERB_TENSE","","TRANSFORMATION_I, REMOVE_UNDERSCORE, VOWEL_DROP","п_жүр,ып_жүр,іп_жүр","","","","","",""
"VI_TENSE_CONT_Ip_tur","Iп_тұр","I","Y","","VERB_TENSE","","TRANSFORMATION_I, REMOVE_UNDERSCORE, VOWEL_DROP","п_тұр,ып_отұр,іп_тұр","","","","","",""
"VI_TENSE_CONT_UvdA","UвдA","I","Y","","VERB_TENSE","","TRANSFORMATION_U,TRANSFORMATION_A","вда,вде,ұвда,үвде","","","","görüyorum","",""
"VI_TENSE_FUT_GAlI_otır","GAлI_отыр","I","Y","","VERB_TENSE","","TRANSFORMATION_I, REMOVE_UNDERSCORE, TRANSFORMATION_G,TRANSFORMATION_A","ғалы_отыр, гелі_отыр,қалы_отыр,келі_отыр","","","","","",""
"VI_TENSE_FUT_GAlI_jatır","GAлI_жатыр","I","Y","","VERB_TENSE","","TRANSFORMATION_I, REMOVE_UNDERSCORE, TRANSFORMATION_G,TRANSFORMATION_A","ғалы_жатыр, гелі_жатыр,қалы_жатыр,келі_жатыр","","","","","",""
"VI_TENSE_FUT_GAlI_jür","GAлI_жүр","I","Y","","VERB_TENSE","","TRANSFORMATION_I, REMOVE_UNDERSCORE, TRANSFORMATION_G,TRANSFORMATION_A","ғалы_жүр, гелі_жүр,қалы_жүр,келі_жүр","","","","","",""
"VI_TENSE_FUT_GAlI_tur","GAлI_тұр","I","Y","","VERB_TENSE","","TRANSFORMATION_I, REMOVE_UNDERSCORE, TRANSFORMATION_G,TRANSFORMATION_A","ғалы_тұр, гелі_тұр,қалы_тұр,келі_тұр","","","","","",""
"VI_TENSE_FUT_MAK","MAK","I","Y","","VERB_TENSE","","TRANSFORMATION_A,TRANSFORMATION_K, QUES_M","мақ,мек,бақ,бек,пақ,пек","","","","görüyorum","",""
"VI_TENSE_FUT_MAKsI","MAKшI","I","Y","","VERB_TENSE","","TRANSFORMATION_A,TRANSFORMATION_K, QUES_M, TRANSFORMATION_I","мақшы,мекші,бақшы,бекші,пақшы,пекші","","","","","",""
"VI_TENSE_AORST_Ar","Aр","I","Y","","VERB_TENSE","","TRANSFORMATION_A, VOWEL_DROP, SPECIAL_GZ","ар,ер,р,с","","","","","",""
"FD_NEGATIVE_mA","мA","D","N","","","","TRANSFORMATION_A","ма,ме","","","","","",""
"VI_MOOD_COND_sA","сA","I","Y","","VI_MOOD","","TRANSFORMATION_A","са,се","","","","","",""
"VI_MOOD_NECESS_Uv","Uв","I","Y","","VI_MOOD","","TRANSFORMATION_U","в,ұв,үв","","","","","",""
"VI_MOOD_IMPR_1SG_AyIn","AйIн","I","Y","","VI_MOOD","","TRANSFORMATION_A,TRANSFORMATION_I, VOWEL_DROP","айын,ейін, йын,йін","","","","","",""
"VI_MOOD_IMPR_3SG_sIn","сIн","I","Y","","VI_MOOD","","TRANSFORMATION_I","сын,сін","","","","","",""
"VI_MOOD_IMPR_1PL_AyIK","AйIK","I","Y","","VI_MOOD","","TRANSFORMATION_A,TRANSFORMATION_I, VOWEL_DROP, TRANSFORMATION_K","айық,ейік,йық,йік","","","","","",""
"VI_MOOD_IMPR_2PL_ňIz","IңIз","I","Y","","VI_MOOD","","TRANSFORMATION_I,VOWEL_DROP","ңыз,ңіз,ыңыз,іңіз","","","","","",""
"VI_MOOD_IMPR_2PL_ňdAr","ңдAр","I","Y","","VI_MOOD","","TRANSFORMATION_A","ңдер,ңдар","","","","","",""
"VI_MOOD_IMPR_2PL_ňIzdAr","ңIздAр","I","Y","","VI_MOOD","","TRANSFORMATION_A, TRANSFORMATION_I","ңіздер,ңыздар","","","","","",""
"VI_MOOD_OPT_GAy","GAй","I","Y","","VI_MOOD","","TRANSFORMATION_G, TRANSFORMATION_A","ғай,гей,қай,кей","","","","","",""
"VI_MOOD_OPT_GI","GI","I","Y","","VI_MOOD","","TRANSFORMATION_G, TRANSFORMATION_I","ғы,гі,қы,кі","","","","","",""
"SECONDTENSE_PASTPRF_eken","_екен","I","Y","","SECOND_TENSE","","REMOVE_UNDERSCORE","_екен","","","","","",""
"SECONDTENSE_NARR_edi","_еді","I","Y","","SECOND_TENSE","","REMOVE_UNDERSCORE","_еді","","","","","",""
"SECONDTENSE_COND_bolsa","_болса","I","Y","","SECOND_TENSE","","REMOVE_UNDERSCORE","_болса","","","","","",""
"VD_AUXILIARY_NEG_emes","_емес","I","Y","","VD_AUXILIARY","","REMOVE_UNDERSCORE","_емес","","","","","",""
"VD_AUXILIARY_NEG_joq","_жоқ","I","Y","","VD_AUXILIARY","","REMOVE_UNDERSCORE","_жоқ","","","","","",""
"VD_AUXILIARY_OPT_keledi","_келеді","I","Y","","VD_AUXILIARY_OPT","","REMOVE_UNDERSCORE, SPECIAL_DI ","_келеді,_келетін ","","","","","",""
"VD_AUXILIARY_OPT_kelmeydi","_келмейди","I","Y","","VD_AUXILIARY_OPT","","REMOVE_UNDERSCORE","_келмейди","","","","","",""
"VD_AUXILIARY_kelet","_келет","I","Y","","VD_AUXILIARY","","REMOVE_UNDERSCORE","_келет","","","","","",""
"VD_AUXILIARY_NECESS_kerek","_керек","I","Y","","VD_AUXILIARY_NECESS","","REMOVE_UNDERSCORE","_керек","","","","","",""
"VD_AUXILIARY_NECESS_teyiş","_тейіш","I","Y","","VD_AUXILIARY_NECESS","","REMOVE_UNDERSCORE","_тейіш","","","","","",""
"VD_AUXILIARY_NECESS_teyişti","_тейішті","I","Y","","VD_AUXILIARY_NECESS","","REMOVE_UNDERSCORE","_тейішті","","","","","",""
"NUM_ORD_nŞI","IншI","D","N","","","","TRANSFORMATION_I,VOWEL_DROP","ншы,нші,ыншы,інші","","","","","",""
"NUM_DISTB_NAn","NAн","D","N","","","","TRANSFORMATION_A, TRANSFORMATION_N","нан,нен,дан,ден,тан,тен","","","","","",""
"NUM_ADV_DAGAn","DAGAн","D","N","","","","TRANSFORMATION_D,TRANSFORMATION_A, TRANSFORMATION_G","даған,деген,таған,теген","","","","","",""
"VERBAL_NOUN_Uv","Uв","D","N","","VERBAL_NOUN","","TRANSFORMATION_U, VOWEL_DROP","ұв, үв,в","","","","","",""
"VERBAL_NOUN_U","у","D","N","","VERBAL_NOUN","",""," у","","","","","",""
"VERBAL_ADJECTIVE_GAn","GAн","D","N","","VERBAL_ADJECTIVE","","TRANSFORMATION_A, TRANSFORMATION_G","ған,ген,қан,кен","","","","","",""
"VERBAL_ADJECTIVE_Ar","Aр","D","N","","VERBAL_ADJECTIVE","","VOWEL_DROP, TRANSFORMATION_A","ар,ер,р","","","","","",""
"VERBAL_ADJECTIVE_MAs","MAс","D","N","","VERBAL_ADJECTIVE","","TRANSFORMATION_A, QUES_M","мас, мес, бас, бес, пас, пес","","","","","",""
"VERBAL_ADJECTIVE_AtIn","AтIн","D","N","","VERBAL_ADJECTIVE","","SPECIAL_A, TRANSFORMATION_I","атын, етін, йтын, йтін","","","","","",""
"VERBAL_ADVERB_Ip","Iп","D","N","","VERBAL_ADVERB","","VOWEL_DROP, TRANSFORMATION_I","п, ып, іп","","","","","",""
"VERBAL_ADVERB_MAy","MAй","D","N","","VERBAL_ADVERB","","SPECIAL_M, TRANSFORMATION_A","май, мей, бай, бей,пай, пей","","","","","",""
"VERBAL_ADVERB_GAndA","GAндA","D","N","","VERBAL_ADVERB","","TRANSFORMATION_G,TRANSFORMATION_A","ғанда, генде, қанда, кенде","","","","","",""
"VERBAL_ADVERB_GAnşA","GAншA","D","N","","VERBAL_ADVERB","","TRANSFORMATION_G,TRANSFORMATION_A","ғанша, генше, қанша,кенше","","","","","",""
"VERBAL_ADVERB_GAlI","GAлI","D","N","","VERBAL_ADVERB","","TRANSFORMATION_G,TRANSFORMATION_A, TRANSFORMATION_I","ғалы,гелі, қалы, келі","","","","","",""
"VERBAL_ADVERB_MAstAn","MAстAн","D","N","","VERBAL_ADVERB","","SPECIAL_M, TRANSFORMATION_A","мастан, местен, бастан, бестен, пастан, пестен","","","","","",""
"VERBAL_ADVERB_MAyInşA","MAйIншA","D","N","","VERBAL_ADVERB","","SPECIAL_M, TRANSFORMATION_A, TRANSFORMATION_I","майынша, мейінше,байынша,бейінше, пайынша, пейінше","","","","","",""
"VERBAL_ADVERB_A","A","D","N","","VERBAL_ADVERB","","SPECIAL_A","а,е,й","","","","","",""
"VD_CAUS_DIr","DIр","D","N","","VD_VERB","","TRANSFORMATION_D, TRANSFORMATION_I","дыр, дір, тыр, тір","","","","","",""
"VD_CAUS_GIz","GIз","D","N","","VD_VERB","","TRANSFORMATION_G, TRANSFORMATION_I","қыз, ғыз, гіз, кіз","","","","","",""
"VD_CAUS_Ir","Iр","D","N","","VD_VERB","","VOWEL_DROP, TRANSFORMATION_I","р,ыр, ір","","","","","",""
"VD_CAUS_It","Iт","D","N","","VD_VERB","","VOWEL_DROP, TRANSFORMATION_I","ыт, іт, т","","","","","",""
"VD_PASS_Il","Iл","D","N","","VD_VERB","","VOWEL_DROP, TRANSFORMATION_I","л, іл, ыл","","","","","",""
"VD_CONT_GIlA","GIлA","D","N","","VD_VERB","","TRANSFORMATION_G, TRANSFORMATION_I, TRANSFORMATION_A","қыла, кіле, ғыла, гіле","","","","","",""
"VD_REFLEX_In","Iн","D","N","","VD_VERB","","VOWEL_DROP, TRANSFORMATION_I","н, ін, ын","","","","","",""
"VD_RECIP_Iş","Iш","D","N","","VD_VERB","","VOWEL_DROP, TRANSFORMATION_I","ш, іш, ыш","","","","","",""
"ND_NOUN_Av","Aв","D","N","","ND_NOUN","","TRANSFORMATION_A","ав,ев","","","","","",""
"ND_NOUN_DAs","DAс","D","N","","ND_NOUN","","TRANSFORMATION_A, TRANSFORMATION_D","дас, дес, тас, тес","","","","Törtev, Birev, altav(altısı)","",""
"ND_NOUN_LIK","LIK","D","N","","ND_NOUN","","TRANSFORMATION_I, TRANSFORMATION_L, TRANSFORMATION_K","лық,лік,дық,дік,тық,тік","","","","uyalas(yuvadaş)attas (Adaş)","",""
"ND_NOUN_LI","LI","D","N","","ND_NOUN","","TRANSFORMATION_I, TRANSFORMATION_L, TRANSFORMATION_K","лы,лі,ды,ді,ты,ті","","","","","",""
"ND_NOUN_rAK","рAK","D","N","","ND_NOUN","","TRANSFORMATION_A, TRANSFORMATION_K","рақ, рек","","","","","",""
"ND_NOUN_sIz","сIз","D","N","","ND_NOUN","","TRANSFORMATION_I","сыз, сіз","","","","","",""
"ND_NOUN_şIK","шIK","D","N","","ND_NOUN","","TRANSFORMATION_I","шық, шік","","","","","",""
"ND_NOUN_şIl","шIл","D","N","","ND_NOUN","","TRANSFORMATION_I","шыл, шіл","","","","","",""
"ND_NOUN_şAK","шAK","D","N","","ND_NOUN","","TRANSFORMATION_A, TRANSFORMATION_K","шақ, шек","","","","sportşı(sporcu)","",""
"ND_NOUN_şAn","шAң","D","N","","ND_NOUN","","TRANSFORMATION_A","шаң, шең","","","","","",""
"ND_NOUN_şA","шA","D","N","","ND_NOUN","","TRANSFORMATION_A","ша, ше","","","","","",""
"ND_NOUN_şI","шI","D","N","","ND_NOUN","","TRANSFORMATION_I","шы, ші","","","","","",""
"ND_NOUN_DIMINUTIVE_tay","тай","D","N","","ND_NOUN","","","тай","","","","sportşı(sporcu)","",""
"ND_ADJ_LI","LI","D","N","","ND_ADJ","","TRANSFORMATION_I, TRANSFORMATION_L","лы,лі,ды,ді,ты,ті","","","","şeşetay (anacık), kişkentay(KÜÇÜCÜK)","",""
"ND_ADJ_qılt","ғылт","D","N","","ND_ADJ","","MUTATION_qg","қылт,ғылт","","","","arlı, güldi,paydalı","",""
"ND_ADV_qıltım","қылт","D","N","","ND_ADV","","MUTATION_qg","қылтым,ғылтым","","","","","",""
"ND_ADV_DAGAn","DAGAн","D","N","","ND_ADV","","TRANSFORMATION_A, TRANSFORMATION_D, TRANSFORMATION_G","даған, деген, таған, теген","","","","","",""
"ND_VERB_sIn","сIн","D","N","","ND_VERB","","TRANSFORMATION_I","сын, сін","","","","jüzdegen (yüzlerce), qırıqtağan(kırkan çok)","",""
"ND_VERB_sI","сI","D","N","","ND_VERB","","TRANSFORMATION_I","сы, сі","","","","","",""
"ND_VERB_rA","рA","D","N","","ND_VERB","","TRANSFORMATION_A","ра, ре","","","","","",""
"ND_VERB_GAr","GAр","D","N","","ND_VERB","","TRANSFORMATION_G, TRANSFORMATION_A","қар, кер, ғар, гер","","","","","",""
"ND_VERB_LAt","LAт","D","N","","ND_VERB","","TRANSFORMATION_L, TRANSFORMATION_A","лат, лет, дат, дет, тат, тет","","","","","",""
"ND_VERB_LAs","LAс","D","N","","ND_VERB","","TRANSFORMATION_L, TRANSFORMATION_A","лаc, леc, даc, дес, тас, тес","","","","","",""
"ND_VERB_LAn","LAн","D","N","","ND_VERB","","TRANSFORMATION_L, TRANSFORMATION_A","лан, лен, дан, ден, тан, тен","","","","","",""
"ND_VERB_LA","LA","D","N","","ND_VERB","","TRANSFORMATION_L, TRANSFORMATION_A","ла, ле, да, де, та, те","","","","","",""
"ND_VERB_IK","IK","D","N","","ND_VERB","","TRANSFORMATION_I, TRANSFORMATION_K","к,қ, ык, ік","","","","","",""
"ND_VERB_I","I","D","N","","ND_VERB","","TRANSFORMATION_I","ы, і","","","","","",""
"ND_VERB_DA","DA","D","N","","ND_VERB","","TRANSFORMATION_A, TRANSFORMATION_D","да, де, та, те","","","","","",""
"ND_VERB_Ay","Aй","D","N","","ND_VERB","","TRANSFORMATION_A","ай, ей","","","","","",""
"ND_VERB_Ar","Aр","D","N","","ND_VERB","","TRANSFORMATION_A, VOWEL_DROP","р, ар, ер ","","","","","",""
"ND_VERB_Al","Aл","D","N","","ND_VERB","","TRANSFORMATION_A, VOWEL_DROP","л, ал, ел","","","","","",""
"ND_VERB_A","A","D","N","","ND_VERB","","TRANSFORMATION_A","а, е","","","","","",""
"VD_NOUN_MA","MA","D","N","","VD_NOUN","","SPECIAL_M, TRANSFORMATION_A","ма, ме, ба, бе, па, пе","","","","","",""
"VD_NOUN_IM","Iм","D","N","","VD_NOUN","","TRANSFORMATION_I, VOWEL_DROP","м, ім, ым","","","","","",""
"VD_NOUN_Is","Iс","D","N","","VD_NOUN","","TRANSFORMATION_I, VOWEL_DROP","с, ыс, іс","","","","","",""
"VD_NOUN_GI","GI","D","N","","VD_NOUN","","TRANSFORMATION_G, TRANSFORMATION_I","ғы, гі, қы, кі","","","","","",""
"VD_NOUN_IK","IK","D","N","","VD_NOUN","","TRANSFORMATION_K, TRANSFORMATION_I, VOWEL_DROP","к, қ, ік, ық","","","","","",""
"VD_NOUN_AK","AK","D","N","","VD_NOUN","","TRANSFORMATION_A, TRANSFORMATION_K","ақ, ек","","","","","",""
"VD_NOUN_Indı","IндI","D","N","","VD_NOUN","","TRANSFORMATION_I","ынды, інді","","","","","",""
"VD_NOUN_GIş","Gıш","D","N","","VD_NOUN","","TRANSFORMATION_G, TRANSFORMATION_I","ғыш, гіш, қыш, кіш","","","","","",""
"VD_NOUN_Iş","Iш","D","N","","VD_NOUN","","VOWEL_DROP, TRANSFORMATION_I","ш, іш, ыш","","","","","",""
"VD_NOUN_In","Iн","D","N","","VD_NOUN","","VOWEL_DROP, TRANSFORMATION_I","н, ін, ын","","","","","",""
"VD_NOUN_MAK","MAK","D","N","","VD_NOUN","","SPECIAL_M,  TRANSFORMATION_A, TRANSFORMATION_K","мақ, мек, бақ, бек, пақ, пек","","","","","",""
"VD_NOUN_GIn","GIн","D","N","","VD_NOUN","","TRANSFORMATION_G, TRANSFORMATION_I","ғын, гін, қын, кін","","","","","",""
"VD_NOUN_mAl","мAл","D","N","","VD_NOUN","","TRANSFORMATION_A","мал, мел","","","","","",""
"VD_NOUN_şAK","шAK","D","N","","VD_NOUN","","TRANSFORMATION_A, TRANSFORMATION_K","шақ, шек","","","","","",""
"VD_NOUN_şAK","шAK","D","N","","VD_NOUN","","TRANSFORMATION_A, TRANSFORMATION_K","шақ, шек","","","","","",""
