<!-- <?xml version="1.0" encoding="utf-8"?> -->

<!DOCTYPE orthography SYSTEM "../orthography.dtd">

<orthography lang="Uz-UZ">

  <alphabet>
    <consonants>bdfghjklmnpqrstvzyхshchngg‘DSGĠQKX</consonants>
    <vowels>aeiuooäåUAHEI</vowels>
  </alphabet>

  <!-- <srrules> -->
    <!-- <srrule old="aa" new="bb"/>     -->
  <!-- </srrules> -->

  <!-- operandOne ve operandTwo string tipinde -->

  <rules>
  

    <!-- <rule id="DONUSUM_Q" phase="2"> -->
      <!-- <description>Önceki ekin bünyesinde kalın sıralı ses varsa Q => қ değilse Q => к,  -->
	  <!-- </description> -->
      <!-- <transformation morpheme="This" action="Replace" operandOne="Q" operandTwo="q" flag="all"> -->
        <!-- <conditions flag="Or"> -->
          <!-- <condition morpheme="Previous" operator="LastVowelEquals" operand="o" /> -->
        <!-- </conditions> -->
      <!-- </transformation> -->
      <!-- <transformation morpheme="This" action="Replace" operandOne="Q" operandTwo="k" flag="all" /> -->
	 <!-- </rule> -->
	 
    <rule id="DONUSUM_D" phase="2">
      <description>Önceki ek sert sessiz ile bitirosa D => t değilse D => d bu özbekçede sadece 
	  CAU_DHr ve CAUS_DAR eki için bir kelimede geçerlidir. kel+DHr=>keltir; aylan+DHr=>aylantir
	  chiqartir, keltir, abadiylaştir, ko‘peytir vb. ???
	  </description>
      <transformation morpheme="This" action="Replace" operandOne="D" operandTwo="t" flag="all">
        <conditions flag="Or">
          <condition morpheme="Previous" operator="LastLetterEquals" operand="rfstkqchshlnshy" />
        </conditions>
      </transformation>
      <transformation morpheme="This" action="Replace" operandOne="D" operandTwo="d" flag="all" />
    </rule>

	<rule id="ch_chch" phase="2">
	 <description>
      </description>
        <transformation morpheme="This" action="Replace" operandOne="ch" operandTwo="chch"/>
	</rule>
	
	
	<rule id="Q_k" phase="2">
	      <description>
        bünyesinde ince sıralı fonemler olan morfemlere gelen ekteki "Q=>k" dönüşümü 
		gerçeklenir.
      </description>
        <transformation morpheme="Next" action="Replace" operandOne="Q" operandTwo="k"/>
	</rule> 
	
	<rule id="DONUSUM_Q" phase="2">
      <description>
        bünyesinde kalın sıralı fonemler olan morfemlere gelen ekteki "Q=>q" dönüşümü 
		gerçeklenir.
      </description>
      <transformation morpheme="This" action="Replace" operandOne="Q" operandTwo="q" flag="last">
        <conditions flag="Or">
          <condition morpheme="Previous" operator="LastVowelEquals" operand="ou"/>
        </conditions>
      </transformation>
      <transformation morpheme="This" action="Replace" operandOne="Q" operandTwo="k" flag="last">
        <conditions flag="Or">
          <condition morpheme="Next" operator="FirstLetterEquals" operand="a"/>
          <condition morpheme="Previous" operator="HasFlags" operand="Q_k"/>		  
        </conditions>
      </transformation>	  
      <transformation morpheme="This" action="Replace" operandOne="Q" operandTwo="q" flag="all" />	  
    </rule>
	
    <rule id="G_k" phase="1">
        <description>Sonu sert ünsüzlerle biten ve bünyesinde kalın sesler bulunan morfemlere Giz eki gelince G->Q (Giz=>qiz) dönüşümü gerçekleşir
        </description>
        <transformation morpheme="Next" action="Replace" operandOne="G" operandTwo="k" flag="all">
            <conditions flag="Or">
		  <condition morpheme="Next" operator="MorphemeEquals" operand="IY_ZARF_GH"/>
		  <condition morpheme="Next" operator="MorphemeEquals" operand="SY_SIFAT_GHnä"/>
		  <condition morpheme="Next" operator="MorphemeEquals" operand="IY_ISIM_GHnä"/>
		  <condition morpheme="Next" operator="MorphemeEquals" operand="FY_ISIM_GH"/>
		  <condition morpheme="Next" operator="MorphemeEquals" operand="FY_ISIM_GHç"/>
		  <condition morpheme="Next" operator="MorphemeEquals" operand="FY_ISIM_GHn"/>
		  <condition morpheme="Next" operator="MorphemeEquals" operand="FY_SIFAT_GHr"/>
		  <condition morpheme="Next" operator="MorphemeEquals" operand="FY_ISIM_GHç"/>
          <condition morpheme="Next" operator="MorphemeEquals" operand="ETTIRGEN_GIz"/>		  
		  <condition morpheme="Next" operator="MorphemeEquals" operand="ETTIRGEN_Gaz"/>
		  <condition morpheme="Next" operator="MorphemeEquals" operand="ETTIRGEN_GEr"/>
		  <condition morpheme="Next" operator="MorphemeEquals" operand="IY_FIIL_GA" />
		  <condition morpheme="Next" operator="MorphemeEquals" operand="IY_FIIL_GAr"/>
		  <condition morpheme="Next" operator="MorphemeEquals" operand="IY_FIIL_ĠH"/>
		  <condition morpheme="Next" operator="MorphemeEquals" operand="FY_FIIL_GA"/>
		  <condition morpheme="Next" operator="MorphemeEquals" operand="FY_FIIL_Ġila"/>			  
		  <condition morpheme="Next" operator="MorphemeEquals" operand="FY_SIFAT_GAn"/>	  
		  <condition morpheme="Next" operator="MorphemeEquals" operand="FY_SIFAT_GUsi"/>
		  <condition morpheme="Next" operator="MorphemeEquals" operand="FIILIMSI_Gaç"/>
		  <condition morpheme="Next" operator="MorphemeEquals" operand="FIILIMSI_GUnçä"/>
		  <condition morpheme="Next" operator="MorphemeEquals" operand="FIILIMSI_GAni"/>
		  <condition morpheme="Next" operator="MorphemeEquals" operand="FIILIMSI_GAli"/>
            </conditions>
        </transformation>
    </rule>
	
    <rule id="G_q" phase="1">
        <description>Sonu sert ünsüzlerle biten ve bünyesinde kalın sesler bulunan morfemlere Giz eki gelince G->Q (Giz=>qiz) dönüşümü gerçekleşir
         </description>
         <transformation morpheme="Next" action="Replace" operandOne="G" operandTwo="q" flag="all">
             <conditions flag="Or">
		  <condition morpheme="Next" operator="MorphemeEquals" operand="IY_ZARF_GH"/>
		  <condition morpheme="Next" operator="MorphemeEquals" operand="SY_SIFAT_GHnä"/>
		  <condition morpheme="Next" operator="MorphemeEquals" operand="IY_ISIM_GHnä"/>
		  <condition morpheme="Next" operator="MorphemeEquals" operand="FY_ISIM_GH"/>
		  <condition morpheme="Next" operator="MorphemeEquals" operand="FY_ISIM_GHç"/>
		  <condition morpheme="Next" operator="MorphemeEquals" operand="FY_ISIM_GHn"/>
		  <condition morpheme="Next" operator="MorphemeEquals" operand="FY_SIFAT_GHr"/>
		  <condition morpheme="Next" operator="MorphemeEquals" operand="FY_ISIM_GHç"/>
          <condition morpheme="Next" operator="MorphemeEquals" operand="ETTIRGEN_GIz"/>		  
		  <condition morpheme="Next" operator="MorphemeEquals" operand="ETTIRGEN_Gaz"/>
		  <condition morpheme="Next" operator="MorphemeEquals" operand="ETTIRGEN_GEr"/>
		  <condition morpheme="Next" operator="MorphemeEquals" operand="IY_FIIL_GA" />
		  <condition morpheme="Next" operator="MorphemeEquals" operand="IY_FIIL_GAr"/>
		  <condition morpheme="Next" operator="MorphemeEquals" operand="IY_FIIL_ĠH"/>
		  <condition morpheme="Next" operator="MorphemeEquals" operand="FY_FIIL_GA"/>
		  <condition morpheme="Next" operator="MorphemeEquals" operand="FY_FIIL_Ġila"/>			  
		  <condition morpheme="Next" operator="MorphemeEquals" operand="FY_SIFAT_GAn"/>	  
		  <condition morpheme="Next" operator="MorphemeEquals" operand="FY_SIFAT_GUsi"/>
		  <condition morpheme="Next" operator="MorphemeEquals" operand="FIILIMSI_Gaç"/>
		  <condition morpheme="Next" operator="MorphemeEquals" operand="FIILIMSI_GUnçä"/>
		  <condition morpheme="Next" operator="MorphemeEquals" operand="FIILIMSI_GAni"/>
		  <condition morpheme="Next" operator="MorphemeEquals" operand="FIILIMSI_GAli"/>  
             </conditions>
         </transformation>	
		</rule>
    <rule id="G_g‘" phase="1">
        <description>Sonu sert ünsüzlerle biten ve bünyesinde kalın sesler bulunan morfemlere Giz eki gelince G->Q (Giz=>qiz) dönüşümü gerçekleşir
        </description>
        <transformation morpheme="Next" action="Replace" operandOne="G" operandTwo="g‘" flag="all">
            <conditions flag="Or">

		  <condition morpheme="Next" operator="MorphemeEquals" operand="IY_ZARF_GH"/>
		  <condition morpheme="Next" operator="MorphemeEquals" operand="SY_SIFAT_GHnä"/>
		  <condition morpheme="Next" operator="MorphemeEquals" operand="IY_ISIM_GHnä"/>
		  <condition morpheme="Next" operator="MorphemeEquals" operand="FY_ISIM_GH"/>
		  <condition morpheme="Next" operator="MorphemeEquals" operand="FY_ISIM_GHç"/>
		  <condition morpheme="Next" operator="MorphemeEquals" operand="FY_ISIM_GHn"/>
		  <condition morpheme="Next" operator="MorphemeEquals" operand="FY_SIFAT_GHr"/>
		  <condition morpheme="Next" operator="MorphemeEquals" operand="FY_ISIM_GHç"/>
          <condition morpheme="Next" operator="MorphemeEquals" operand="ETTIRGEN_GIz"/>		  
		  <condition morpheme="Next" operator="MorphemeEquals" operand="ETTIRGEN_Gaz"/>
		  <condition morpheme="Next" operator="MorphemeEquals" operand="ETTIRGEN_GEr"/>
		  <condition morpheme="Next" operator="MorphemeEquals" operand="IY_FIIL_GA" />
		  <condition morpheme="Next" operator="MorphemeEquals" operand="IY_FIIL_GAr"/>
		  <condition morpheme="Next" operator="MorphemeEquals" operand="IY_FIIL_ĠH"/>
		  <condition morpheme="Next" operator="MorphemeEquals" operand="FY_FIIL_GA"/>
		  <condition morpheme="Next" operator="MorphemeEquals" operand="FY_FIIL_Ġila"/>			  
		  <condition morpheme="Next" operator="MorphemeEquals" operand="FY_SIFAT_GAn"/>	  
		  <condition morpheme="Next" operator="MorphemeEquals" operand="FY_SIFAT_GUsi"/>
		  <condition morpheme="Next" operator="MorphemeEquals" operand="FIILIMSI_Gaç"/>
		  <condition morpheme="Next" operator="MorphemeEquals" operand="FIILIMSI_GUnçä"/>
		  <condition morpheme="Next" operator="MorphemeEquals" operand="FIILIMSI_GAni"/>
		  <condition morpheme="Next" operator="MorphemeEquals" operand="FIILIMSI_GAli"/>		  
		  
           </conditions>
        </transformation>     
    </rule>
	
	<!-- <rule id="U_i" phase="2"> -->
      <!-- <description> önceki morfemin bünyesinde kalın sıralı sesler varsa istisnaları dışında  -->
	  <!-- hep ek başındaki Q=>q olayı gerçeklenecktir; diğer durumlarda Q=>k.</description> -->
      <!-- <transformation morpheme="Previous" action="Replace" operandOne="g‘Ich" operandTwo="g‘ich"/> -->
	<!-- </rule> -->
	 <rule id="r_t" phase="2">
      <description>Ekin son ünlüsünü düşürür.</description>
      <transformation morpheme="This" action="Replace" operandOne="r" operandTwo="t" flag="all">
        <conditions flag="Or">
           <condition morpheme="Next" operator="MorphemeEquals" operand="IY_SIFAT_tä"/>		
        </conditions>
      </transformation>
     </rule>	

	 <rule id="yr_k" phase="1">
      <description>Ekin son ünlüsünü düşürür.</description>
      <transformation morpheme="Next" action="Replace" operandOne="G" operandTwo="k" flag="all">
        <conditions flag="Or">
           <condition morpheme="Next" operator="MorphemeEquals" operand="FY_FIIL_GA"/>		
        </conditions>
      </transformation>
     </rule>
	<rule id="i_" phase="1">
      <description>Ekin ilk ünsüzünü düşür</description>
      <transformation morpheme="This" action="Replace" operandOne="Gi" operandTwo="i" flag="all">
        <conditions flag="Or">
           <condition morpheme="Previous" operator="MorphemeEquals" operand="IY_FIIL_lä"/>		
        </conditions>
      </transformation>
	</rule>	 
	 
	<rule id="G_" phase="2">
      <description>Ekin ilk ünsüzünü düşür</description>
      <transformation morpheme="Next" action="Replace" operandOne="G" operandTwo="" flag="all">
        <conditions flag="Or">
           <condition morpheme="Next" operator="MorphemeEquals" operand="FY_ISIM_ĠHnDH"/>		
        </conditions>
      </transformation>
	</rule>
	
	<rule id="GHr" phase="2">
      <description> </description>
      <transformation morpheme="Next" action="Replace" operandOne="I" operandTwo="u"/>
	</rule>	 
	<rule id="GH" phase="2">
      <description> önceki morfemin bünyesinde kalın sıralı sesler varsa istisnaları dışında 
	  hep ek başındaki Q=>q olayı gerçeklenecktir; diğer durumlarda Q=>k.</description>
      <transformation morpheme="Next" action="Replace" operandOne="I" operandTwo="i"/>
	</rule>
	
	<rule id="daKa" phase="2">
      <description> önceki morfemin bünyesinde kalın sıralı sesler varsa istisnaları dışında 
	  hep ek başındaki Q=>q olayı gerçeklenecktir; diğer durumlarda Q=>k.</description>
      <transformation morpheme="Next" action="Replace" operandOne="Q" operandTwo="k"/>
	</rule>	
	<rule id="n_m" phase="2">
      <description> önceki morfemin bünyesinde kalın sıralı sesler varsa istisnaları dışında 
	  hep ek başındaki Q=>q olayı gerçeklenecktir; diğer durumlarda Q=>k.</description>
      <transformation morpheme="This" action="Replace" operandOne="n" operandTwo="m"/>
	</rule>	
	<rule id="daQa" phase="2">
      <description> önceki morfemin bünyesinde kalın sıralı sesler varsa istisnaları dışında 
	  hep ek başındaki Q=>q olayı gerçeklenecktir; diğer durumlarda Q=>k.</description>
      <transformation morpheme="Next" action="Replace" operandOne="Q" operandTwo="q"/>
	</rule>
	
	<rule id="dek" phase="1">
      <description> önceki morfemin bünyesinde kalın sıralı sesler varsa istisnaları dışında 
	  hep ek başındaki Q=>q olayı gerçeklenecktir; diğer durumlarda Q=>k.</description>
      <transformation morpheme="Next" action="Replace" operandOne="AG" operandTwo="ek"/>
	</rule>		
	<rule id="dog‘" phase="2">
      <description> önceki morfemin bünyesinde kalın sıralı sesler varsa istisnaları dışında 
	  hep ek başındaki Q=>q olayı gerçeklenecktir; diğer durumlarda Q=>k.</description>
      <transformation morpheme="Next" action="Replace" operandOne="dAG" operandTwo="dog‘"/>
	</rule>		

		<rule id="qoq" phase="2">
      <description> önceki morfemin bünyesinde kalın sıralı sesler varsa istisnaları dışında 
	  hep ek başındaki Q=>q olayı gerçeklenecktir; diğer durumlarda Q=>k.</description>
      <transformation morpheme="Next" action="Replace" operandOne="QAQ" operandTwo="qoq"/>
	</rule>		
		
	<rule id="choq" phase="2">
      <description> önceki morfemin bünyesinde kalın sıralı sesler varsa istisnaları dışında 
	  hep "choq"tur; diğer durumlarda chak.</description>
      <transformation morpheme="Next" action="Replace" operandOne="chAQ" operandTwo="choq"/>
	</rule>
	
	<rule id="chak" phase="2">
      <description> önceki morfemin bünyesinde kalın sıralı sesler varsa istisnaları dışında 
	  hep "choq"tur; diğer durumlarda chak.</description>
      <transformation morpheme="Next" action="Replace" operandOne="chAQ" operandTwo="chak"/>
	</rule>

    <!-- <rule id="choq" phase="1"> -->
      <!-- <description> -->
       
      <!-- </description> -->
      <!-- <transformation morpheme="Next" action="Replace" operandOne="A" operandTwo="o" flag="all"> -->
        <!-- <conditions flag="Or"> -->
          <!-- <condition morpheme="Next" operator="MorphemeEquals" operand="FY_SIFAT_çAQ"/> -->
		  <!-- <condition morpheme="Next" operator="MorphemeEquals" operand="IY_ISIM_AQ"/> -->
		          <!-- </conditions> -->
      <!-- </transformation> -->
    <!-- </rule> -->
    <rule id="INCE_SES_KURALI" phase="4">
        <description>bo‘lg‘usi - bo‘lgusi,turg‘un- turgun değişimleri Özbekçe‘de aynı türden olan ve birebir aynı yazılan kelimelerdeki istisna durumlarında g karakterinin sonradan g‘ olmasını sağlamaktadır.</description>
        <transformation morpheme="This" action="Replace" operandOne="ü" operandTwo="u" flag="all" />
    </rule>
	
    <rule id="OZEL_INCELME_U" phase="5">
      <description> ampul-e özel durumu için yerleştirilen ú karakteri sonradan o olur. </description>
      <transformation morpheme="This" action="Replace" operandOne="ú" operandTwo="u" flag="all" />
    </rule>

    <rule id="INCELME_I" phase="2">
      <description> ampul-e özel durumu için yerleştirilen i karakteri sonradan i olur. </description>
      <transformation morpheme="This" action="Replace" operandOne="ú" operandTwo="u" flag="all" />
    </rule>
    <rule id="At_ot" phase="2">
      <description>
       
      </description>
      <transformation morpheme="Next" action="Replace" operandOne="At" operandTwo="ot" flag="all">
        <conditions flag="Or">
          <condition morpheme="Next" operator="MorphemeEquals" operand="IY_FIIL_At"/>	  
        </conditions>
      </transformation>	
    </rule>	
	<rule id="SERTLESME_g‘q" phase="3">
      <description>      
      </description>
      <transformation morpheme="This" action="Replace" operandOne="g‘" operandTwo="q" flag="all">
        <conditions flag="Or">
          <condition morpheme="Next" operator="MorphemeEquals" operand="IY_FIIL_At"/>	  
        </conditions>
      </transformation>	
    </rule>	
	
	<rule id="GENISLEME_uo" phase="1">
      <description>Ekin son ünlüsünü düşürür.</description>
      <transformation morpheme="This" action="DeleteLastVowel">
        <conditions flag="Or">
           <condition morpheme="Next" operator="MorphemeEquals" operand="IY_FIIL_At"/>		
        </conditions>
      </transformation>
	</rule>
	
	 
	<rule id="o_a" phase="1">
      <description> </description>
      <transformation morpheme="Next" action="Replace" operandOne="A" operandTwo="a"/>
	</rule>	 
	 
	 <rule id="SILME_SON" phase="3">
      <description>Ekin son ünlüsünü düşürür.</description>
      <transformation morpheme="This" action="DeleteLastLetter">
        <conditions flag="Or">
           <condition morpheme="Next" operator="MorphemeEquals" operand="IY_FIIL_GAr"/>			   
        </conditions>
      </transformation>
     </rule>	
	 <rule id="SILME_SONSES" phase="3">
      <description>Ekin son ünlüsünü düşürür.</description>
      <transformation morpheme="Previous" action="DeleteLastLetter">
        <conditions flag="Or">
           <condition morpheme="Next" operator="MorphemeEquals" operand="IY_FIIL_At"/>		   
        </conditions>
      </transformation>
     </rule>
	 
    <rule id="AQ_ik" phase="2">
      <description>
       
      </description>
      <transformation morpheme="Next" action="Replace" operandOne="AQ" operandTwo="ik" flag="all">
        <conditions flag="Or">
          <condition morpheme="Next" operator="MorphemeEquals" operand="FY_ISIM_AQ"/>
          <condition morpheme="Next" operator="MorphemeEquals" operand="FY_FIIL_UQ"/>		  
		  
        </conditions>
      </transformation>
    </rule>
	
    <rule id="AQ_iq" phase="2">
      <description>
       
      </description>
      <transformation morpheme="Next" action="Replace" operandOne="AQ" operandTwo="iq" flag="all">
        <conditions flag="Or">
          <condition morpheme="Next" operator="MorphemeEquals" operand="FY_ISIM_AQ"/>
        </conditions>
      </transformation>
    </rule>

	
    <rule id="AQ_ak" phase="2">
      <description>
       
      </description>
      <transformation morpheme="Next" action="Replace" operandOne="AQ" operandTwo="ak" flag="all">
        <conditions flag="Or">
          <condition morpheme="Next" operator="MorphemeEquals" operand="FY_ISIM_IQ"/>
		  <condition morpheme="Next" operator="MorphemeEquals" operand="IY_ISIM_AQ"/>
          <condition morpheme="Next" operator="MorphemeEquals" operand="FY_ISIM_AQ"/> 		  
        </conditions>
      </transformation>	
    </rule>	
	
    <rule id="AQ_oq" phase="2">
      <description>
       
      </description>
      <transformation morpheme="Next" action="Replace" operandOne="AQ" operandTwo="oq" flag="all">
        <conditions flag="Or">
          <condition morpheme="Next" operator="MorphemeEquals" operand="FY_SIFAT_AQ"/>
		  <condition morpheme="Next" operator="MorphemeEquals" operand="IY_ISIM_AQ"/>
          <condition morpheme="Next" operator="MorphemeEquals" operand="FY_ISIM_AQ"/> 		  
        </conditions>
      </transformation>	
    </rule>

    <rule id="IQ_iq" phase="2">
      <description>
       
      </description>
      <transformation morpheme="Next" action="Replace" operandOne="IQ" operandTwo="iq" flag="all">
        <conditions flag="Or">
          <condition morpheme="Next" operator="MorphemeEquals" operand="FY_ISIM_IQ"/>
          <condition morpheme="Next" operator="MorphemeEquals" operand="FY_FIIL_IQ"/>			  
        </conditions>
      </transformation>	
    </rule>
	
    <rule id="IQ_uk" phase="2">
      <description>
       
      </description>
      <transformation morpheme="Next" action="Replace" operandOne="IQ" operandTwo="uk" flag="all">
        <conditions flag="Or">
          <condition morpheme="Next" operator="MorphemeEquals" operand="FY_ISIM_IQ"/>	  
        </conditions>
      </transformation>	
    </rule>	
	
    <rule id="IQ_ik" phase="2">
      <description>
       
      </description>
      <transformation morpheme="Next" action="Replace" operandOne="IQ" operandTwo="ik" flag="all">
        <conditions flag="Or">
          <condition morpheme="Next" operator="MorphemeEquals" operand="FY_FIIL_IQ"/>	  
        </conditions>
      </transformation>	
    </rule>
	
    <rule id="UQ_aq" phase="1">
      <description>
       
      </description>
      <transformation morpheme="Next" action="Replace" operandOne="UQ" operandTwo="aq" flag="all">
        <conditions flag="Or">
           <condition morpheme="Next" operator="MorphemeEquals" operand="FY_FIIL_UQ"/>			  
        </conditions>
      </transformation>	
    </rule>	
    <rule id="UQ_oq" phase="1">
      <description>
       
      </description>
      <transformation morpheme="Next" action="Replace" operandOne="UQ" operandTwo="oq" flag="all">
        <conditions flag="Or">
           <condition morpheme="Next" operator="MorphemeEquals" operand="FY_FIIL_UQ"/>			  
        </conditions>
      </transformation>	
    </rule>
	
	<rule id="YUVARLAKLASMA_ao" phase="3">
      <description> Sonraki ek l ile başlıyorsa sondaki a => o‘ye teklesir</description>
      <transformation morpheme="This" action="Replace" operandOne="a" operandTwo="o" flag="last">
        <conditions flag="Or">
          <condition morpheme="Next" operator="MorphemeEquals" operand="FY_ISIM_Hv" />
          <condition morpheme="Next" operator="MorphemeEquals" operand="ISIM_FIIL_Hv" />
		  <condition morpheme="Next" operator="MorphemeEquals" operand="IY_ISIM_AQ" />
		  <condition morpheme="Next" operator="MorphemeEquals" operand="FY_ISIM_AQ" />
          <condition morpheme="Next" operator="MorphemeEquals" operand="FY_SIFAT_AQ"/>
          <condition morpheme="Next" operator="MorphemeEquals" operand="FY_FIIL_UQ"/>		  

        </conditions>
      </transformation>
    </rule>	
	<rule id="YUVARLAKLASMA_iu" phase="2">
      <description> Sonraki ek l ile başlıyorsa sondaki a => o‘ye teklesir</description>
      <transformation morpheme="This" action="Replace" operandOne="i" operandTwo="u" flag="last">
        <conditions flag="Or">
          <condition morpheme="Next" operator="MorphemeEquals" operand="FY_ISIM_Hv" />
          <condition morpheme="Next" operator="MorphemeEquals" operand="ISIM_FIIL_Hv" />
		  <condition morpheme="Next" operator="MorphemeEquals" operand="FY_ISIM_IQ" />	  
          <condition morpheme="Next" operator="MorphemeEquals" operand="FY_FIIL_UQ"/>
          <condition morpheme="Next" operator="MorphemeEquals" operand="FY_SIFAT_HQ"/>
          <condition morpheme="Previous" operator="HasFlags" operand=""/>			  
        </conditions>
      </transformation>
    </rule>	
	
<!-- <!!!SORUNSUZ ÇALIŞAN KURALLAR> -->
	<rule id="DONUSUM_Ġ" phase="2">
      <description>Önceki ek q,g‘ ile bitiyorsa G => k değilse g </description>
      <transformation morpheme="This" action="Replace" operandOne="Ġ" operandTwo="q" flag="all">
        <conditions flag="Or">
          <condition morpheme="Previous" operator="LastLetterEquals" operand="lchkpsq‘"/>
		  <condition morpheme="Previous" operator="HasFlags" operand="Ġ_q"/>
        </conditions>	
      </transformation>
      <transformation morpheme="This" action="Replace" operandOne="Ġ" operandTwo="g‘" flag="all">
        <conditions flag="Or">
          <condition morpheme="Previous" operator="LastLetterEquals" operand="z" />
        </conditions>
      </transformation>	  
      <transformation morpheme="This" action="Replace" operandOne="Ġ" operandTwo="k" flag="all">
        <conditions flag="Or">
          <condition morpheme="Previous" operator="LastLetterEquals" operand="k" />
		  <condition morpheme="Previous" operator="HasFlags" operand="Ġ_k" />
        </conditions>
      </transformation>      
	 <transformation morpheme="This" action="Replace" operandOne="Ġ" operandTwo="g" flag="all"/>
    </rule>


<!-- DONUSUM_G <DOĞRUSU  -->
	<rule id="DONUSUM_G" phase="2">
      <description>Önceki ek q,g‘ ile bitiyorsa G => k değilse g </description>
      <transformation morpheme="This" action="Replace" operandOne="G" operandTwo="q" flag="all">
        <conditions flag="Or">
          <condition morpheme="Previous" operator="LastLetterEquals" operand="q‘" />
        </conditions>	
      </transformation>
      <transformation morpheme="This" action="Replace" operandOne="G" operandTwo="g" flag="all">
        <conditions flag="Or">
          <condition morpheme="Previous" operator="LastLetterEquals" operand="g" />
        </conditions>
      </transformation>	  
      <transformation morpheme="This" action="Replace" operandOne="G" operandTwo="k" flag="all">
        <conditions flag="Or">
          <condition morpheme="Previous" operator="LastLetterEquals" operand="k" />
        </conditions>
      </transformation>      
	 <transformation morpheme="This" action="Replace" operandOne="G" operandTwo="g" flag="all"/>
    </rule>

	<!-- <İKİZLEŞMENİN DOĞRU OLANI -->
     <rule id="IKIZLESME_kk" phase="1">
      <description>Önceki ekin son sesi g ise önceki ekin sonundaki g => k sonra gelen ekin 
	  başındaki  G => g olarak ikizleşme meydana gelir.  
	  </description>
      <transformation morpheme="This" action="Replace" operandOne="g" operandTwo="k" flag="all">
        <conditions flag="Or">
          <condition morpheme="Next" operator="MorphemeEquals" operand="IC_HAL_YONELME_Ga"/>
		  <condition morpheme="Next" operator="MorphemeEquals" operand="FC_ZAMAN_GECMIS_GAn"/>
		  <condition morpheme="Next" operator="MorphemeEquals" operand="SY_SIFAT_GHnä"/>		  
		  <condition morpheme="Next" operator="MorphemeEquals" operand="IY_ISIM_GHnä"/>
		  <condition morpheme="Next" operator="MorphemeEquals" operand="FC_FIIL_KIP_ISTEK_GAy"/>
		  <condition morpheme="Next" operator="MorphemeEquals" operand="FC_FIIL_KIP_ISTEK_GI_si_bar"/>	
		  <condition morpheme="Next" operator="MorphemeEquals" operand="FC_FIIL_KIP_ISTEK_GI_si_yoq"/>
		  <condition morpheme="Next" operator="MorphemeEquals" operand="FC_FIIL_KIP_ISTEK_GI_si_kel"/>
		  <condition morpheme="Next" operator="MorphemeEquals" operand="EMIR_SEN_GHn"/>
		  <condition morpheme="Next" operator="MorphemeEquals" operand="FY_SIFAT_GUsi"/>
		  <condition morpheme="Next" operator="MorphemeEquals" operand="FY_FIIL_Ġila"/>
		  <condition morpheme="Next" operator="MorphemeEquals" operand="FIILIMSI_Gaç"/>
		  <condition morpheme="Next" operator="MorphemeEquals" operand="FIILIMSI_GUnçä"/>
		  <condition morpheme="Next" operator="MorphemeEquals" operand="FIILIMSI_GAni"/>	
		  <condition morpheme="Next" operator="MorphemeEquals" operand="FIILIMSI_GAli"/>		  
		  <condition morpheme="Next" operator="MorphemeEquals" operand="ETTIRGEN_GIz"/>
		  <condition morpheme="Next" operator="MorphemeEquals" operand="FY_SIFAT_GAn"/>	
		  <condition morpheme="Next" operator="MorphemeEquals" operand=""/>	
		  <condition morpheme="Next" operator="MorphemeEquals" operand=""/>		  	  
		</conditions>
      </transformation>
      <transformation morpheme="This" action="Replace" operandOne="g" operandTwo="g" flag="all" />
    </rule>

	<rule id="IKIZLESME_qq" phase="3">
      <description>Önceki ek g‘ ile bitiyorsa sonraki ek G ile başlıyorsa 
	  g‘=>q olur değilse g </description>
      <transformation morpheme="This" action="Replace" operandOne="g‘" operandTwo="q" flag="all">
        <conditions flag="Or">
          <condition morpheme="Next" operator="MorphemeEquals" operand="IC_HAL_YONELME_Ga"/>
		  <condition morpheme="Next" operator="MorphemeEquals" operand="FC_ZAMAN_GECMIS_GAn"/>
		  <condition morpheme="Next" operator="MorphemeEquals" operand="SY_SIFAT_GHnä"/>
		  <condition morpheme="Next" operator="MorphemeEquals" operand="IY_ISIM_GHnä"/>
		  <condition morpheme="Next" operator="MorphemeEquals" operand="FC_FIIL_KIP_ISTEK_GAy"/>
		  <condition morpheme="Next" operator="MorphemeEquals" operand="FC_FIIL_KIP_ISTEK_GI_si_bar"/>	
		  <condition morpheme="Next" operator="MorphemeEquals" operand="FC_FIIL_KIP_ISTEK_GI_si_yoq"/>
		  <condition morpheme="Next" operator="MorphemeEquals" operand="FC_FIIL_KIP_ISTEK_GI_si_kel"/>
		  <condition morpheme="Next" operator="MorphemeEquals" operand="EMIR_SEN_GHn"/>		  
		  <condition morpheme="Next" operator="MorphemeEquals" operand="FY_SIFAT_GUsi"/>		 
		  <condition morpheme="Next" operator="MorphemeEquals" operand="FY_FIIL_Ġila"/>
		  <condition morpheme="Next" operator="MorphemeEquals" operand="FIILIMSI_Gaç"/>
		  <condition morpheme="Next" operator="MorphemeEquals" operand="FIILIMSI_GUnçä"/>
		  <condition morpheme="Next" operator="MorphemeEquals" operand="FIILIMSI_GAni"/>	
		  <condition morpheme="Next" operator="MorphemeEquals" operand="FIILIMSI_GAli"/>
		  <condition morpheme="Next" operator="MorphemeEquals" operand="ETTIRGEN_GIz"/>
		  <condition morpheme="Next" operator="MorphemeEquals" operand="FY_SIFAT_GAn"/>	
		  <condition morpheme="Next" operator="MorphemeEquals" operand=""/>	
		  <condition morpheme="Next" operator="MorphemeEquals" operand=""/>		  
		</conditions>
      </transformation>     
    </rule>

    <rule id="YUMUSAMA_qg‘" phase="3">
      <description>	Sonraki ek ünlü ile başlıyorsa sondaki q => g‘ye yumuşar 	</description>
      <transformation morpheme="This" action="Replace" operandOne="q" operandTwo="g‘" flag="last">
        <conditions flag="Or">
          <condition morpheme="Next" operator="StartsWithVowel" />
        </conditions>
      </transformation>
    </rule>
	<rule id="YM_SRT_g‘q" phase="3">
      <description> YUMUSAMA_qg‘ istisnası </description>
      <transformation morpheme="This" action="Replace" operandOne="g‘" operandTwo="q" flag="last">
        <conditions flag="Or">
		  <condition morpheme="Next" operator="MorphemeEquals" operand="IY_ISIM_ä"/>	
        </conditions> 
      </transformation>	  	
	</rule>	
	<rule id="YM_SRT_gk" phase="3">
      <description> YUMUSAMA_kg istisnası </description>
      <transformation morpheme="This" action="Replace" operandOne="g" operandTwo="k" flag="last">
        <conditions flag="Or">
		  <condition morpheme="Next" operator="MorphemeEquals" operand="IY_ISIM_ä"/>	
        </conditions> 
      </transformation>	  	
	</rule>
	
	<rule id="YUMUSAMA_kg" phase="3">
      <description> Sonraki ek ünlü ile başlıyorsa sondaki k => g‘ye yumuşar. çelenk => çelengi </description>
      <transformation morpheme="This" action="Replace" operandOne="k" operandTwo="g" flag="last">
        <conditions flag="Or">
          <condition morpheme="Next" operator="StartsWithVowel"/>
        </conditions> 
      </transformation>	  
    </rule>
<!-- AŞAĞIDAKİ KURALLAR <KESIN DEĞİŞMEZ KURALLAR BUNLARIN DOKUNULMAZLIĞI VAR-->

<!-- <SES TÜREMELERİ	 -->
	<rule id="TUREME_Y" phase="1">
      <description>Bazı ek ve kelimelerden sonra araya y sesinin girer: parvoyi</description>
      <transformation morpheme="This" action="Append" operandOne="y">
        <conditions flag="Or">
          <condition morpheme="Next" operator="MorphemeEquals" operand="IC_IYELIK_BEN_Hm" />
          <condition morpheme="Next" operator="MorphemeEquals" operand="IC_IYELIK_SEN_Hng" />
          <condition morpheme="Next" operator="MorphemeEquals" operand="IC_IYELIK_O_(s)H" />
          <condition morpheme="Next" operator="MorphemeEquals" operand="IC_IYELIK_BIZ_Hmiz" />
          <condition morpheme="Next" operator="MorphemeEquals" operand="IC_IYELIK_SIZ_Hngiz" />
          <condition morpheme="Next" operator="MorphemeEquals" operand="IC_IYELIK_SIZ_Hnglär" />		  
          <condition morpheme="Next" operator="MorphemeEquals" operand="IC_IYELIK_SIZ_läring" />			  
          <condition morpheme="Next" operator="MorphemeEquals" operand="IC_IYELIK_ONLAR_läri" />		  
        </conditions>
      </transformation>
    </rule>
	<rule id="TUREME_q" phase="2">
      <description>Bazı ek ve kelimelerden sonra araya y sesinin girer: parvoyi</description>
      <transformation morpheme="This" action="Append" operandOne="q">
        <conditions flag="Or">
          <condition morpheme="Next" operator="MorphemeEquals" operand="IC_IYELIK_BEN_Hm" />
          <condition morpheme="Next" operator="MorphemeEquals" operand="IC_IYELIK_SEN_Hng" />
          <condition morpheme="Next" operator="MorphemeEquals" operand="IC_IYELIK_O_(s)H" />
          <condition morpheme="Next" operator="MorphemeEquals" operand="IC_IYELIK_BIZ_Hmiz" />
          <condition morpheme="Next" operator="MorphemeEquals" operand="IC_IYELIK_SIZ_Hngiz" />
          <condition morpheme="Next" operator="MorphemeEquals" operand="IC_IYELIK_SIZ_Hnglär" />		  
          <condition morpheme="Next" operator="MorphemeEquals" operand="IC_IYELIK_SIZ_läring" />			  
          <condition morpheme="Next" operator="MorphemeEquals" operand="IC_IYELIK_ONLAR_läri" />		  
        </conditions>
      </transformation>
    </rule>	
    <rule id="TUREME_N" phase="1">
      <description>
        Bazı ek ve kelimelerden sonra araya n sesinin girmesi. u+n+ga => unga
        bu+n+ga => bunga, shu+n+da=>shunda vb.  
      </description>
      <transformation morpheme="This" action="Append" operandOne="n">
        <conditions flag="Or">
          <condition morpheme="Next" operator="MorphemeEquals" operand="IC_HAL_YONELME_Ga" />
          <condition morpheme="Next" operator="MorphemeEquals" operand="IC_HAL_BULUNMA_dä" />
          <condition morpheme="Next" operator="MorphemeEquals" operand="IC_HAL_AYRILMA_dän" />	
		  <condition morpheme="Next" operator="MorphemeEquals" operand="SY_ZARF_çäsigä"/>
		  <condition morpheme="Next" operator="MorphemeEquals" operand="SY_ZARF_çäsigä"/>
		  <condition morpheme="Next" operator="MorphemeEquals" operand="ZY_ZARF_day"/>
		  <condition morpheme="Next" operator="MorphemeEquals" operand="ZY_ZARF"/>
		  <condition morpheme="Next" operator="MorphemeEquals" operand="IY_ZARF"/>
		  <condition morpheme="Next" operator="MorphemeEquals" operand="ZY_ZARF_dAG"/>
		  <condition morpheme="Next" operator="MorphemeEquals" operand="ZY_ZARF_dAQA"/>
		  <condition morpheme="Next" operator="MorphemeEquals" operand="SY_ZARF_Gäçä"/>		  
        </conditions>
      </transformation>
    </rule>
	
    <rule id="TUREME_ni" phase="1">
      <description>
        Bazı ek ve kelimelerden sonra araya ni sesgrubunun girmesi.
      </description>
      <transformation morpheme="This" action="Append" operandOne="ni">
        <conditions flag="Or">
		          <condition morpheme="Next" operator="MorphemeEquals" operand="IC_IYELIK_BEN_Hm" />
          <condition morpheme="Next" operator="MorphemeEquals" operand="IC_IYELIK_O_(s)H" />
          <condition morpheme="Next" operator="MorphemeEquals" operand="IC_IYELIK_BIZ_Hmiz" />
          <condition morpheme="Next" operator="MorphemeEquals" operand="IC_IYELIK_SIZ_Hngiz" />
        </conditions>
      </transformation>
    </rule>	

	<!-- <SES TEKLEŞMELERİ -->

	<rule id="TEKLESME_s" phase="3">
      <description>
        Sonu çift "ss" ile biten morfemlere "i" ile başlayan morfemler gelince önceki morfemdeki çift "ss"=>"s" olarak 
		tekleşir.</description>
      <transformation morpheme="This" action="Replace" operandOne="ss" operandTwo="s" flag="last">
        <conditions flag="Or">
          <condition morpheme="Next" operator="FirstLetterEquals" operand="s" />
        </conditions>
      </transformation>
    </rule>

    <!-- <rule id="TEKLESME_N" phase="1"> -->
      <!-- <description> -->
        <!-- ilgi hali, ing şeklini alır. mening, sening -->
      <!-- </description> -->
      <!-- <transformation morpheme="Next" action="Replace" operandOne="nn" operandTwo="n" flag="first"> -->
        <!-- <conditions flag="Or"> -->
          <!-- <condition morpheme="Next" operator="MorphemeEquals" operand="IC_HAL_ILGI_ning"/> -->
          <!-- <condition morpheme="Next" operator="MorphemeEquals" operand="IC_AITLIK_niki"/>		   -->
		  
        <!-- </conditions> -->
      <!-- </transformation> -->
    <!-- </rule> -->

	<rule id="TEKLESME_N" phase="3">
      <description>
        Sonu çift "n" ile biten morfemlere "n" ile başlayan morfemler gelince önceki morfemdeki "n"=>"0" 
		olur.
      </description>
      <transformation morpheme="This" action="Replace" operandOne="n" operandTwo="" flag="last">
        <conditions flag="Or">
          <condition morpheme="Next" operator="FirstLetterEquals" operand="n" />
        </conditions>
      </transformation>
    </rule>

	
<!-- <AHMET ERALP‘İN YAZDIĞI TEKLESME_L KURALI	 -->
	<rule id="TEKLESME_L" phase="3">
      <description>
        Sonu çift "ll" ile biten morfemlere "l" ile başlayan morfemler gelince önceki morfemdeki çift "ll"=>"l" olarak tekleşir.
      </description>
      <transformation morpheme="This" action="Replace" operandOne="ll" operandTwo="l" flag="last">
        <conditions flag="Or">
          <condition morpheme="Next" operator="FirstLetterEquals" operand="l" />
        </conditions>
      </transformation>
    </rule>
	
    <rule id="DUSME_UNLU" phase="2">
      <description>Önce gelen ek ünlü ile bitiyorsa bu ekin başındaki ünlüyü düşür</description>
      <transformation morpheme="This" action="DeleteFirstLetter">
        <conditions flag="Or">
          <condition morpheme="Previous" operator="EndsWithVowel" />
        </conditions>
      </transformation>
    </rule>


    <rule id="DUSME_SON_UNLU" phase="3">
      <description>
        Gelen ek ünlü ile başlıyorsa son sesli harf düşer.
        ağız =› ağz-a, burun =› burn-um, zehir =› zehr-e
        Ancak ben ağızım ve biz ağızız şeklinde 1. tekil ve çoğul şahıs ekleri geldiğinde bu düşme olmaz.
      </description>
      <transformation morpheme="This" action="DeleteLastVowel">
        <conditions flag="And">
          <condition morpheme="Next" operator="StartsWithVowel"/>
          <condition morpheme="Next" operator="MorphemeNotEquals" operand="" />
          <condition morpheme="Next" operator="MorphemeNotEquals" operand="" />
        </conditions>
      </transformation>
    </rule>
    <rule id="EKLEME" phase="3">
      <description>
        Bazı ek ve kelimelerden sonra araya ni sesgrubunun girmesi.
      </description>
       <transformation morpheme="This" action="Replace" operandOne="arg‘" operandTwo="arig‘">
        <conditions flag="Or">
		  <condition morpheme="Next" operator="MorphemeEquals" operand="IC_IYELIK_BEN_Hm" />
		  <condition morpheme="Next" operator="MorphemeEquals" operand="IC_IYELIK_SEN_Hng" />		  
          <condition morpheme="Next" operator="MorphemeEquals" operand="IC_IYELIK_O_(s)H" />
          <condition morpheme="Next" operator="MorphemeEquals" operand="IC_IYELIK_BIZ_Hmiz" />
          <condition morpheme="Next" operator="MorphemeEquals" operand="IC_IYELIK_SIZ_Hngiz" />
        </conditions>
      </transformation>
       <transformation morpheme="Previous" action="Replace" operandOne="" operandTwo="">
        <conditions flag="Or">
		  <condition morpheme="Next" operator="MorphemeEquals" operand="IC_IYELIK_BEN_Hm" />
		  <condition morpheme="Next" operator="MorphemeEquals" operand="IC_IYELIK_SEN_Hng" />		  
          <condition morpheme="Next" operator="MorphemeEquals" operand="IC_IYELIK_O_(s)H" />
          <condition morpheme="Next" operator="MorphemeEquals" operand="IC_IYELIK_BIZ_Hmiz" />
          <condition morpheme="Next" operator="MorphemeEquals" operand="IC_IYELIK_SIZ_Hngiz" />
        </conditions>
      </transformation>	  
    </rule>

    <rule id="SILME_il" phase="3">
      <description>
      </description>
	<transformation morpheme="This" action="Replace" operandOne="il" operandTwo="" flag="all">
        <conditions flag="Or">
		  <condition morpheme="Next" operator="MorphemeEquals" operand="IY_FIIL_Ar" />
		  <condition morpheme="Next" operator="MorphemeEquals" operand="" />				  
          <condition morpheme="Next" operator="MorphemeEquals" operand="" />
          <condition morpheme="Next" operator="MorphemeEquals" operand="" />
          <condition morpheme="Next" operator="MorphemeEquals" operand="" />
        </conditions>
      </transformation>
    </rule>	
	 <rule id="DUSME_SON_HECE" phase="2">
      <description>Ekin son hecesini ünlüsünü düşürür.</description>
      <transformation morpheme="This" action="Replace" operandOne="ik" operandTwo="">
        <conditions flag="Or">
           <condition morpheme="Next" operator="MorphemeEquals" operand="SY_SIFAT_GHnä"/>
           <condition morpheme="Next" operator="MorphemeEquals" operand="IY_ISIM_GHnä"/>
           <condition morpheme="Next" operator="MorphemeEquals" operand=""/>		   
        </conditions>
      </transformation> 
      <!-- <transformation morpheme="Next" action="Replace" operandOne="iq" operandTwo="g‘"> -->
        <!-- <conditions flag="Or"> -->
           <!-- <condition morpheme="Next" operator="MorphemeEquals" operand="IY_FIIL_Ar" /> -->
          <!-- <condition morpheme="Next" operator="MorphemeEquals" operand="IY_FIIL_Ay" /> -->
        <!-- </conditions> -->
      <!-- </transformation>	   -->
     </rule>	

	
	 <rule id="SILME_y" phase="2">
      <description>Ekin ikinci ünsüzünü düşürür.</description>
      <transformation morpheme="This" action="Replace" operandOne="y" operandTwo=""/>
	  
     </rule>

	 <rule id="SILME_as" phase="2">
      <description>önceki ekin iki hecesini düşürür.</description>
      <transformation morpheme="Next" action="Replace" operandOne="as" operandTwo=""/>
	  
     </rule>
	 
	 <rule id="SILME_iyot" phase="2">
      <description>önceki ekin iki hecesini düşürür.</description>
      <transformation morpheme="This" action="Replace" operandOne="iyot" operandTwo=""/>
     </rule>
	 

	
    <rule id="ay_a" phase="2">
      <description>Önce gelen ek ünlü ile bitiyorsa bu ekin sonundaki Sessiz düşer</description>
      <transformation morpheme="This" action="Replace" operandOne="ay" operandTwo="a">
        <conditions flag="Or">
          <condition morpheme="Previous" operator="EndsWithConsonant"/>
        </conditions>
      </transformation>
    </rule>
	
    <rule id="DUSME_UNSUZ" phase="2">
      <description>Önce gelen ek ünlü ile bitiyorsa bu ekin başındaki Sessiz düşer</description>
      <transformation morpheme="This" action="DeleteFirstLetter">
        <conditions flag="Or">
          <condition morpheme="Previous" operator="EndsWithConsonant"/>
        </conditions>
      </transformation>
	  	
    </rule>
	
	
    <rule id="ALTTIRE_KALDIR" phase="5">
      <description>
        Alıntı ve kısaltma türündeki kelimelerin okunuşu olan lexical biçimini
      </description>
      <transformation morpheme="This" action="Replace" operandOne="_" operandTwo=" " flag="all" />
    </rule>	
<!-- <A dönüşümünün istisnalarına özel kurallar uygulansın> -->

	<rule id="DONUSUM_A" phase="2">
      <description>Önceki ekin son ünsüzü g‘, q, x harflerinin yanında kalın okunur ama 
	  surface‘de A => a dır. değilse sadece okunuşta ince olup lexical A => ä‘dir 
	  ama her zaman surface‘de A => a dır </description>
      <transformation morpheme="This" action="Replace" operandOne="A" operandTwo="o">
        <conditions flag="Or">
          <condition morpheme="Previous" operator="LastVowelEquals" operand="uo"/>
        </conditions>
      </transformation>
      <!-- <transformation morpheme="Next" action="Replace" operandOne="A" operandTwo="o"> -->
        <!-- <conditions flag="Or"> -->
          <!-- <condition morpheme="This" operator="LastLetterEquals" operand="q"/> -->
		  <!-- </conditions> -->
      <!-- </transformation> -->
	  
      <!-- <transformation morpheme="Next" action="Replace" operandOne="A" operandTwo="a"> -->
        <!-- <conditions flag="Or"> -->
          <!-- <condition morpheme="Previous" operator="LastLetterEquals" operand="k"/> -->
        <!-- </conditions> -->
      <!-- </transformation>	 -->
	  
     <transformation morpheme="This" action="Replace" operandOne="A" operandTwo="a">
        <conditions flag="Or">
          <condition morpheme="Previous" operator="LastVowelEquals" operand="ae"/>
        </conditions>
      </transformation>	  
     <transformation morpheme="This" action="Replace" operandOne="A" operandTwo="e">
        <conditions flag="Or">
          <condition morpheme="Previous" operator="LastVowelEquals" operand="i"/>
        </conditions>
      </transformation>	  
      <!-- <transformation morpheme="This" action="Replace" operandOne="A" operandTwo="o"> -->
        <!-- <conditions flag="Or"> -->
          <!-- <condition morpheme="Previous" operator="EndsWithConsonant"/> -->
        <!-- </conditions> -->
      <!-- </transformation>	bu şekilde olunca b‘olok, qo‘nok sonucu çıkıyor.   -->
	  
      <transformation morpheme="This" action="Replace" operandOne="A" operandTwo="a" flag="all" />
    </rule>
	<rule id="DONUSUM_E" phase="2">
      <description></description>
      <transformation morpheme="This" action="Replace" operandOne="E" operandTwo="i">
        <conditions flag="Or">
          <condition morpheme="Previous" operator="LastVowelEquals" operand="oeiu"/>
        </conditions>
      </transformation> 
      <transformation morpheme="This" action="Replace" operandOne="E" operandTwo="a" flag="all" />
	  
    </rule>
	
	<rule id="E_a" phase="2">
	<description></description>
     <transformation morpheme="Next" action="Replace" operandOne="E" operandTwo="a"/>
	</rule>
	
    <rule id="i_u" phase="2">
      <description>
      </description>
      <transformation morpheme="Next" action="Replace" operandOne="H" operandTwo="u"/>
    </rule>
	
	<rule id="DONUSUM_H" phase="3">
      <description></description>
      <transformation morpheme="This" action="Replace" operandOne="H" operandTwo="i">
        <conditions flag="Or">
          <condition morpheme="Previous" operator="LastVowelEquals" operand="aeooi"/>
        </conditions>
      </transformation> 
     <transformation morpheme="This" action="Replace" operandOne="H" operandTwo="u">
        <conditions flag="Or">
          <condition morpheme="Previous" operator="LastVowelEquals" operand="u"/>  
        </conditions>
      </transformation>	   
 
    </rule>	
	
	<rule id="DONUSUM_U" phase="2">
      <description>Önceki ekin son ünsüzü g‘, q, x harflerinin yanında kalın okunur ama 
	  surface‘de A => a dır. değilse sadece okunuşta ince olup lexical A => ä‘dir 
	  ama her zaman surface‘de A => a dır </description>
      <transformation morpheme="This" action="Replace" operandOne="U" operandTwo="o">
        <conditions flag="Or">
          <condition morpheme="Previous" operator="LastVowelEquals" operand="o"/>
        </conditions>
      </transformation>
     <transformation morpheme="This" action="Replace" operandOne="U" operandTwo="a">
        <conditions flag="Or">
          <condition morpheme="Previous" operator="LastVowelEquals" operand="a"/>
        </conditions>
      </transformation>	  
	  
      <!-- <transformation morpheme="This" action="Replace" operandOne="A" operandTwo="o"> -->
        <!-- <conditions flag="Or"> -->
          <!-- <condition morpheme="Previous" operator="EndsWithConsonant"/> -->
        <!-- </conditions> -->
      <!-- </transformation>	bu şekilde olunca b‘olok, qo‘nok sonucu çıkıyor.   -->
	  
      <transformation morpheme="This" action="Replace" operandOne="U" operandTwo="u" flag="all" />
    </rule>
	<rule id="DONUSUM_I" phase="2">
      <description>Önceki ekin son ünsüzü g‘, q, x harflerinin yanında kalın okunur ama 
	  surface‘de A => a dır. değilse sadece okunuşta ince olup lexical A => ä‘dir 
	  ama her zaman surface‘de A => a dır </description>
      <transformation morpheme="This" action="Replace" operandOne="I" operandTwo="u">
        <conditions flag="Or">
          <condition morpheme="Previous" operator="LastVowelEquals" operand="u"/>
        </conditions>
      </transformation>
	  
      <transformation morpheme="This" action="Replace" operandOne="I" operandTwo="i">
        <conditions flag="Or">
          <condition morpheme="Previous" operator="LastVowelEquals" operand="i"/>
        </conditions>
      </transformation>	
        <!-- <transformation morpheme="This" action="Replace" operandOne="I" operandTwo="o"> -->
        <!-- <conditions flag="Or"> -->
          <!-- <condition morpheme="Previous" operator="EndsWithConsonant"/> -->
        <!-- </conditions> -->
      <!-- </transformation>	bu şekilde olunca b‘olok, qo‘nok sonucu çıkıyor.   -->
	  
      <transformation morpheme="This" action="Replace" operandOne="I" operandTwo="i" flag="all" />
    </rule>	
	
	
  </rules>
</orthography>
