root,surfaces,lex,Anlam,active,Id,flags,rules,Ekler,ANLAMI,AltTür,Dil,BüyükHarf,FY_EDILGEN_(U)n,FY_EDILGEN_Ul,Geçişlilik,E-hali
a’lam,,,,,ISIM,isim,,,"baş müftü, ulema",,,,,,,
a’zo,,,,,ISIM,isim,,,"üye, uzuv, organ",,,,,,,
ta’sir,,,,,,,,,,,,,,,,
Abdulaziz,Abdulaziz,,,,ISIM_OZEL,isim,,,Abdulaziz,,,Evet,,,,
Abdusalom,,,,,ISIM_OZEL,isim,,,Abduselam,,,Evet,,,,
abro‘,abro‘y,,,,ISIM,isim,TUREME_Y,,otorite,,,,,,,
Absalom,,,,,ISIM_OZEL,isim,,,Absalom,,,,,,,
Abusami,,,,,ISIM_OZEL,isim,,,Abusami,,,,,,,
Abushqa,,,,,ISIM_OZEL,isim,,,Abuşka,,,,,,,
abzal,,,,,ISIM,isim,,,koşum takımı,,,,,,,
achi,achchi,,,,FIIL,fiil,chch,,"acımak, ekşimek, mayalanmak",,,,,,,
adabiyot,adab,,,,ISIM,isim,SILME_iyot,,edebiyat,,,,,,,
adl,,,,,ISIM,isim,,,"adil, doğru",,,,,,,
aeroport,,,,,ISIM,isim,,,havalimanı,,,,,,,
affiks,,,,,ISIM,isim,,,ek,,,,,,,
affrikat,,,,,ISIM,isim,,,afrikat,,,,,,,
Afg‘oniston,,,,,ISIM_OZEL,isim,,,"maalesef, ah keşke, yazık",,,,,,,
afsus,,,,,EDAT_CUMLE_BASI,edat,,,Afganistan,,,,,,,
aft,,,,,ISIM,isim,,,"yüz, surat, dış görünüm",,,,,,,
afzal,,,,,SIFAT,sifat,,,"âlâ, daha iyi",,,,,,,
agar,,,,,EDAT,edat,,,eğer,,,,,,,
aggletinativ,,,,,ISIM,isim,,,eklemeli,,,,,,,
ahamiyat,,,,,ISIM,isim,,,ehemmiyet,,,,,,,
ahd,ahd,,,,ISIM,isim,,,ahit,,,,,,,
ahil,,,,,ISIM,isim,,,ehil,,,,,,,
ahl,,,,,ISIM,isim,,,ehl,,,,,,,
Ahmad,,,,,ISIM_OZEL,isim,,,Ahmet,,,,,,,
aholi,,,,,ISIM,isim,,,ahali,,,,,,,
ahvol,,,,,ISIM,isim,,,"ahval, hal",,,,,,,
ajab,,,,,ISIM,isim,,,ilginç,,,,,,,
ajra,,,,,FIIL,fiil,,,ayrıl,,,,,,,
aka,,,,,ISIM,isim,,,ağabey,,,,,,,
akademiya,akademi,,,,ISIM,isim,DUSME_SON_HECE,,akademi,,,,,,,
akatsiya,,,,,ISIM,isim,,,akasya,,,,,,,
aks,,,,,ISIM,isim,,,akis,,,,,,,
aksariyat,,,,,ISIM,isim,,,ekseriyet,,,,,,,
aksentema,,,,,ISIM,isim,,,???,,,,,,,
aksilterror,,,,,ISIM,isim,,,teröre karşı,,,,,,,
aktiv,,,,,ISIM,isim,,,"faal, aktif",,,,,,,
akustika,,,,,ISIM,isim,,,akustik,,,,,,,
alam,,,,,ISIM,isim,,,"alem, bayrak",,,,,,,
alam,,,,,ISIM,isim,,,elem,,,,,,,
alanga,,,,,ISIM,isim,,,alev,,,,,,,
alaxsi,,,,,FIIL,fiil,,,"birşeylerle uğraşarak zaman geçirmek, dalmak",,,,,,,
albatta,,,,,EDAT,edat,,,elbette,,,,,,,
alda,,,,,FIIL,fiil,,,"kandır, aldat",,,,,,,
alfavit,,,,,ISIM,isim,,,alfabe,,,,,,,
alifbo,,,,,ISIM,isim,,,elifba,,,,,,,
Alisher,,,,,ISIM,isim,,,Alişer,,,,,,,
allafon,,,,,ISIM,isim,,,alafon,,,,,,,
allaqachon,,,,,ZARF_BELIRSIZLIK,zarf,,,bir zamanlar,,,,,,,
almash,,,,,FIIL,fiil,,,değiştir,,,,,,,
alohida,,,,,ZARF,zarf,,,"ayrı, münferit",,,,,,,
alohida-alohida,,,,,ZARF_IKILEME,zarf,,,"ayrı ayrı, tek tek",,,,,,,
aloqa,,,,,ISIM,isim,,,alaka,,,,,,,
Alpomish,,,,,ISIM_OZEL,isim,,,Alpamış,,,,,,,
alternativ,,,,,ISIM,isim,,,alernatif,,,,,,,
amal,,,,,ISIM,isim,,,"amel, mansıp",,,,,,,
Amerika,,,,,ISIM_OZEL,isim,,,Amerika,,,,,,,
Amir,,,,,ISIM,Unvan,,,"Emir, Han, Hükümdar",,,,,,,
ammo,,,,,EDAT_BAGLAMA,edat,,,ama,,,,,,,
amorf,,,,,ISIM,isim,,,amorf,,,,,,,
amr,,,,,ISIM,isim,,,"emir, buyruk",,,,,,,
an’ana,,,,,ISIM,isim,,,anane,,,,,,,
ana,,,,,ZAMIR_ISARET,zamir,,,işte,,,,,,,
ancha,,,,,ZARF,zarf,,,o kadar,,,,,,,
Andijon,,,,,ISIM_OZEL,isim,,,Andican,,,,,,,
andoza,,,,,ISIM,isim,,,kalıp,,,,,,,
aniq,,,,,SIFAT,sifat,,,"kesin, tam",,,,,,,
anjom,,,,,ISIM,isim,,,ev alet edevatları,,,,,,,
anjuman,,,,,ISIM,isim,,,"toplantı, meclis, encümen",,,,,,,
anor,,,,,ISIM,isim,,,nar,,,,,,,
Anqara,,,,,ISIM_OZEL,isim,,,Ankara,,,,,,,
anqay,,,,,FIIL,fiil,,,bön bön bak,,,,,,,
anqov,,,,,ISIM,isim,,,"aptal, bön",,,,,,,
antar,,,,,FIIL,fiil,,,çevir,,,,,,,
antonim,,,,,ISIM,isim,,,zıt,,,,,,,
aorta,,,,,ISIM,isim,,,atar damar,,,,,,,
apparat,,,,,ISIM,isim,,,"aygıt, cihaz",,,,,,,
Apsami,,,,,ISIM_OZEL,isim,,,Apsami,,,,,,,
aq,,,,,ISIM_TAKLIT,isim,,,hapşu,,,,,,,
aql,,,,,ISIM,isim,,,akıl,,,,,,,
aksir,,,,,FIIL,fiil,,,hapşırmak,,,,,,,
AQSh,,,,,KISALTMA,isim,,,ABD,,,,,,,
ar,,,,,ISIM,isim,,,100m kareye eşit ölçü birimi,,,,,,,
arab,,,,,ISIM,isim,,,Arap,,,,,,,
arafa,,,,,ISIM,isim,,,arefe,,,,,,,
aralash,,,,,SIFAT,sifat,,,karışık,,,,,,,
araz,,,,,SIFAT,sifat,,,küs,,,,,,,
archi,,,,,FIIL,fiil,,,sil,,,,,,,
argo,,,,,ISIM,isim,,,argo,,,,,,,
ariya,,,,,ISIM,isim,,,arya,,,,,,,
aro,,,,,ZARF,zarf,,,ara,,,,,,,
arra,,,,,ISIM,isim,,,testere,,,,,,,
art,,,,,FIIL,fiil,,,"sil, temizle",,,,,,,
artikulyatsiya,,,,,ISIM,isim,,,"artikülasyon, konuşma esnasında ses organlarının hareketi",,,,,,,
arxeologiya,arxeologi,,,,ISIM,isim,DUSME_SON_HECE,,arkeoloji,,,,,,,
arzan,,,,,SIFAT,sifat,,,ucuz,,,,,,,
asar,,,,,ISIM,isim,,,eser,,,,,,,
asbob,,,,,ISIM,isim,,,"aygıt, esvab",,,,,,,
Ashxobod,,,,,ISIM_OZEL,isim,,,Aşkabat,,,,,,,
askiya,,,,,ISIM,isim,,,fıkra,,,,,,,
asl,,,,,ISIM,isim,,,"asıl, esas",,,,,,,
aslo,,,,,ZARF,zarf,,,asla,,,,,,,
asos,,,,,ISIM,isim,,,esas,,,,,,,
asr,,,,,ISIM,isim,,,"asır, yüzyıl",,,,,,,
assimilyatsiya,,,,,ISIM,isim,,,"asimilasyon, benzetme",,,,,,,
asta-sekin,,,,,ZARF_IKILEME,zarf,,,yavaş yavaş,,,,,,,
ata,,,,,FIIL,fiil,,,"adlandırmak, ad koymak",,,,,,,
atir,,,,,ISIM,isim,,,koku,,,,,,,
atlas,,,,,ISIM,isim,,,atlas,,,,,,,
Atoiy,,,,,ISIM_OZEL,isim,,,Atayi,,,,,,,
atrof,,,,,ISIM,isim,,,etraf,,,,,,,
avgust,,,,,ISIM,isim,,,Ağustos,,,,,,,
avhol,,,,,ISIM,isim,,,"ahval, durum",,,,,,,
avliyo,,,,,ISIM,isim,,,evliya,,,,,,,
avlod,,,,,ISIM,isim,,,evlat,,,,,,,
avtonom,,,,,ISIM,isim,,,otonomi,,,,,,,
avval,,,,,ZARF,zarf,,,evvel,,,,,,,
avzo,avzoy,,,,ISIM,isim,TUREME_Y,,"yüz, surat, çehre",,,,,,,
axtar,,,,,FIIL,fiil,,,"gezmek, aramak",,,,,,,
ayb,,,,,ISIM,isim,,,"ayıp, noksan",,,,,,,
ayir,ayr,,,,FIIL,fiil,DUSME_SON_UNLU,,ayır,,,,,,,
ay,,,,,UNLEM,unlem,Q_q,,,,,,,,,
ayqir,,,,,FIIL,fiil,,,"şiddetli ses çıkarıp akmak, haykır",,,,,,,
aylan,,,,,FIIL,fiil,,,"dön, dolaş",,,,,,,
ayni,,,,,SIFAT,sifat,DUSME_SON_UNLU,,aynı,,,,,,,
ayol,,,,,ISIM,isim,,,kadın,,,,,,,
ayon,,,,,ISIM,isim,,,ayan,,,,,,,
ayril,ayr,,,,FIIL,fiil,DUSME_SON_UNLU,,ayrıl,,,,,,,
ayrim,,,,,ISIM,isim,,,"ayrı, münferit",,,,,,,
ayt,,,,,FIIL,fiil,G_k,,"söyle, anlat",,,,,,,
azm,,,,,ISIM,isim,,,"kesin karar, kararlılık, azim",,,,,,,
azon,,,,,ISIM,isim,,,ezan,,,,,,,
ba’zi,,,,,ISIM,isim,,,bazı,,,,,,,
badavlat,,,,,SIFAT,sifat,,,devletli,,,,,,,
badiiy,,,,,SIFAT,sifat,,,"bedi, edebi, sanatsal",,,,,,,
Badoi,,,,,ISIM_OZEL,isim,,,Bedâyi,,,,,,,
bag‘ayrat,,,,,SIFAT,sifat,,,gayretli,,,,,,,
bag‘ir,bag‘r,,,,ISIM,isim,DUSME_SON_UNLU,,bağır,,,,,,,
bahodir,,,,,ISIM,isim,,,bahadır,,,,,,,
bahor,,,,,ISIM,isim,,,bahar,,,,,,,
bajar,,,,,FIIL,fiil,,,"becer, başar",,,,,,,
baland,,,,,SIFAT,sifat,,,"bülent, yüksek",,,,,,,
baliq,balig‘,,,,ISIM,isim,YUMUSAMA_qg‘,,balık,,,,,,,
balki,balki,,,,EDAT_CUMLE_BASI,edat,,,belki,,,,,,,
balo,,,,,ISIM,isim,,,bela,,,,,,,
bank,,,,,ISIM,isim,,,banka,,,,,,,
banka,,,,,ISIM,isim,,,banka,,,,,,,
banka,,,,,ISIM,isim,,,kavanoz,,,,,,,
baqir,,,,,FIIL,fiil,AQ_oq,,bağır,,,,,,,
baquvvat,,,,,SIFAT,sifat,,,kuvvetli,,,,,,,
baravar,,,,,SIFAT,sifat,,,"eşit, denk, aynı anda, birlikte",,,,,,,
barcha,,,,,ZARF,zarf,,,birçok,,,,,,,
barg,,,,,ISIM,isim,,,yaprak,,,,,,,
barmoq,barmog‘,,,,ISIM,isim,YUMUSAMA_qg‘,,parmak,,,,,,,
barqaror,,,,,SIFAT,sifat,,,"sağlam, karara bağlanmış",,,,,,,
bartaraf,,,,,ISIM,isim,,,bertaraf,,,,,,,
basavlat,,,,,SIFAT,sifat,,,"görkemli, büyük",,,,,,,
bashara,,,,,ISIM,isim,,,"yüz, sima, didar",,,,,,,
batafsil,,,,,ZARF,zarf,,,"büsbütün, tamamen",,,,,,,
baxt,,,,,ISIM,isim,,,baht,,,,,,,
Baxtiyor-noma,,,,,ISIM_OZEL,isim,,,Bahtıyar-name,,,,,,,
Bayirbujak,,,,,ISIM_OZEL,isim,,,Bayırbujak,,,,,,,
bayram,,,,,ISIM,isim,,,bayram,,,,,,,
baza,,,,,ISIM,isim,,,"esas, temel, dayanak, üs, ambar",,,,,,,
bebaho,,,,,SIFAT,sifat,,,pahasız,,,,,,,
befoyda,,,,,SIFAT,sifat,,,faydasız,,,,,,,
beg‘alva,,,,,SIFAT,sifat,,,"kavgasız, sakin",,,,,,,
beg‘ubor,,,,,SIFAT,sifat,,,"saf, katışıksız",,,,,,,
bek,beg,,,,ISIM,ISIM,YUMUSAMA_kg,,bey,,,,,,,
bek,,,,,SIFAT,sifat,,,kapalı,,,,,,,
bela,,,,,FIIL,fiil,,,"belemek, beşiğe yatırmak",,,,,,,
belbog‘,belboq,,,,ISIM_BIRLESIK,isim,IKIZLESME_qq,,"belbağı, kuşak",,,,,,,
belgi,,,,,ISIM,isim,,,"işaret, damga",,,,,,,
bemaza,,,,,SIFAT,sifat,,,tatsız,,,,,,,
bepul,,,,,SIFAT,sifat,,,parasız,,,,,,,
beqiyos,,,,,SIFAT,sifat,,,"ölçüsüz, hadsiz",,,,,,,
ber,,,,,FIIL,fiil,,,ver,,,,,,,
Berdimuhamedov,Berdimuhamedov,,,,ISIM_OZEL,isim,,,Berdimuhammedov,,,,,,,
berk,,,,,SIFAT,sifat,,,"kapalı,",,,,,,,
besabr,,,,,SIFAT,sifat,,,sabırsız,,,,,,,
besh,,,,,SAYI,sayi,,,beş,,,,,,,
beshik,,,,,ISIM,isim,,,beşik,,,,,,,
bet,,,,,ISIM,isim,,,"yüz, sima",,,,,,,
betaraf,,,,,SIFAT,sifat,,,tarafsız,,,,,,,
betashvish,,,,,SIFAT,sifat,,,"gamsız, sıkıntısı olmayan",,,,,,,
betoqat,,,,,SIFAT,sifat,,,"takatsız, güçsüz",,,,,,,
bevosita,,,,,SIFAT,sifat,,,"doğrudan, direk",,,,,,,
bexabar,,,,,SIFAT,sifat,,,habersiz,,,,,,,
beza,,,,,FIIL,fiil,,,"süslemek, bezemek",,,,,,,
Bhagat,,,,,ISIM_OZEL,isim,,,Bhagat,,,,,,,
bij,,,,,ISIM_TAKLIT,isim,,,"vıj, vıcık vıcık",,,,,,,
bil,,,,,FIIL,fiil,,,bil,,,,,,,
bilak,bilag,,,,ISIM,isim,"YUMUSAMA_kg, G_k",,bilek,,,,,,,
bilan,bilan,,,,EDAT_CEKIM_BAGLAMA,edat,,,ile,,,,,,,
Bilgahoqon,,,,,ISIM_OZEL,isim,,,Bilge Kağğan,,,,,,,
bilik,bilig,,,,ISIM,isim,YUMUSAMA_kg,,"bilgi, bilik",,,,,,,
binoan,,,,,EDAT_EDAT_CEKIM,isim,,,binaen,,,,,,,
biologiya,biologi,,,,ISIM,isim,DUSME_SON_HECE,,biyoloji,,,,,,,
biq,,,,,ISIM_TAKLIT,isim,,,koyu sıvının kaynadığında çıkardığı ses,,,,,,,
bir,bit,,,,SAYI,sayi,r_t,,bir,,,,,,,
birdan,,,,,ZARF,zarf,SILME_as,,"birden, ansızın",,,,,,,
bir-biri,bir-bir,,,,SAYI_BIRLESIK,sayi,DUSME_SON_UNLU,,"birbiri, kendi ara",,,,,,,
birma-bir,,,,,SAYI_BIRLESIK,sayi,,,"bir bir, teker teker, tek tek,",,,,,,,
birmuncha,,,,,SIFAT_BIRLESIK,sifat,,,bir hayli,,,,,,,
birodar,,,,,ISIM,isim,,,birader,,,,,,,
biroq,,,,,EDAT_CUMLE_BASI,edat,,,"ancak, fakat",,,,,,,
bit,,,,,FIIL,fiil,,,bitmek,,,,,,,
bit,,,,,FIIL,fiil,,,"yetişmek, bitmek",,,,,,,
bit,,,,,FIIL,fiil,,,"yazmak, bitimek",,,,,,,
biyron,,,,,ISIM,isim,,,"keskin keskin konuşan, hatip, konuşkan",,,,,,,
biyron,,,,,SIFAT,sıfat,,,"kıvamında pişirilmiş,",,,,,,,
biznes-struktura,,,,,ISIM_BIRLESIK,isim,,,ticarî yapı,,,,,,,
bo‘g‘,bo‘q,,,,FIIL,fiil,"IKIZLESME_qq, IKIZLESME_g‘",,boğmak,,,,,,,
bo‘kir,,,,,FIIL,fiil,,,böğür,,,,,,,
bo‘l,,,,,FIIL,fiil,G_g‘,,ol,,,,,,,
bo‘l,,,,,FIIL,fiil,,,böl,,,,,,,
bo‘la,,,,,ISIM,isim,,,"olgun, iyi yetişmiş",,,,,,,
bo‘la,,,,,ISIM,isim,,,kuzen,,,,,,,
bo‘rala,,,,,FIIL,fiil,,,şidetle yağ,,,,,,,
bo‘ya,,,,,ISIM,isim,,,boyamak,,,,,,,
bo‘ya,bo‘yo,,,,FIIL,fiil,YUVARLAKLASMA_ao,,boya,,,,,,,
bo‘yicha,bo‘yicha,,,,EDAT_CEKIM,edat,,,"göre, binayen, tüm, hakkında",,,,,,,
bo‘yin,bo‘yn,,,,ISIM,isim,DUSME_SON_UNLU,,boyun,,,,,,,
boadab,,,,,ISIM,isim,,,edebli,,,,,,,
bobo,bobo,,,,ISIM,isim,,,ata,,,,,,,
Bobur,,,,,ISIM_OZEL,isim,,,Babur,,,,,,,
bog‘,boq,,,,ISIM,isim,"IKIZLESME_qq, IKIZLESME_g‘",,"bağ, bahçe",,,,,,,
bog’iston,,,,,ISIM,isim,,,bahar,,,,,,,
bois,,,,,ISIM,isim,,,sebep,,,,,,,
bola,,,,,ISIM,isim,,,çocuk,,,,,,,
Bolgariya,,,,,ISIM_OZEL,isim,,,Bulgaristan,,,,,,,
boq,,,,,FIIL,fiil,,,bak,,,,,,,
bor,,,,,ISIM,isim,,,var,,,,,,,
bor,,,,,FIIL,fiil,,,"git, var",,,,,,,
borada,,,,,EDAT,edat,,,hakkında,,,,,,,
bos,,,,,FIIL,fiil,,,bas,,,,,,,
bosh,,,,,ISIM,isim,"G_q, o_a",,baş,,,,,,,
bot,,,,,FIIL,fiil,G_q,,bat,,,,,,,
boy,,,,,ISIM,isim,,,zengin,,,,,,,
Bryussel,,,,,ISIM_OZEL,isim,,,,,,,,,,
bu,"bun, buni",,,,ZAMIR_ISARET,zamir,"TUREME_N, TUREME_ni",,"bu, doq",,,,,,,
budjet,,,,,ISIM,isim,,,,,,,,,,
bufet,,,,,ISIM,isim,,,,,,,,,,
bug‘,,,,,ISIM,isim,,,buhar,,,,,,,
bug‘u,,,,,ISIM,isim,,,,,,,,,,
bugun,,,,,ZARF,"zarf, zaman",,,bugün,,,,,,,
buk,,,,,FIIL,fiil,,,,,,,,,,
bulg‘a,,,,,FIIL,fiil,,,,,,,,,,
buloq,bulog‘,,,,ISIM,isim,YUMUSAMA_qg‘,,,,,,,,,
buqa,,,,,ISIM,isim,,,,,,,,,,
bur,,,,,FIIL,fiil,,,,,,,,,,
bur,,,,,ISIM_TAKLIT,isim,,,,,,,,,,
burch,,,,,ISIM,isim,,,,,,,,,,
burgut,,,,,ISIM,isim,,,,,,,,,,
burj,,,,,ISIM,isim,,,,,,,,,,
burka,,,,,FIIL,fiil,,,,,,,,,,
Bursa,,,,,ISIM_OZEL,isim,,,,,,,,,,
burun,burn,,,,ISIM,isim,DUSME_SON_UNLU,,burun,,,,,,,
butun,,,,,SIFAT,sifat,,,,,,,,,,
buvi,,,,,ISIM,isim,,,,,,,,,,
buyuk,,,,,ISIM,isim,,,,,,,,,,
buyur,buyr,,,,FIIL,fiil,DUSME_SON_UNLU,,,,,,,,,
buz,,,,,FIIL,fiil,,,,,,,,,,
buzoq,buzog‘,,,,ISIM,isim,YUMUSAMA_qg‘,,buzağı,,,,,,,
chak,,,,,FIIL,fiil,,,,,,,,,,
chalkash,,,,,ISIM,isim,,,,,,,,,,
chalpi,,,,,FIIL,fiil,,,"birini kötülemek, ileri geri konuşmak",,,,,,,
chambar,,,,,ISIM,isim,,,,,,,,,,
chang,,,,,ISIM,isim,,,toz,,,,,,,
chanqa,chanqo,,,,FIIL,fiil,YUVARLAKLASMA_ao,,susamak,,,,,,,
chap,,,,,SIFAT,sifat,,,sol,,,,,,,
chaq,,,,,FIIL,fiil,,,kırmak,,,,,,,
chaqir,,,,,FIIL,fiil,,,çağırmak,,,,,,,
chayna,,,,,FIIL,fiil,,,,,,,,,,
chayqa,chakqo,,,,ISIM,isim,YUVARLAKLASMA_ao,,,,,,,,,
chegara,,,,,ISIM_BIRLESIK,isim,,,,,,,,,,
chehra,,,,,ISIM,isim,,,,,,,,,,
chek,,,,,FIIL,fiil,,,,,,,,,,
chempion,,,,,ISIM,isim,,,,,,,,,,
chet,,,,,ISIM,isim,,,,,,,,,,
chig‘atoy,,,,,ISIM_OZEL,isim,,,,,,,,,,
chigil,,,,,ISIM_OZEL,isim,,,,,,,,,,
chik,,,,,ISIM,isim,,,aşık kemiğinin çukurlu tarafı,,,,,,,
chimchi,,,,,FIIL,fiil,,,,,,,,,,
chin,,,,,ISIM,isim,,,,,,,,,,
chinakam,,,,,SIFAT,sifat,SILME_as,,gerçekten,,,,,,,
chin,,,,,ISIM_TAKLIT,isim,,,,,,,,,,
chinkir,,,,,FIIL,fiil,,,,,,,,,,
chiq,,,,,FIIL,fiil,,,,,,,,,,
chiqar,,,,,FIIL,fiil,,,çıkarmak,,,,,,,
chiroyli,,,,,SIFAT,sifat,,,güzel,,,,,,,
chiyra,,,,,FIIL,fiil,,,,,,,,,,
chiz,,,,,FIIL,fiil,,,,,,,,,,
cho‘chi,,,,,FIIL,fiil,,,,,,,,,,
cho‘hoq,,,,,FIIL,fiil,,,,,,,,,,
cho‘l,,,,,ISIM,isim,,,,,,,,,,
cho‘qmor,,,,,ISIM,isim,,,,,,,,,,
cho‘t,,,,,ISIM,isim,,,"abaküs, hesap, tahmin, öngörü",,,,,,,
cho‘tka,,,,,ISIM,isim,,,fırça,,,,,,,
cho‘z,,,,,FIIL,fiil,,,,,,,,,,
chog‘,,,,,ISIM,isim,,,,,,,,,,
cholg‘u,,,,,ISIM,isim,,,,,,,,,,
chop,,,,,ISIM,isim,,,baskı,,,,,,,
chop,,,,,FIIL,fiil,,,koşmak,,,,,,,
chop,,,,,FIIL,fiil,AQ_iq,,"vurmak,kesmek, kazmak.",,,,,,,
chopon,,,,,ISIM,isim,,,,,,,,,,
chora,,,,,ISIM,isim,,,çare,,,,,,,
chora-tadbir,,,,,ISIM_BIRLESIK,isim,,,,,,,,,,
choy,,,,,ISIM,isim,,,,,,,,,,
chul,,,,,ISIM,isim,G_g‘,,,,,,,,,
chunki,,,,,EDAT,edat,,,,,,,,,,
chunonchi,,,,,EDAT,edat,,,,,,,,,,
chuqur,,,,,ISIM,isim,,,,,,,,,,
chush,,,,,ISIM_TAKLIT,isim,Q_k,,hapşu,,,,,,,
chushkir,,,,,FIIL,fiil,,,,,,,,,,
chuv,,,,,ISIM,isim,,,,,,,,,,
chuv,,,,,ISIM,isim,,,,,,,,,,
chuv,,,,,ISIM,isim,,,,,,,,,,
chuv,,,,,ISIM_TAKLIT,isim,,,,,,,,,,
da’vo,,,,,ISIM,isim,,,,,,,,,,
daftar,,,,,ISIM,isim,,,,,,,,,,
dala,,,,,ISIM,isim,,,,,,,,,,
dalil,,,,,ISIM,isim,,,,,,,,,,
dalolat,,,,,ISIM,isim,,,,,,,,,,
dam,,,,,ISIM,isim,,,,,,,,,,
dangasa,,,,,ISIM,isim,,,,,,,,,,
danyalik,,,,,ISIM,isim,,,danimarkalı,,,,,,,
daraja,,,,,ISIM,isim,,,,,,,,,,
daraxt,,,,,ISIM,isim,,,,,,,,,,
dard,,,,,ISIM,isim,,,,,,,,,,
darkor,,,,,ISIM,isim,,,,,,,,,,
darrov,,,,,ZARF,zarf,,,,,,,,,,
dars,,,,,ISIM,isim,,,,,,,,,,
daryo,,,,,ISIM,isim,,,,,,,,,,
dast,,,,,ISIM,isim,,,el,,,,,,,
dastlabki,,,,,SIFAT,sifat,,,"ilk, birincil",,,,,,,
dastur,,,,,ISIM,isim,,,,,,,,,,
dat,,,,,ISIM_TAKLIT,isim,,,,,,,,,,
Davis,,,,,ISIM_OZEL,isim,,,,,,,,,,
davlat,,,,,ISIM,isim,,,,,,,,,,
davo,,,,,ISIM,isim,,,,,,,,,,
davom,,,,,ISIM,isim,,,,,,,,,,
davr,,,,,ISIM,isim,,,,,,,,,,
daxl,,,,,ISIM,isim,,,,,,,,,,
de,,,,,FIIL,fiil,,,,,,,,,,
demagogiya,demagogi,,,,ISIM,isim,DUSME_SON_HECE,,demagoji,,,,,,,
dengiz,,,,,ISIM,isim,,,,,,,,,,
devon,,,,,ISIM,isim,,,,,,,,,,
devor,,,,,ISIM,isim,,,,,,,,,,
deyarli,,,,,ZARF,zarf,,,,,,,,,,
dialekt,,,,,ISIM,isim,,,,,,,,,,
dialektal,dialektal,,,,ISIM,isim,,,,,,,,,,
dialektologiya,diyalektologi,,,,ISIM,isim,DUSME_SON_HECE,,,,,,,,,
dialog,,,,,ISIM,isim,,,,,,,,,,
dilmoch,,,,,ISIM,isim,,,"tercüman, dilmaç",,,,,,,
dimog‘,dimoq,,,,ISIM,isim,IKIZLESME_qq,,,,,,,,,
dinamika,dinami,,,,ISIM,isim,DUSME_SON_HECE,,dinamik,,,,,,,
diqqat,,,,,ISIM,isim,,,,,,,,,,
direktor,,,,,ISIM,isim,,,,,,,,,,
dissimilyatsiya,dissimilyatsiya,,,,ISIM,isim,,,,,,,,,,
do‘l,,,,,ISIM,isim,,,,,,,,,,
do‘ng,,,,,ISIM,isim,,,,,,,,,,
do‘ppi,,,,,ISIM,isim,,,,,,,,,,
do‘st,,,,,ISIM,isim,,,,,,,,,,
Dog‘iston,,,,,ISIM_OZEL,isim,,,,,,,,,,
dohiy,,,,,ISIM,isim,,,"dahi, deha",,,,,,,
doim,,,,,ZARF,zarf,,,,,,,,,,
doir,,,,,SIFAT,sifat,,,,,,,,,,
doira,,,,,ISIM,isim,,,,,,,,,,
doklad,,,,,ISIM,isim,,,,,,,,,,
doktor,,,,,ISIM,isim,,,,,,,,,,
dolzarb,,,,,SIFAT,sifat,,,"sıkışık, zor durum, vahim",,,,,,,
dominant,,,,,ISIM,isim,,,,,,,,,,
dona,,,,,ISIM,isim,,,,,,,,,,
doston,,,,,ISIM,isim,,,,,,,,,,
dotsent,,,,,ISIM,isim,,,,,,,,,,
drama,,,,,ISIM,isim,,,,,,,,,,
dublet,,,,,ISIM,isim,,,,,,,,,,
duch,,,,,ISIM,isim,,,"karşılaşma, raslantı, yüz yüze gelmek",,,,,,,
dud,,,,,ISIM,isim,,,,,,,,,,
Dunford,,,,,ISIM_OZEL,isim,,,,,,,,,,
dunyo,,,,,ISIM,isim,,,,,,,,,,
duo,,,,,ISIM,isim,,,,,,,,,,
duoxon,,,,,ISIM,isim,,,duacı,,,,,,,
Durbek,,,,,ISIM_OZEL,isim,,,,,,,,,,
durdona,,,,,ISIM,isim,,,,,,,,,,
dutor,,,,,ISIM,isim,,,,,,,,,,
duxtir,,,,,,,,,,,,,,,,
e’lon,,,,,ISIM,isim,,,,,,,,,,
e’tibor,,,,,ISIM,isim,,,,,,,,,,
e’tirof,,,,,ISIM,isim,,,,,,,,,,
edi,,,,,FIIL_YARDIMCI,fiil,,,,,,,,,,
eftalit,,,,,ISIM,isim,,,,,,,,,,
ega,,,,,ISIM,isim,,,,,,,,,,
Egamberdi,,,,,ISIM_OZEL,isim,,,,,,,,,,
egin,egn,,,,ISIM,isim,DUSME_SON_UNLU,,,,,,,,,
ehtiyoj,,,,,ISIM,isim,,,,,,,,,,
ek,,,,,FIIL,fiil,,,ek,,,,,,,
ejikila,,,,,FIIL,fiil,,,"tafsilatlı bir şekilde incelemek, etraflıca incelemek.",,,,,,,
ekan,,,,,FIIL_YARDIMCI,fiil,,,,,,,,,,
ekin,,,,,ISIM,isim,,,,,,,,,,
ekinzor,,,,,,,,,,,,,,,,
ekspeditsiya,ekspedits,,,,ISIM,isim,DUSME_SON_İKİ_HECE,,,,,,,,,
eksperiment,,,,,ISIM,isim,,,,,,,,,,
ekspress,ekspres,,,,ISIM,isim,TEKLESME_s,,ekspres,,,,,,,
elchixona,,,,,ISIM_BIRLESIK,isim,,,,,,,,,,
elektor,,,,,ISIM,isim,,,,,,,,,,
elektr,,,,,ISIM,isim,,,,,,,,,,
elik,,,,,ISIM,isim,,,,,,,,,,
eliziya,,,,,ISIM,isim,,,,,,,,,,
em,,,,,FIIL,fiil,,,emmek,,,,,,,
emas,,,,,EDAT_OLUMSUZLUK,edat,,,,,,,,,,
emish,,,,,FIIL_YARDIMCI,fiil,,,,,,,,,,
Enasoy,,,,,ISIM_OZEL,isim,,,,,,,,,,
eng,,,,,SIFAT_PEKISTIRME,sifat,,,,,,,,,,
epenteza,,,,,,,,,,,,,,,,
epos,,,,,ISIM,isim,,,,,,,,,,
era,,,,,,,,,,,,,,,,
Erdog‘an,,,,,ISIM_OZEL,isim,,,,,,,,,,
eri,,,,,FIIL,fiil,,,,,,,,,,
erin,,,,,FIIL,fiil,"chak,",,üşen,,,,,,,
erk,,,,,ISIM,isim,,,"erk, irade",,,,,,,
erk,,,,,ISIM,isim,,,,,,,,,,
erka,,,,,,,,,,,,,,,,
erka,,,,,ISIM,isim,,,,,,,,,,
erkatoy,,,,,,,,,,,,,,,,
Erkin,,,,,ISIM_OZEL,isim,,,,,,,,,,
Erkinoy,,,,,,,,,,,,,,,,
Erkinoy,,,,,ISIM_OZEL,isim,,,,,,,,,,
Eron,,,,,ISIM_OZEL,isim,,,,,,,,,,
ertak,,,,,ISIM,isim,,,,,,,,,,
ertan,,,,,ZARF_ZAMAN,zarf,,,yarın,,,,,,,
es,,,,,ISIM,isim,,G_k,"akıl, hatıra",,,,,,,
esa,,,,,FIIL_YARDIMCI,fiil,,,,,,,,,,
Esenbog‘a,,,,,ISIM_OZEL,isim,,,,,,,,,,
esh,,,,,FIIL,fiil,,,eşmek,,,,,,,
eshit,,,,,FIIL,fiil,,,,,,,,,,
esirik,,,,,,,,,,,,,,,,
eski,,,,,SIFAT,sifat,,,,,,,,,,
eskiroq,,,,,,,,,,,,,,,,
estetika,esteti,,,,ISIM,isim,DUSME_SON_HECE,,,,,,,,,
et,,,,,FIIL,fiil,,,,,,,,,,
etak,,,,,ISIM,isim,,,,,,,,,,
etnik,,,,,ISIM,isim,,,,,,,,,,
evro,,,,,ISIM,isim,,,,,,,,,,
ey,,,,,UNLEM,unlem,,,,,,,,,,
ez,,,,,FIIL,fiil,,,ezmek,,,,,,,
ezgu,,,,,SIFAT,sifat,,,,,,,,,,
fabrika,,,,,ISIM,isim,,,,,,,,,,
fakt,,,,,ISIM,isim,,,,,,,,,,
falokat,,,,,ISIM,isim,,,,,,,,,,
fan,,,,,ISIM,isim,,,,,,,,,,
faol,,,,,SIFAT,sifat,,,,,,,,,,
faoliyat,,,,,ISIM,isim,,,,,,,,,,
faqat,,,,,EDAT_CUMLE_BASI,edat,,,,,,,,,,
Farg‘ona,,,,,ISIM_OZEL,isim,,,,,,,,,,
fark,,,,,ISIM,isim,,,fark,,,,,,,
farq,,,,,ISIM,isim,,,,,,,,,,
farzand,,,,,ISIM,isim,,,,,,,,,,
fasl,,,,,ISIM,isim,,,,,,,,,,
faxriy,,,,,ISIM,isim,,,,,,,,,,
fazo,,,,,ISIM,isim,,,,,,,,,,
fe’l,,,,,ISIM,isim,,,,,,,,,,
festival,,,,,ISIM,isim,,,,,,,,,,
fikr,,,,,ISIM,isim,,,,,,,,,,
filolog,,,,,ISIM,isim,,,filolog,,,,,,,
filologiya,filologi,,,,ISIM,isim,DUSME_SON_HECE,,,,,,,,,
fin-ugor,,,,,ISIM_BIRLESIK,isim,,,,,,,,,,
fizika,fizi,,,,ISIM,isim,DUSME_SON_HECE,,,,,,,,,
fiziologiya,fiziologi,,,,ISIM,isim,DUSME_SON_HECE,,fizyoloji,,,,,,,
flektiv,,,,,ISIM,isim,,,,,,,,,,
fon,,,,,ISIM,isim,,,,,,,,,,
fonema,fonem,,,,ISIM,isim,DUSME_SON_UNLU,,,,,,,,,
fonetika,foneti,,,,ISIM,isim,DUSME_SON_HECE,,,,,,,,,
fonografik,fonografik,,,,ISIM_BIRLESIK,isim,,,,,,,,,,
fonologiya,fonologi,,,,ISIM,isim,DUSME_SON_HECE,,,,,,,,,
fors,fors,,,,ISIM,isim,,,,,,,,,,
fors-tojik,,,,,ISIM_BIRLESIK,isim,,,,,,,,,,
foto galereya,,,,,ISIM_IS_TAMLAMA,isim,,,,,,,,,,
foyda,,,,,ISIM,isim,,,,,,,,,,
Fransiya,,,,,ISIM_OZEL,isim,,,,,,,,,,
fraziologiya,fraziologi,,,,ISIM,isim,DUSME_SON_HECE,,,,,,,,,
funksiya,funksi,,,,ISIM,isim,DUSME_SON_HECE,,,,,,,,,
fursat,,,,,ISIM,isim,,,,,,,,,,
G‘afforov,,,,,ISIM_OZEL,isim,,,,,,,,,,
g‘ali,,,,,,,,,,,,,,,,
g‘alla,,,,,ISIM,isim,,,,,,,,,,
g‘azal,,,,,ISIM,isim,,,,,,,,,,
g‘imir,,,,,,,,,,,,,,,,
g‘inshi,,,,,FIIL,fiil,,,inlemek,,,,,,,
g‘o‘za,,,,,,,,,,,,,,,,
g‘oya,,,,,ISIM,isim,,,,,,,,,,
g‘ussa,,,,,ISIM,isim,,,,,,,,,,
g’alladon,,,,,,,,,,,,,,,,
gado,,,,,ISIM,isim,,,,,,,,,,
gaji,,,,,,,,,,,,,,,,
galereya,,,,,ISIM,isim,,,,,,,,,,
gap,,,,,ISIM,isim,,,,,,,,,,
garchi,,,,,EDAT_CUMLE_BASI,edat,,,,,,,,,,
gard,,,,,,,,,,,,,,,,
gazet,,,,,ISIM,isim,,,,,,,,,,
gazeta,,,,,ISIM,isim,,,,,,,,,,
geneologiya,geneologi,,,,ISIM,isim,DUSME_SON_HECE,,,,,,,,,
general,,,,,ISIM,isim,,,,,,,,,,
geniy,geni,,,,ISIM,isim,DUSME_SON_UNSUZ,,dahi,,,,,,,
geo΄log,,,,,ISIM,isim,,,,,,,,,,
geografiya,geografi,,,,ISIM,isim,DUSME_SON_HECE,,coğrafya,,,,,,,
german,,,,,ISIM,isim,,,,,,,,,,
gijja,,,,,ISIM,isim,,,"şerit, bağırsak paraziti",,,,,,,
gil,,,,,ISIM,isim,,,kil,,,,,,,
go‘dak,,,,,ISIM,isim,,,bebek,,,,,,,
go‘ja,,,,,ISIM,isim,,,mısır ya da buğday lapası,,,,,,,
Go‘ro‘g‘li,,,,,ISIM_OZEL,isim,,,,,,,,,,
go‘sha,,,,,FIIL,fiil,,,"gözden bir yer, köşe",,,,,,,
go‘sht,,,,,ISIM,isim,,,,,,,,,,
Gollandiya,,,,,ISIM_OZEL,isim,,,,,,,,,,
gorizont,,,,,ISIM,isim,,,uguk,,,,,,,
gorizont,,,,,ISIM,isim,,,,,,,,,,
gorizontal,,,,,SIFAT,sifat,,,,,,,,,,
got,,,,,ISIM,isim,,,goth,,,,,,,
grafema,,,,,ISIM,isim,,,,,,,,,,
grafika,grafi,,,,ISIM,isim,DUSME_SON_HECE,,,,,,,,,
grafit,,,,,ISIM,isim,,,,,,,,,,
gramm,,,,,ISIM,isim,,,,,,,,,,
grammatika,grammati,,,,ISIM,isim,DUSME_SON_HECE,,,,,,,,,
grant,,,,,ISIM,isim,,,,,,,,,,
grek,,,,,ISIM,isim,,,,,,,,,,
Gruziya,,,,,ISIM_OZEL,isim,,,,,,,,,,
gul,,,,,ISIM,isim,,,çiçek,,,,,,,
gulzor,,,,,ISIM,isim,,,,,,,,,,
gur,,,,,ISIM_TAKLIT,isim,,,pır (kushlar gur etib uchtular),,,,,,,
gurkira,,,,,FIIL,fiil,,,"filizlenmek, tomurcuklanmak, gürlemek, gelişmek",,,,,,,
Gurbanguli,,,,,ISIM_OZEL,isim,,,,,,,,,,
guruh,,,,,ISIM,isim,,,,,,,,,,
guvoh,,,,,ISIM,isim,,,,,,,,,,
guvra,,,,,FIIL,fiil,,,mırıldanmak,,,,,,,
haj,,,,,ISIM,isim,,,hac,,,,,,,
hajm,,,,,ISIM,isim,,,,,,,,,,
hal,,,,,ISIM,isim,,,"hal, durum",,,,,,,
hali,,,,,ZARF,zarf,,,"henüz, şu anda",,,,,,,
ham,,,,,EDAT_BAGLAMA,edat,,,,,,,,,,
hamisha,,,,,ZARF,zarf,,,,,,,,,,
hamkasb,,,,,ISIM_BIRLESIK,isim,,,,,,,,,,
hamkor,,,,,SIFAT,sifat,,,,,,,,,,
hamma,,,,,ZAMIR_BELIRSIZLIK,zamir,,,,,,,,,,
hang,,,,,ISIM,isim,,,karışık (kafanın karışıklığı),,,,,,,
haq,,,,,ISIM,isim,,,hak,,,,,,,
haqda,,,,,EDAT_CEKIM,edat,,,hakkında,,,,,,,
haqida,,,,,EDAT_CEKIM,edat,,,hakkında,,,,,,,
har,,,,,EDAT,edat,,,,,,,,,,
harakat,,,,,ISIM,isim,,,,,,,,,,
harbiy,,,,,ISIM,isim,,,,,,,,,,
harf,,,,,ISIM,isim,,,,,,,,,,
harorat,,,,,ISIM,isim,,,,,,,,,,
hasharga,,,,,,,,,,,,,,,,
hasharot,,,,,ISIM,isim,,,,,,,,,,
hatto,,,,,ZARF,zarf,,,,,,,,,,
havo,,,,,ISIM,isim,,,,,,,,,,
havza,,,,,ISIM,isim,,,,,,,,,,
hayda,,,,,FIIL,fiil,,,,,,,,,,
hay,,,,,UNLEM,unlem,Q_q,,hey,,,,,,,
haykir,,,,,FIIL,fiil,,,haykır,,,,,,,
hayvon,,,,,ISIM,isim,,,,,,,,,,
Hazarika,,,,,ISIM_OZEL,isim,,,,,,,,,,
hech,,,,,ZARF,zarf,,,,,,,,,,
Helga,,,,,ISIM_OZEL,isim,,,,,,,,,,
hid,,,,,ISIM,isim,,,,,,,,,,
hil,,,,,ISIM,isim,,,,,,,,,,
hind,,,,,ISIM,isim,,,,,,,,,,
Hindiston,,,,,ISIM_OZEL,isim,,,,,,,,,,
hind-yevropa,,,,,ISIM_BIRLESIK,isim,,,,,,,,,,
hiq,,,,,,,,,,,,,,,,
hiqildoq,,,,,,,,,,,,,,,,
his-hayajon,,,,,ISIM_BIRLESIK,isim,,,,,,,,,,
hisob,,,,,ISIM,isim,,,,,,,,,,
hisob,,,,,ISIM,isim,,,,,,,,,,
hissa,,,,,ISIM,isim,,,,,,,,,,
his-tuyg‘u,,,,,ISIM_BIRLESIK,isim,,,,,,,,,,
hodisa,,,,,ISIM,isim,,,,,,,,,,
hol,,,,,ISIM,isim,,,,,,,,,,
hoqon,,,,,ISIM,isim,,,,,,,,,,
hordiq,,,,,FIIL,fiil,,,,,,,,,,
hosil,,,,,ISIM,isim,,,,,,,,,,
hosila,,,,,ISIM,isim,,,,,,,,,,
hovli,,,,,ISIM,isim,,,,,,,,,,
hozir,,,,,ZARF,zarf,,,"şimdi, şu anda",,,,,,,
hozir,,,,,,,,,,,,,,,,
hudud,,,,,ISIM,isim,,,,,,,,,,
hujjat,,,,,ISIM,isim,,,,,,,,,,
hukm,,,,,ISIM,isim,,,,,,,,,,
hunar,,,,,ISIM,isim,,,,,,,,,,
huquq,,,,,ISIM,isim,,,hukuk,,,,,,,
hurmat,,,,,ISIM,isim,,,,,,,,,,
hurmatli,,,,,,,,,,,,,,,,
huzur,,,,,ISIM,isim,,,,,,,,,,
iberiy-kavkaz,,,,,ISIM_BIRLESIK,isim,,,,,,,,,,
iborat,,,,,EDAT_CEKIM,edat,,,,,,,,,,
ibtido,,,,,ISIM,isim,,,,,,,,,,
ich,,,,,ISIM,isim,G_k,,,,,,,,,
ich,,,,,FIIL,fiil,DONUSUM_Q,,,,,,,,,
ichak,,,,,ISIM,isim,,,,,,,,,,
ichki,,,,,,,,,,,,,,,,
idiografik,,,,,ISIM,isim,,,,,,,,,,
idrok,,,,,ISIM,isim,,,,,,,,,,
iflos,,,,,ISIM,isim,,,,,,,,,,
ifoda,,,,,ISIM,isim,,,,,,,,,,
igna,,,,,ISIM,isim,,,,,,,,,,
ignasimon,,,,,,,,,,,,,,,,
ijob,,,,,,,,,,,,,,,,
ijod,,,,,ISIM,isim,,,,,,,,,,
ijro,,,,,ISIM,isim,,,,,,,,,,
ijtimoiy,,,,,SIFAT,sifat,,,,,,,,,,
ijtimoiy-siyosiy,,,,,ISIM_BIRLESIK,isim,,,,,,,,,,
ikki,ikk,,,,SAYI,sayi,DUSME_SON_UNLU,,iki,,,,,,,
il,,,,,FIIL,fiil,,,"ilmek, asmak",,,,,,,
ili,,,,,FIIL,fiil,IQ_iq,,"ılımak, biraz ısımak",,,,,,,
ildiz,,,,,ISIM,isim,,,,,,,,,,
ilgari,,,,,ZARF,zarf,,,,,,,,,,
ilik,,,,,SIFAT,sifat,YUMUSAMA_kg,,,,,,,,,
ilin,,,,,FIIL,fiil,choq,,"ilinmek, asılmak",,,,,,,
iliq,,,,,,,YUMUSAMA_qg‘,,,,,,,,,
iljay,,,,,FIIL,fiil,,,,,,,,,,
ilk,,,,,ZARF,zaf,,,,,,,,,,
ilm,,,,,ISIM,isim,,,,,,,,,,
ilm-fan,,,,,ISIM_BIRLESIK,isim,,,,,,,,,,
ilmiy-tadqiqot,,,,,ISIM_BIRLESIK,isim,,,,,,,,,,
iloj,,,,,ISIM,isim,,,,,,,,,,
im,,,,,,,,,,,,,,,,
imkon,,,,,ISIM,isim,,,,,,,,,,
imlo,,,,,ISIM,isim,,,,,,,,,,
imzo,,,,,ISIM,isim,,,,,,,,,,
ingra,,,,,FIIL,fiil,,,,,,,,,,
inistitut,,,,,ISIM,isim,,,,,,,,,,
inqiroz,,,,,ISIM,isim,,,,,,,,,,
inson,,,,,ISIM,isim,,,insan,,,,,,,
intifoq,,,,,ISIM,isim,,,,,,,,,,
intil,,,,,FIIL,fiil,,,,,,,,,,
Iogan,,,,,,,,,,,,,,,,
iqtisod,,,,,ISIM,isim,,,,,,,,,,
iqtisodiy,,,,,,,,,,,,,,,,
iqtisodiyot,,,,,,,,,,,,,,,,
irg‘it,,,,,FIIL,fiil,,,atmak,,,,,,,
irgan,irgam,,,,FIIL,fiil,n_m,,"tiksinmek, iğrenmek",,,,,,,
irik,,,,,SIFAT,sifat,YUMUSAMA_kg,,,,,,,,,
Iroq,,,,,ISIM_OZEL,isim,,,,,,,,,,
irq,,,,,ISIM,isim,,,ırk,,,,,,,
ırq,,,,,ISIM,isim,,,,,,,,,,
irs,,,,,ISIM,isim,,,ırs,,,,,,,
is,,,,,ISIM,isim,G_k,,koku,,,,,,,
isbot,,,,,ISIM,isim,,,,,,,,,,
ish,,,,,ISIM,isim,,,iş,,,,,,,
ishan,,,,,FIIL,fiil,,,,,,,,,,
ishbilarmon,,,,,ISIM_BIRLESIK,isim,,,,,,,,,,
ishchan,,,,,,,,,,,,,,,,
ish,,,,,ISIM_TAKLIT,isim,Q_q,,"hişt,",,,,,,,
ishqir,,,,,FIIL,fiil,,,,,,,,,,
ishtirok,,,,,ISIM,isim,,,,,,,,,,
ishtiroq,,,,,ISIM,isim,,,iştirak,,,,,,,
ishtiyoq,,,,,ISIM,isim,,,"iştiyak, istek, arzu",,,,,,,
ishyoqmas,,,,,ISIM_BIRLESIK,isim,,,,,,,,,,
island,,,,,ISIM,isim,,,,,,,,,,
isloh,,,,,ISIM,isim,,,,,,,,,,
islohat,,,,,ISIM,isim,,,,,,,,,,
islom,,,,,ISIM,isim,,,,,,,,,,
ism,,,,,ISIM,isim,,,,,,,,,,
Ismoil,,,,,ISIM_OZEL,isim,,,,,,,,,,
ispan,,,,,ISIM,isim,,,,,,,,,,
issiq,,,,,SIFAT,sifat,,,,,,,,,,
ista,,,,,FIIL,fiil,,,,,,,,,,
istakan,,,,,ISIM,isim,,,,,,,,,,
iste’mol,,,,,ISIM,isim,,,,,,,,,,
istilo,,,,,ISIM,isim,,,,,,,,,,
istinod,,,,,ISIM,isim,,,,,,,,,,
istinodgoh,,,,,,,,,,,,,,,,
istiqlol,,,,,ISIM,isim,,,,,,,,,,
istiqomat,,,,,ISIM,isim,,,,,,,,,,
istirohat,,,,,ISIM,isim,,,,,,,,,,
italyan,,,,,ISIM,isim,,,,,,,,,,
ittifoq,,,,,ISIM,isim,,,ittifak,,,,,,,
ivir,,,,,,,,,,,,,,,,
ixcham,,,,,,,,,,,,,,,,
ixtisos,,,,,ISIM,isim,,,,,,,,,,
iyeroglif,,,,,ISIM,isim,,,,,,,,,,
iyul,,,,,ISIM,isim,,,,,,,,,,
iz,,,,,ISIM,isim,,,,,,,,,,
izchil,,,,,,,,,,,,,,,,
izhor,,,,,ISIM,isim,,,,,,,,,,
izoh,,,,,ISIM,isim,,,,,,,,,,
izzat,,,,,ISIM,isim,,,,,,,,,,
izzat-ikrom,,,,,ISIM_BIRLESIK,isim,,,,,,,,,,
jabha,,,,,ISIM,isim,,,,,,,,,,
jadid,,,,,ISIM,isim,,,,,,,,,,
jag‘,jag‘,,,,,,,,,,,,,,,
jahl,,,,,ISIM,isim,,,,,,,,,,
jahon,,,,,ISIM,isim,,,,,,,,,,
jam,,,,,ISIM,isim,,,,,,,,,,
jam,,,,,ISIM,isim,,,,,,,,,,
jamiyat,,,,,ISIM,isim,,,,,,,,,,
jamoa,,,,,ISIM,isim,,,,,,,,,,
jamoat,,,,,ISIM,isim,,,,,,,,,,
Jamolxonov,,,,,ISIM_OZEL,isim,,,,,,,,,,
jang,,,,,ISIM,isim,,,,,,,,,,
janggoh,,,,,,,,,,,,,,,,
janr,,,,,ISIM,isim,,,,,,,,,,
janub,,,,,ISIM,isim,,,,,,,,,,
jarang,,,,,ISIM,isim,,,,,,,,,,
jarayon,,,,,ISIM,isim,,,,,,,,,,
jargon,,,,,ISIM,isim,,,,,,,,,,
jasur,,,,,ISIM,isim,,,,,,,,,,
javob,,,,,ISIM,isim,,,,,,,,,,
jayran,,,,,ISIM,isim,,,,,,,,,,
Jeff,,,,,ISIM_OZEL,isim,,,,,,,,,,
jek,,,,,ISIM,isim,,,nefret,,,,,,,
jekir,,,,,FIIL,fiil,,,"azarlamak, sesini yükseltmek",,,,,,,
jihat,,,,,ISIM,isim,,,,,,,,,,
jihoz,,,,,ISIM,isim,,,,,,,,,,
jil,,,,,FIIL,fiil,,,,,,,,,,
jilmay,,,,,FIIL,fiil,,,,,,,,,,
jim,,,,,ISIM,isim,,,,,,,,,,
jindak,,,,,SIFAT,sifat,,,,,,,,,,
jips,,,,,SIFAT,sifat,,,,,,,,,,
jirkanch,,,,,SIFAT,sifat,,,,,,,,,,
jism,,,,,ISIM,isim,,,,,,,,,,
Jizzax,,,,,ISIM_OZEL,isim,,,,,,,,,,
jo‘ja,,,,,ISIM,isim,,,civciv,,,,,,,
jo‘na,,,,,FIIL,fiil,,,,,,,,,,
jo‘ra,,,,,,,,,,,,,,,,
jo‘yak,,,,,,,,,,,,,,,,
joiz,,,,,ISIM,isim,,,,,,,,,,
jon,,,,,ISIM,isim,,,,,,,,,,
jon,,,,,ISIM,isim,,,,,,,,,,
joriy,,,,,ISIM,isim,,,,,,,,,,
Joseph,,,,,ISIM_OZEL,isim,,,,,,,,,,
joy,,,,,ISIM,isim,,,,,,,,,,
juda,,,,,ZARF,zarf,,,,,,,,,,
juft,,,,,ISIM,isim,,,,,,,,,,
jumla,,,,,ISIM,isim,,,,,,,,,,
jurnal,,,,,ISIM,isim,,,,,,,,,,
jurnalist,,,,,ISIM,isim,,,gazeteci,,,,,,,
kabi,,,,,EDAT_CEKIM,edat,,,,,,,,,,
kabila,,,,,ISIM,isim,,,,,,,,,,
kahramon,,,,,ISIM,isim,,,,,,,,,,
kakildoq,,,,,,,,,,,,,,,,
kakildoq,,,,,SIFAT,sifat,,,,,,,,,,
kam,,,,,SIFAT,sifat,,,,,,,,,,
kamchil,,,,,,,,,,,,,,,,
kamon,,,,,ISIM,isim,,,,,,,,,,
Karimov,,,,,ISIM_OZEL,isim,,,,,,,,,,
kasb,,,,,ISIM,isim,,,,,,,,,,
kashf,,,,,ISIM,isim,,,,,,,,,,
kashta,,,,,ISIM,isim,,,,,,,,,,
katta,,,,,SIFAT,sifat,,,,,,,,,,
kayf,,,,,ISIM,sifat,,,,,,,,,,
kech,,,,,FIIL,fiil,,,geç,,,,,,,
kech,,,,,ZARF_ZAMAN,zarf,G_k,,"geç, akşam",,,,,,,
kecha,,,,,ZARF_ZAMAN,zarf,,,dün,,,,,,,
kekir,,,,,FIIL,fiil,,,geğirmek,,,,,,,
kel,,,,,FIIL,fiil,,,gelmek,,,,,,,
Keles,,,,,ISIM_OZEL,isim,,,,,,,,,,
kelin,,,,,ISIM,isim,,,gelin,,,,,,,
kemir,,,,,FIIL,fiil,,,kemirmek,,,,,,,
keng,,,,,SIFAT,sifat,,,,,,,,,,
kengash,,,,,ISIM,isim,,,,,,,,,,
kenja,,,,,ISIM,isim,,,küçük,,,,,,,
kenjatoy,,,,,,,,,,,,,,,,
kepchik,,,,,,,,,,,,,,,,
ker,,,,,FIIL,fiil,,,"germek, yaymak",,,,,,,
kerak,,,,,ISIM,isim,,,,,,,,,,
keraksiz,,,,,,,,,,,,,,,,
kes,,,,,FIIL,fiil,G_k,,,,,,,,,
ket,,,,,FIIL,fiil,G_k,,gitmek,,,,,,,
keyin,,,,,EDAT_CEKIM,edat,,,,,,,,,,
kichik,"kichig, kich",,,,SIFAT,sifat,"YUMUSAMA_kg, DUSME_SON_HECE, G_k",,küçük,,,,,,,
kilovatt,,,,,ISIM,isim,,,,,,,,,,
kim,,,,,ZAMIR_SORU,zamir,,,kim,,,,,,,
kimniki,,,,,,,,,,,,,,,,
Kipr,,,,,ISIM_OZEL,isim,,,,,,,,,,
kir,,,,,FIIL,fiil,,,gir,,,,,,,
kir,,,,,SIFAT,sifat,,,kir,,,,,,,
kirchil,,,,,,,,,,,,,,,,
kirgiz,,,,,ISIM,isim,,,,,,,,,,
kirill,kiril,,,,ISIM,isim,TEKLESME_L,,,,,,,,,
kishi,,,,,ISIM,isim,,,,,,,,,,
kissa,,,,,ISIM,isim,,,,,,,,,,
kitapli,,,,,,,,,,,,,,,,
kitob,,,,,ISIM,isim,,,kitap,,,,,,,
kiy,,,,,FIIL,fiil,,,,,,,,,,
kiyim-kechak,,,,,ISIM_BIRLESIK,isim,,,,,,,,,,
ko‘ch,,,,,FIIL,fiil,,,,,,,,,,
ko‘cha,,,,,ISIM,isim,,,,,,,,,,
ko‘hna,,,,,SIFAT,sifat,,,,,,,,,,
ko‘k,,,,,SIFAT,sifat,,,"gök, mavi",,,,,,,
ko‘k,,,,,SIFAT,sifat,,,,,,,,,,
ko‘kcha,,,,,,,,,,,,,,,,
ko‘kcha,,,,,,,,,,,,,,,,
ko‘krak,,,,,ISIM,isim,,,,,,,,,,
ko‘lam,,,,,ISIM,isim,,,,,,,,,,
ko‘lanka,,,,,ISIM,isim,,,,,,,,,,
ko‘m,,,,,FIIL,fiil,,,,,,,,,,
ko‘mak,,,,,ISIM,isim,,,,,,,,,,
ko‘mir,,,,,ISIM,isim,,,yanarak siyahlaşmış odun; kömür,,,,,,,
ko‘n,,,,,FIIL,fiil,,,alış,,,,,,,
ko‘ngil,ko‘ngl,,,,ISIM,isim,DUSME_SON_UNLU,,gönül,,,,,,,
ko‘p,,,,,SIFAT_BELIRSIZLIK,sifat,,,,,,,,,,
ko‘pey,,,,,FIIL,fiil,,,çoğalmak,,,,,,,
ko‘plik,,,,,,,,,,,,,,,,
ko‘r,,,,,ISIM,isim,,,kör,,,,,,,
ko‘r,,,,,FIIL,fiil,,,gör,,,,,,,
ko‘r,,,,,ISIM,isim,,,,,,,,,,
ko‘ra,,,,,EDAT_CEKIM,edat,,,,,,,,,,
Ko‘rfaz,,,,,ISIM_OZEL,isim,,,,,,,,,,
ko‘tar,,,,,FIIL,fiil,,,,,,,,,,
ko‘z,,,,,ISIM,isim,,,,,,,,,,
ko‘za,,,,,ISIM,isim,,,,,,,,,,
ko‘zga-,,,,,FIIL,fiil,,,,,,,,,,
kod,,,,,ISIM,isim,,,,,,,,,,
kofta,,,,,ISIM,isim,,,,,,,,,,
Kojayayla,,,,,ISIM_OZEL,isim,,,,,,,,,,
koloniya,koloni,,,,,,DUSME_SON_HECE,,somürge,,,,,,,
koloniya,koloni,,,,ISIM,isim,DUSME_SON_HECE,,,,,,,,,
kombinator,,,,,SIFAT,sifat,,,,,,,,,,
kombinatsiya,,,,,ISIM,isim,,,,,,,,,,
Komilov,,,,,ISIM_OZEL,isim,,,,,,,,,,
komissiya,komiss,,,,ISIM,isim,DUSME_SON_İKİ_HECE,,,,,,,,,
kommunikatsiya,kommunikat,,,,ISIM,isim,DUSME_SON_İKİ_HECE,,,,,,,,,
komparativistika,,,,,ISIM,isim,,,,,,,,,,
kompozitsiya,kompozits,,,,,,DUSME_SON_IKI_HECE,,kompozizsyon,,,,,,,
konservator,konservats,,,,,,DUSME_SON_HECE,,muhafazakar,,,,,,,
konsonontism,,,,,ISIM,isim,,,,,,,,,,
koordinator,,,,,ISIM,isim,,,,,,,,,,
kor,,,,,ISIM,isim,,,,,,,,,,
koreys,,,,,ISIM,isim,,,,,,,,,,
koridor,,,,,ISIM,isim,,,,,,,,,,
kosa,,,,,ISIM,isim,,,,,,,,,,
Koshg‘ariy,,,,,ISIM_OZEL,isim,,,,,,,,,,
Kosovo,,,,,ISIM_OZEL,isim,,,,,,,,,,
kotib,,,,,ISIM,isim,,,,,,,,,,
kubok,kubog,,,,ISIM,isim,YUMUSAMA_kg,,kupa,,,,,,,
kuch,,,,,ISIM,isim,,,,,,,,,,
kul,,,,,FIIL,fiil,,,,,,,,,,
Kultegin,,,,,,,,,,,,,,,,
kun,,,,,ISIM,isim,,,,,,,,,,
kurash,,,,,ISIM,isim,,,,,,,,,,
kut,,,,,ISIM,isim,,,,,,,,,,
kut,,,,,FIIL,"fiil, Ġ_k",,,beklemek,,,,,,,
kuy,,,,,FIIL,fiil,"IQ_ik, IQ_uk",,,,,,,,,
kuy,,,,,ISIM,isim,,,,,,,,,,
kuya,,,,,ISIM,isim,,,,,,,,,,
kuyov,,,,,ISIM,isim,,,,,,,,,,
kuyovlik,,,,,,,,,,,,,,,,
kuzat,,,,,FIIL,fiil,,,,,,,,,,
kvars,,,,,ISIM,isim,,,,,,,,,,
lab,,,,,ISIM,isim,,,,,,,,,,
lab-lab,,,,,ISIM_BIRLESIK,isim,,,,,,,,,,
lab-tish,,,,,ISIM_BIRLESIK,isim,,,,,,,,,,
lahja,,,,,ISIM,isim,,,,,,,,,,
lashkar,,,,,ISIM,isim,,,,,,,,,,
latin,,,,,ISIM,isim,,,,,,,,,,
latincha,,,,,,,,,,,,,,,,
lekin,,,,,EDAT_CUMLE_BASI,edat,,,,,,,,,,
leksika,leksi,,,,ISIM,isim,DUSME_SON_HECE,,,,,,,,,
leksiklug‘aviy,,,,,ISIM_BIRLESIK,isim,,,,,,,,,,
leksikografiya,,,,,ISIM_BIRLESIK,isim,,,,,,,,,,
lexikos-lug‘at,,,,,ISIM_BIRLESIK,,,,,,,,,,,
lingvistika,lingvisti,,,,,,DUSME_SON_HECE,,,,,,,,,
lo‘p,,,,,ISIM_TAKLIT,isim,,,"birden bire, hop diye, löp",,,,,,,
logika,logi,,,,,,DUSME_SON_HECE,,,,,,,,,
lot,,,,,ISIM,isim,,,,,,,,,,
lotin,,,,,ISIM,isim,,,,,,,,,,
loy,,,,,ISIM,isim,G_q,,çamur,,,,,,,
loyiha,,,,,ISIM,isim,,,,,,,,,,
loyxona,,,,,,,,,,,,,,,,
lozim,,,,,MODAL_SOZ,modal,,,,,,,,,,
lug‘at,lug‘a,,,,ISIM,isim,DUSME_SON_UNSUZ,,,,,,,,,
Luksemburg,,,,,ISIM_OZEL,isim,,,Luksemburg,,,,,,,
Lutfiy,,,,,,,,,,,,,,,,
ma‘lum,,,,,SIFAT,sifat,,,,,,,,,,
ma’lumot,,,,,ISIM,isim,,,,,,,,,,
ma’lumotnoma,,,,,ISIM_BIRLESIK,isim,,,,,,,,,,
ma’naviy,,,,,SIFAT,sifat,,,,,,,,,,
ma’no,,,,,ISIM,isim,,,,,,,,,,
ma’qul,,,,,SIFAT,sifat,,,,,,,,,,
ma’ruza,,,,,ISIM,isim,,,,,,,,,,
mablag‘,,,,,ISIM,isim,,,,,,,,,,
machit,,,,,ISIM,isim,,,,,,,,,,
madaniy,,,,,SIFAT,sifat,,,,,,,,,,
madaniyat,,,,,ISIM,isim,,,,,,,,,,
madaniy-gumanitar,,,,,ISIM_BIRLESIK,isim,,,,,,,,,,
Madhumita,,,,,ISIM_OZEL,isim,,,,,,,,,,
mahal,,,,,ISIM,isim,,,,,,,,,,
mahalliy,,,,,SIFAT,sifat,,,,,,,,,,
mahkama,,,,,ISIM,isim,,,,,,,,,,
Mahmud,,,,,ISIM_OZEL,isim,,,,,,,,,,
mahsul,,,,,ISIM,isim,,,,,,,,,,
majburiy,,,,,ISIM,isim,,,,,,,,,,
majlis,,,,,ISIM,isim,,,,,,,,,,
majmua,,,,,ISIM,isim,,,,,,,,,,
majmui,,,,,ISIM,isim,,,,,,,,,,
Makedoniya,,,,,ISIM_OZEL,isim,,,,,,,,,,
makon,,,,,ISIM,isim,,,,,,,,,,
maktab,,,,,ISIM,isim,,,,,,,,,,
malumot,,,,,ISIM,isim,,,,,,,,,,
mamlakat,,,,,ISIM,isim,,,,,,,,,,
mamlakatlararo,,,,,ISIM_BIRLESIK,isim,,,,,,,,,,
mamnuniyat,,,,,ISIM,isim,,,,,,,,,,
manba,,,,,ISIM,isim,,,,,,,,,,
manfaat,,,,,ISIM,isim,,,,,,,,,,
Manservisi,,,,,ISIM_OZEL,isim,,,,,,,,,,
mansub,,,,,ISIM,isim,,,,,,,,,,
mantiq,,,,,ISIM,isim,,,,,,,,,,
manzur,,,,,ISIM,isim,,,,,,,,,,
maorif,,,,,ISIM,isim,,,,,,,,,,
maqol,,,,,ISIM,isim,,,,,,,,,,
maqom,,,,,ISIM,isim,,,,,,,,,,
maqsad,,,,,ISIM,isim,,,,,,,,,,
maqta,maqto,,,,FIIL,fiil,YUVARLAKLASMA_ao,,övmek,,,,,,,
maqtan,,,,,FIIL,fiil,choq,,övünmek,,,,,,,
mard,,,,,ISIM,isim,,,,,,,,,,
marhamat,,,,,ISIM,isim,,,,,,,,,,
markaz,,,,,ISIM,isim,,,,,,,,,,
marmar,,,,,ISIM,isim,,,,,,,,,,
mart,,,,,ISIM,isim,,,,,,,,,,
marta,,,,,ISIM,isim,,,,,,,,,,
mas’ul,,,,,ISIM,isim,,,,,,,,,,
masala,,,,,ISIM,isim,,,,,,,,,,
mashhur,,,,,SIFAT,sifat,,,,,,,,,,
mashina,,,,,ISIM,isim,,,,,,,,,,
mashq,,,,,ISIM,isim,,,,,,,,,,
maslak,,,,,ISIM,isim,,,,,,,,,,
maslakdosh,,,,,,,,,,,,,,,,
mata,,,,,ISIM,isim,,,,,,,,,,
matal,,,,,ISIM,isim,,,,,,,,,,
matbaa,,,,,ISIM,isim,,,,,,,,,,
matbuot,,,,,ISIM,isim,,,,,,,,,,
material,,,,,ISIM,isim,,,,,,,,,,
matn,,,,,ISIM,isim,,,,,,,,,,
mato,,,,,ISIM,isim,,,,,,,,,,
mavhum,,,,,ISIM,isim,,,,,,,,,,
mavjud,,,,,ISIM,isim,,,,,,,,,,
mavqe,mavqey,,,,ISIM,isim,TUREME_Y,,mevki,,,,,,,
mavrid,,,,,ISIM,isim,,,,,,,,,,
mavzu,mavzuyi,,,,ISIM,isim,TUREME_Y,,mevzu,,,,,,,
maxta,maxto,,,,FIIL,fiil,YUVARLAKLASMA_ao,,övmek,,,,,,,
maxsus,,,,,ISIM,isim,,,,,,,,,,
may,,,,,ISIM,isim,,,,,,,,,,
mayda,,,,,SIFAT,sifat,,,,,,,,,,
maydon,,,,,ISIM,isim,,,,,,,,,,
mayl,,,,,ISIM,isim,,,,,,,,,,
maymun,,,,,ISIM,isim,chak,,maymun,,,,,,,
mazkur,,,,,ISIM,isim,,,,,,,,,,
mazmun,,,,,ISIM,isim,,,,,,,,,,
Me’rojnoma,,,,,ISIM_OZEL,isim,,,,,,,,,,
me’yor,,,,,ISIM,isim,,,,,,,,,,
men,me,,,,ZAMIR_SAHIS,zamir,"TEKLESME_N, daQa",,ben,,,,,,,
mendagi,,,,,,,,,,,,,,,,
meniki,,,,,,,,,,,,,,,,
Meredov,,,,,ISIM_OZEL,isim,,,,,,,,,,
merosim,,,,,ISIM,isim,,,,,,,,,,
metafora,,,,,ISIM,isim,,,,,,,,,,
metall,metal,,,,ISIM,isim,TEKLESME_L,,"metal, demir",,,,,,,
metateza,,,,,ISIM,isim,,,,,,,,,,
metonimiya,,,,,ISIM,isim,,,,,,,,,,
meva,,,,,ISIM,isim,,,,,,,,,,
mexanika,mexani,,,,ISIM,isim,DUSME_SON_HECE,,,,,,,,,
militsiya,,,,,ISIM,isim,,,,,,,,,,
milk,,,,,ISIM,isim,,,,,,,,,,
millat,mill,,,,ISIM,isim,DUSME_SESGRUBU,,,,,,,,,
million,,,,,ISIM,isim,,,,,,,,,,
milliy,,,,,ISIM,isim,,,,,,,,,,
milod,,,,,ISIM,isim,,,,,,,,,,
min,,,,,FIIL,fiil,,,binmek,,,,,,,
ming,,,,,SAYI,sayi,,,,,,,,,,
minnat,,,,,ISIM,isim,,,,,,,,,,
mintaqa,,,,,ISIM,isim,,,,,,,,,,
mintaqalararo,,,,,,,,,,,,,,,,
miqdor,,,,,ISIM,isim,,,,,,,,,,
miqdor,,,,,,,,,,,,,,,,
miqyos,,,,,ISIM,isim,,,,,,,,,,
Mirziyoyev,,,,,ISIM_OZEL,isim,,,,,,,,,,
Mirzo,,,,,ISIM_OZEL,isim,,,,,,,,,,
mirzo,,,,,ISIM,isim,,,,,,,,,,
misol,,,,,ISIM,isim,,,,,,,,,,
mix,,,,,ISIM,isim,,,,,,,,,,
Mo‘g‘iliston,,,,,ISIM_OZEL,isim,,,,,,,,,,
mo‘g‘ul,,,,,ISIM,isim,,,,,,,,,,
mo‘ljal,,,,,ISIM,isim,,,,,,,,,,
mobaynida,,,,,EDAT_CEKIM,edat,,,,,,,,,,
modal,,,,,ISIM,isim,,,,,,,,,,
modda,modd,,,,ISIM,isim,DUSME_SON_UNLU,,,,,,,,,
moddiy-texnik,,,,,ISIM_BIRLESIK,isim,,,,,,,,,,
modernizatsiya,,,,,ISIM,isim,,,,,,,,,,
mohiyat,,,,,ISIM,isim,,,,,,,,,,
mojora,,,,,ISIM,isim,,,,,,,,,,
mol,,,,,ISIM,isim,,,,,,,,,,
Moldovya,,,,,ISIM_OZEL,isim,,,,,,,,,,
moliya,,,,,ISIM,isim,,,,,,,,,,
moment,,,,,,,,,an,,,,,,,
moment,,,,,ISIM,isim,,,,,,,,,,
monolog,,,,,ISIM,isim,,,,,,,,,,
monosemantik,,,,,ISIM_BIRLESIK,isim,,,,,,,,,,
monosemiya,,,,,ISIM_BIRLESIK,isim,,,,,,,,,,
monosillabik,,,,,ISIM_BIRLESIK,isim,,,,,,,,,,
morfema,,,,,ISIM,isim,,,,,,,,,,
morfemika,,,,,ISIM,isim,,,,,,,,,,
morfologiya,morfologi,,,,ISIM,isim,DUSME_SON_HECE,,,,,,,,,
mos,,,,,SIFAT,sifat,,,,,,,,,,
Moskva,,,,,ISIM_OZEL,isim,,,,,,,,,,
muammo,,,,,ISIM,isim,,,,,,,,,,
muassasa,,,,,ISIM,isim,,,,,,,,,,
muayyan,,,,,SIFAT,sifat,,,,,,,,,,
muborak,,,,,SIFAT,sifat,,,,,,,,,,
mudarris,,,,,ISIM,isim,,,,,,,,,,
muddat,,,,,ISIM,isim,,,,,,,,,,
mudofaa,,,,,ISIM,isim,,,,,,,,,,
mudom,,,,,ISIM,isim,,,,,,,,,,
mug‘ombir,,,,,ISIM,isim,,,,,,,,,,
Muhabbatnoma,,,,,ISIM_OZEL,isim,,,,,,,,,,
Muhammad,,,,,ISIM_OZEL,isim,,,,,,,,,,
Muhammedov,,,,,ISIM_OZEL,isim,,,,,,,,,,
muharrir,,,,,ISIM,isim,,,,,,,,,,
muharrir-redaktor,,,,,ISIM_BIRLESIK,isim,,,,,,,,,,
muhim,,,,,ISIM,isim,,,,,,,,,,
muhit,,,,,ISIM,isim,,,,,,,,,,
muhokama,,,,,ISIM,isim,,,,,,,,,,
Muhokamat-ul lug‘atayn,,,,,ISIM_OZEL,isim,,,,,,,,,,
mujassam,,,,,SIFAT,sifat,,,,,,,,,,
mukofot,,,,,ISIM,isim,,,,,,,,,,
mulohaza,,,,,ISIM,isim,,,,,,,,,,
mumkin,,,,,SIFAT,sifat,,,,,,,,,,
munosabat,,,,,ISIM,isim,,,,,,,,,,
muomala,,,,,ISIM,isim,,,,,,,,,,
muqaddam,,,,,EDAT_CEKIM,edat,,,,,,,,,,
murakkab,,,,,SIFAT,sifat,,,,,,,,,,
murojaat,,,,,ISIM,isim,,,,,,,,,,
mushoira,,,,,ISIM,isim,,,,,,,,,,
mushuk,,,,,ISIM,isim,,,,,,,,,,
mustahkam,,,,,SIFAT,sifat,,,,,,,,,,
mustaqil,,,,,SIFAT,sifat,,,,,,,,,,
mustasno,,,,,SIFAT,sifat,,,,,,,,,,
mutlaq,,,,,SIFAT,sifat,,,,,,,,,,
mutolaa,,,,,SIFAT,sifat,,,,,,,,,,
muvofiq,,,,,SIFAT,sifat,,,,,,,,,,
muyassar,,,,,SIFAT,sifat,,,,,,,,,,
Muyunchur,,,,,ISIM_OZEL,isim,,,,,,,,,,
Muzaffar,,,,,ISIM_OZEL,isim,,,,,,,,,,
muzey,,,,,ISIM,isim,,,,,,,,,,
muzokara,,,,,ISIM,isim,,,,,,,,,,
muzxona,,,,,,,,,,,,,,,,
muzxona,,,,,ISIM_BIRLESIK,isim,,,,,,,,,,
nafar,,,,,ISIM,isim,,,,,,,,,,
nafas,,,,,ISIM,isim,,,,,,,,,,
nam,,,,,ISIM,isim,,,,,,,,,,
Namangan,,,,,ISIM_OZEL,isim,,,,,,,,,,
namoyish,,,,,ISIM,isim,,,,,,,,,,
namoyon,,,,,SIFAT,sifat,,,,,,,,,,
namuna,,,,,ISIM,isim,,,,,,,,,,
naqd,,,,,ISIM,isim,,,,,,,,,,
narsa,,,,,ISIM,isim,,,,,,,,,,
narsa-buyum,,,,,ISIM_BIRLESIK,isim,,,,,,,,,,
nashr,,,,,ISIM,isim,,,,,,,,,,
natija,,,,,ISIM,isim,,,,,,,,,,
natsional,,,,,ISIM,isim,,,,,,,,,,
natsiya,,,,,,,,,millet,,,,,,,
nav,,,,,ISIM,isim,,,,,,,,,,
navbat,,,,,ISIM,isim,,,,,,,,,,
Navoiy,,,,,,,,,,,,,,,,
naxt,,,,,ISIM,isim,,,,,,,,,,
nazar,,,,,ISIM,isim,,,,,,,,,,
nazariya,,,,,ISIM,isim,,,,,,,,,,
necha,,,,,ZAMIR_SORU,zamir,,,,,,,,,,
negiz,,,,,ISIM,isim,,,,,,,,,,
nemis,,,,,ISIM,isim,,,,,,,,,,
nerv,,,,,ISIM,isim,,,,,,,,,,
nihoya,,,,,SIFAT,sifat,,,,,,,,,,
Nikolay,,,,,ISIM_OZEL,sifat,,,,,,,,,,
nima,,,,,ZAMIR_SORU,zamir,,,,,,,,,,
niqtala,,,,,FIIL,fiil,,,,,,,,,,
nisbat,,,,,ISIM,,,,,,,,,,,
nisbatan,,,,,ZARF,zarf,,,,,,,,,,
nisbiy,,,,,SIFAT,sifat,,,,,,,,,,
nodavlat-notijorat,,,,,ISIM_BIRLESIK,isim,,,,,,,,,,
nodir,,,,,SIFAT,sifat,,,,,,,,,,
nodon,,,,,SIFAT,sifat,,,,,,,,,,
nofaol,,,,,SIFAT,sifat,,,,,,,,,,
nogah,,,,,ZARF,zarf,,,,,,,,,,
nogay,,,,,ISIM,isim,,,,,,,,,,
nogoh,,,,,ZARF,zarf,,,,,,,,,,
nohaq,,,,,SIFAT,sifat,,,,,,,,,,
noloyiq,,,,,SIFAT,sifat,,,,,,,,,,
nom,,,,,ISIM,isim,,,,,,,,,,
noma’lum,,,,,SIFAT,sifat,,,,,,,,,,
nomozlik,,,,,ISIM,isim,,,,,,,,,,
nomozlik,,,,,ISIM,isim,,,,,,,,,,
nomus,,,,,ISIM,isim,,,,,,,,,,
nomuvafiq,,,,,SIFAT,sifat,,,,,,,,,,
nomzod,,,,,ISIM,isim,,,,,,,,,,
non,,,,,ISIM,isim,,,,,,,,,,
nonvoy,,,,,ISIM,isim,,,,,,,,,,
nonko‘r,,,,,ISIM,isim,,,,,,,,,,
nongko‘r,,,,,ISIM,isim,,,,,,,,,,
noo‘xshash,,,,,SIFAT,sifat,,,,,,,,,,
noq,,,,,ISIM,isim,,,armut,,,,,,,
noqardosh,,,,,SIFAT,sifat,,,,,,,,,,
noqulay,,,,,SIFAT,sifat,,,,,,,,,,
norma,,,,,ISIM,isim,,,,,,,,,,
norozi,,,,,SIFAT,sifat,,,,,,,,,,
norveg,,,,,ISIM,isim,,,,,,,,,,
nota,,,,,ISIM,isim,,,,,,,,,,
notinch,,,,,SIFAT,sifat,,,,,,,,,,
noto‘g‘ri,,,,,SIFAT,sifat,,,,,,,,,,
novda,,,,,ISIM,isim,,,,,,,,,,
noyabr,,,,,ISIM,isim,,,,,,,,,,
nozik,,,,,SIFAT,sifat,,,,,,,,,,
nuqson// nuxson,,,,,SIFAT,sifat,,,,,,,,,,
nuqtai nazar,,,,,ISIM_TAMLAMA,isim,,,,,,,,,,
nuqul,,,,,SIFAT,sifat,,,,,,,,,,
nur,,,,,ISIM,isim,,,,,,,,,,
nuroniy,,,,,,,,,,,,,,,,
nuroniy,,,,,ISIM,isim,,,,,,,,,,
nusxa,,,,,ISIM,isim,,,,,,,,,,
nutq,,,,,ISIM,isim,,,,,,,,,,
obro‘,,,,,,,,,,,,,,,,
o‘chir,,,,,ISIM,isim,,,,,,,,,,
o‘g‘il,o‘g‘l,,,,ISIM,isim,DUSME_SON_UNLU,,,,,,,,,
o‘g‘ri,,,,,FIIL,fiil,IQ_iq,,"ağrımak, hastalanmak",,,,,,,
o‘g‘riq,,,,,ISIM,isim,,,"ağrı, sızı",,,,,,,
o‘kin,,,,,FIIL,fiil,,,,,,,,,,
o‘kra,,,,,FIIL,fiil,DUSME_SON_UNLU,,,,,,,,,
o‘ksi,,,,,FIIL,fiil,,,,,,,,,,
o‘l,,,,,FIIL,fiil,,,,,,,,,,
o‘lch,,,,,FIIL,fiil,,,,,,,,,,
o‘lka,,,,,ISIM,isim,,,,,,,,,,
o‘mil,,,,,ISIM,isim,,,"ön, göğüs",,,,,,,
o‘mildiriq,o‘mildirig‘,,,,ISIM,isim,YUMUSAMA_qg‘,,,,,,,,,
o‘n,,,,,SAYI,sayi,,,on,,,,,,,
o‘ng,,,,,ISIM,isim,,,,,,,,,,
o‘pka,,,,,ISIM,isim,,,,,,,,,,
o‘q,,,,,ISIM,isim,,,ok,,,,,,,
o‘qi,o‘qu,,,,FIIL,fiil,YUVARLAMLASMA_iu,,oku,,,,,,,
o‘r,,,,,FIIL,fiil,,,or,,,,,,,
o‘r,,,,,FIIL,fiil,,,ör,,,,,,,
o‘r,,,,,FIIL,fiil,,,yukarı tırman,,,,,,,
o‘raq,o‘rag‘,,,,ISIM,isim,YUMUSAMA_qg‘,,orak,,,,,,,
o‘raqchi,,,,,,,,,,,,,,,,
o‘rdak,,,,,ISIM,isim,,,,,,,,,,
o‘rin,o‘rn,,,,ISIM,isim,DUSME_SON_UNLU,,"yer, makam",,,,,,,
o‘rta,,,,,ZARF,zarf,,,,,,,,,,
o‘rta,,,,,ISIM,isim,YUVARLAMLASMA_ao,,,,,,,,,
o‘rtoq,o‘rtog‘,,,,ISIM,isim,YUMUSAMA_qg‘,,ortak,,,,,,,
o‘rxun,,,,,ISIM_OZEL,isim,,,,,,,,,,
O‘rxun,,,,,ISIM_OZEL,isim,,,,,,,,,,
O‘rxun-Enasoy,,,,,ISIM_OZEL_BIRLESIK,isim,,,,,,,,,,
o‘s,,,,,FIIL,fiil,,,,,,,,,,
o‘sha,o‘shani,,,,ZAMIR_ISARET,zamir,"TUREME_N, TUREME_ni",,işte o,,,,,,,
o‘t,,,,,FIIL,fiil,"G_k, E_a",,geç,,,,,,,
o‘t,,,,,ISIM,isim,G_q,,od,,,,,,,
o‘t,,,,,ISIM,isim,G_q,,ot,,,,,,,
o‘ta,,,,,ZARF,zarf,,,,,,,,,,
o‘xsha,,,,,FIIL,fiil,,,,,,,,,,
o‘y,,,,,FIIL,fiil,,,,,,,,,,
o‘yin,o‘yn,,,,ISIM,isim,"DUSME_SON_UNLU, daQa",,,,,,,,,
o‘ymoq,,,,,FIIL,fiil,,,,,,,,,,
o‘z,,,,,ZAMIR_DONUSLU,zamir,o_a,,"öz, kendi",,,,,,,
o‘z,,,,,FIIL,fiil,,,,,,,,,,
o‘zak-negiz,,,,,ISIM_BIRLESIK,isim,,,,,,,,,,
o‘zaro,,,,,ISIM_BIRLESIK,isim,,,,,,,,,,
o‘zbek,,,,,ISIM,isim,,,,,,,,,,
O‘zbekiston,,,,,ISIM_OZEL,isim,,,,,,,,,,
o‘zga,,,,,,,,,,,,,,,,
o’tin,,,,,,,,,,,,,,,,
o’tloq,,,,,,,,,,,,,,,,
ob’ekt,,,,,ISIM,isim,,,objektif,,,,,,,
ob’ektiv,,,,,ISIM,isim,,,,,,,,,,
ob’yekti,,,,,ISIM,isim,,,,,,,,,,
obida,,,,,ISIM,isim,,,,,,,,,,
obraz,,,,,ISIM,isim,,,,,,,,,,
obro‘,obro‘y,,,,ISIM,isim,TUREME_Y,,,,,,,,,
och,,,,,FIIL,fiil,G_q,,açmak,,,,,,,
och,,,,,SIFAT,sifat,G_q,,aç,,,,,,,
ocherk,,,,,ISIM,isim,,,"deneme, belgesel yazı",,,,,,,
o‘ch,,,,,FIIL,fiil,G_k,,sönmek,,,,,,,
odam,,,,,ISIM,isim,,,,,,,,,,
odat,,,,,ISIM,isim,,,,,,,,,,
oddiy,,,,,SIFAT,sifat,,,,,,,,,,
ofat,,,,,ISIM,isim,,,,,,,,,,
og‘,oq,,,,FIIL,fiil,IKISLESME_qq,,ağmak,,,,,,,
og‘ir,,,,,SIFAT,sifat,,,,,,,,,,
og‘iz,og‘z,,,,ISIM,isim,DUSME_SON_UNLU,,ağız,,,,,,,
og‘ri,,,,,ISIM,isim,,,,,,,,,,
ohang,,,,,ISIM,isim,,,,,,,,,,
oid,,,,,EDAT_CEKIM,edat,,,,,,,,,,
oila,,,,,ISIM,isim,,,,,,,,,,
okil,,,,,ISIM,isim,,,,,,,,,,
o'kin,o'ki,,,,FIIL,fiil,DUSME_UNSUZ,,pişman olmak,,,,,,,
oktabr,,,,,ISIM,isim,,,,,,,,,,
ol,,,,,FIIL,fiil,G_g‘,,,,,,,,,
ola,,,,,SIFAT,sifat,,,,,,,,,,
olacha,,,,,,,,,,,,,,,,
olacha,,,,,,,,,,,,,,,,
olam,,,,,ISIM,isim,,,,,,,,,,
old,,,,,ZARF,zarf,,,,,,,,,,
olg‘an,,,,,,,,,,,,,,,,
olim,,,,,ISIM,isim,,,,,,,,,,
oliy,,,,,ISIM,isim,,,,,,,,,,
olma,,,,,ISIM,isim,,,elma,,,,,,,
olmon,,,,,ISIM,isim,,,,,,,,,,
olmosh,,,,,ISIM,isim,,,,,,,,,,
olov,,,,,ISIM,isim,,,alev,,,,,,,
olqa,olqi,,,,FIIL,fiil,DARALMA_SON_UNLU,,,,,,,,,
olti,olt,,,,SAYI,sayi,DUSME_SON_UNLU,,altı,,,,,,,
oltin,,,,,ISIM,isim,,,,,,,,,,
oltita,,,,,,,,,,,,,,,,
Oltoy,,,,,ISIM_OZEL,isim,,,,,,,,,,
omil,,,,,ISIM,isim,,,,,,,,,,
omma,,,,,ISIM,isim,,,,,,,,,,
omofon,,,,,ISIM,isim,,,,,,,,,,
omoforma,,,,,ISIM,isim,,,,,,,,,,
omograf,,,,,ISIM,isim,,,,,,,,,,
omon,,,,,ISIM,isim,,,,,,,,,,
omonim,,,,,ISIM,isim,,,,,,,,,,
omoshakl,,,,,ISIM_BIRLESIK,isim,,,,,,,,,,
ona,,,,,ISIM,isim,,,ana,,,,,,,
ong,,,,,ISIM,isim,,,,,,,,,,
onlab,,,,,,,,,,,,,,,,
operativ,,,,,SIFAT,sifat,,,,,,,,,,
oq,,,,,SIFAT,sifat,,,"ak, beyaz",,,,,,,
oq,,,,,FIIL,fiil,,,ak,,,,,,,
oqsoq,oqsog‘,,,,SIFAT,sifat,YUMUSAMA_qg‘,,,,,,,,,
opich,,,,,FIIL,fiil,,,sırtında taşımak,,,,,,,
ora,,,,,ISIM,isim,,,,,,,,,,
Orenburg,,,,,ISIM_OZEL,isim,,,Orenburg,,,,,,,
orfoepiya,orfoepi,,,,ISIM,isim,DUSME_SON_HECE,,,,,,,,,
orfografiya,orfografi,,,,ISIM,isim,DUSME_SON_HECE,,,,,,,,,
orindiq qoltiq,,,,,,,,,,,,,,,,
oro,,,,,,,,,,,,,,,,
orom,,,,,ISIM,isim,,,,,,,,,,
orqa,,,,,ISIM,isim,,,,,,,,,,
orqali,,,,,EDAT_CEKIM,isim,,,,,,,,,,
ort,,,,,ISIM,isim,,,,,,,,,,
ort,,,,,FIIL,fiil,,,,,,,,,,
ort,,,,,FIIL,fiil,,,,,,,,,,
ortiq,ortig‘,,,,ZARF,zarf,YUMUSAMA_qg‘,,,,,,,,,
os,,,,,FIIL,fiil,,,,,,,,,,
osh,,,,,FIIL,fiil,,,"artmak, çoğalmak",,,,,,,
osh,,,,,ISIM,isim,,,,,,,,,,
oshxona,,,,,,,,,,,,,,,,
Osiyo,,,,,ISIM,isim,,,,,,,,,,
osmon,,,,,ISIM,isim,,,,,,,,,,
ot,,,,,FIIL,fiil,,,,,,,,,,
ot,,,,,ISIM,isim,,,,,,,,,,
ot,,,,,ISIM,isim,,,,,,,,,,
ot,,,,,,,,,,,,,,,,
ota,,,,,,,,,,,,,,,,
otpuska,,,,,ISIM,isim,,,,,,,,,,
ovoz,,,,,ISIM,isim,,,,,,,,,,
ovun,,,,,FIIL,fiil,choq,,avunmak,,,,,,,
ovqat,,,,,ISIM,isim,,,,,,,,,,
oxir,,,,,ISIM,isim,,,,,,,,,,
oxsha,,,,,FIIL,fiil,,,,,,,,,,
oy,,,,,ISIM,isim,,,,,,,,,,
Oybek,,,,,ISIM_OZEL,isim,,,,,,,,,,
oyna,,,,,ISIM,isim,,,,,,,,,,
oyoq,oyog‘,,,,ISIM,,YUMUSAMA_qg‘,,,,,,,,,
oysimon,,,,,,,,,,,,,,,,
oz,,,,,FIIL,fiil,G_g‘,,"zayıf düş, bitkin düş",,,,,,,
oz,,,,,FIIL,fiil,G_g‘,,"az, doğru yoldan sap",,,,,,,
oz,,,,,SIFAT,sifat,G_g‘,,az,,,,,,,
Ozarbayjon,,,,,ISIM_OZEL,isim,,,,,,,,,,
o'zbek,,,,,ISIM,isim,,,,,,,,,,
pahlaviy,,,,,ISIM,isim,,,,,,,,,,
pakt,,,,,ISIM,isim,,,,,,,,,,
palla,,,,,ISIM,isim,,,,,,,,,,
palla,,,,,ISIM,isim,,,,,,,,,,
parashut,,,,,ISIM,isim,,,,,,,,,,
parcha,,,,,ISIM,isim,,,,,,,,,,
parda,,,,,ISIM,isim,,,,,,,,,,
paronimiya,,,,,ISIM,isim,,,,,,,,,,
partiya,,,,,ISIM,isim,,,parti,,,,,,,
parvo,parvoy,,,,ISIM,isim,TUREME_Y,,perva,,,,,,,
past,,,,,ISIM,isim,,,,,,,,,,
past,,,,,,,,,,,,,,,,
pauza,,,,,ISIM,isim,,,,,,,,,,
paxta,,,,,ISIM,isim,,,,,,,,,,
paycha,,,,,ISIM,isim,,,,,,,,,,
paydo,,,,,ISIM,isim,,,,,,,,,,
payt,,,,,ISIM,isim,,,,,,,,,,
pedagog,,,,,ISIM,isim,,,pedagog,,,,,,,
Pentagon,,,,,ISIM_OZEL,isim,,,,,,,,,,
peshvoz,,,,,ISIM,isim,,,,,,,,,,
pich,,,,,ISIM,isim,,,,,,,,,,
piktografiya,piktografi,,,,ISIM,isim,DUSME_SON_HECE,,,,,,,,,
pilik,pilig,,,,ISIM,isim,YUMUSAMA_kg,,,,,,,,,
pir-pir,,,,,ISIM_TAKLIT,isim,,,,,,,,,,
pishak,pishag,,,,ISIM,isim,YUMUSAMA_kg,,,,,,,,,
pish,,,,,ISIM_TAKLIT,isim,Q_q,,"fış, pişt",,,,,,,
pishqir,,,,,FIIL,fiil,,,"fışkır,",,,,,,,
pish,,,,,FIIL,fiil,IQ_iq,,pişmek,,,,,,,
pish,,,,,FIIL,fiil,IQ_iq,,suya batırıp ıslatmak,,,,,,,
poetika,poeti,,,,ISIM,isim,DUSME_SON_HECE,,,,,,,,,
Pokiston,,,,,ISIM_OZEL,isim,,,,,,,,,,
polisemantika,polisemanti,,,,ISIM,isim,DUSME_SON_HECE,,,,,,,,,
polisemiya,polisem,,,,ISIM,isim,DUSME_SESGRUBU,,,,,,,,,
polisintetika,polisinteti,,,,ISIM,isim,DUSME_SON_HECE,,,,,,,,,
polkovnik,,,,,ISIM,isim,,,,,,,,,,
porla,porlo,,,,FIIL,fiil,YUVARLAKLASMA_ao,,,,,,,,,
portla,,,,,FIIL,fiil,,,,,,,,,,
portugal,,,,,FIIL,fiil,,,,,,,,,,
poyga,,,,,ISIM,isim,,,,,,,,,,
poytaxt,,,,,ISIM,isim,,,,,,,,,,
pozitsia,pozits,,,,ISIM,isim,DUSME_SON_İKİ_HECE,,,,,,,,,
prakopa,,,,,ISIM,isim,,,,,,,,,,
Prezident,,,,,ISIM_OZEL,isim,,,Cumhurbaşkanı,,,,,,,
prezident,,,,,ISIM,isim,,,,,,,,,,
professor,,,,,ISIM,isim,,,,,,,,,,
progress,,,,,ISIM,isim,,,,,,,,,,
propuska,,,,,ISIM,isim,,,,,,,,,,
proteza,,,,,ISIM,isim,,,,,,,,,,
psixika,,,,,ISIM,isim,,,,,,,,,,
psixik-akustik,,,,,ISIM_BIRLESIK,isim,,,,,,,,,,
publisistika,,,,,ISIM,isim,,,,,,,,,,
pufak,pufag,,,,ISIM,isim,YUMUSAMA_kg,,,,,,,,,
puk,,,,,ISIM,isim,,,aşık kemiğinin tümsekli tarafı,,,,,,,
pul,pul,,,,ISIM,isim,,,,,,,,,,
punktiatsiya,punktuats,,,,ISIM,isim,DUSME_SON_IKI_HECE,,,,,,,,,
purka,,,,,FIIL,fiil,,,,,,,,,,
qabila,,,,,ISIM,isim,,,,,,,,,,
rais,,,,,ISIM,isim,,,"reis, başkan",,,,,,,
qabr,qabr,,,,ISIM,isim,DUSME_SON_UNLU,,"kabir, mezar",,,,,,,
qabul,,,,,ISIM,isim,,,,,,,,,,
qachon,,,,,ZAMIR_SORU,zamir,,,,,,,,,,
qadar,,,,,EDAT_CEKIM,edat,,,,,,,,,,
qadim,,,,,ISIM,isim,,,,,,,,,,
qadr,,,,,ISIM,isim,,,,,,,,,,
qadrdon,,,,,,,,,,,,,,,,
Qahhor,,,,,ISIM_OZEL,isim,,,,,,,,,,
qalam,,,,,ISIM,isim,,,kalem,,,,,,,
qalampir,,,,,ISIM,isim,,,biber,,,,,,,
qalb,,,,,ISIM,isim,,,kalb,,,,,,,
qaldirg‘och,,,,,ISIM,isim,,,,,,,,,,
qalqi,,,,,FIIL,fiil,,,,,,,,,,
qamish,,,,,ISIM,isim,,,,,,,,,,
qamra,,,,,FIIL,isim,,,,,,,,,,
qancha,,,,,ZAMIR_SORU,zamir,,,,,,,,,,
qand,,,,,ISIM,isim,,,,,,,,,,
qanday,,,,,ZAMIR_SORU,zamir,,,,,,,,,,
qanoat,,,,,ISIM,isim,,,,,,,,,,
qantar,,,,,FIIL,fiil,,,,,,,,,,
qopchik,,,,,,,,,,,,,,,,
qaq,,,,,ISIM,isim,,,,,,,,,,
qaqra,,,,,FIIL,fiil,,,,,,,,,,
qara,qaro,,,,FIIL,fiil,YUVARLAKLASMA_ao,,,,,,,,,
qaraqalpoq,,,,,ISIM_OZEL,isim,,,,,,,,,,
qardosh,,,,,ISIM,isim,,,,,,,,,,
qarg‘a,qarg‘,,,,FIIL,fiil,"DUSME_SON_UNLU, YUVARLAKLASMA_ao",,,,,,,,,
qari,,,,,ISIM,isim,,,,,,,,,,
qarin,qarn,,,,ISIM,isim,DUSME_SON_UNLU,,,,,,,,,
qarluq,,,,,ISIM_OZEL,isim,,,,,,,,,,
qarmoq,,,,,ISIM,isim,,,,,,,,,,
qaror,,,,,ISIM,isim,,,,,,,,,,
qarshi,,,,,ISIM,isim,,,,,,,,,,
qarz,,,,,ISIM,isim,,,,,,,,,,
Qashqadaryo,,,,,ISIM_OZEL,isim,,,,,,,,,,
qat,,,,,ISIM,isim,,,,,,,,,,
qat,,,,,ISIM,isim,,,,,,,,,,
qat’i,,,,,SIFAT,sifat,,,,,,,,,,
qat’iy,,,,,SIFAT,sifat,,,,,,,,,,
qatna,qatno,,,,FIIL,fiil,YUVARLAKLASMA_ao,,"gidip gel, sefer yap",,,,,,,
qator,,,,,ISIM,isim,,,,,,,,,,
qattiq,,,,,SIFAT,sifat,,,,,,,,,,
qavar,,,,,FIIL,fiil,,,,,,,,,,
qavi,,,,,FIIL,fiil,,,sırı,,,,,,,
qavm,,,,,ISIM,fiil,,,,,,,,,,
qayd,,,,,ISIM,isim,,,,,,,,,,
qayer,,,,,ZAMIR_SORU,zamir,,,,,,,,,,
qayg‘u,,,,,ISIM,isim,,,,,,,,,,
qayir,qayr,,,,FIIL,fiil,DUSME_SON_UNLU,,bük-,,,,,,,
qaysi,,,,,ZAMIR_SORU,isim,,,,,,,,,,
qayt,,,,,FIIL,fiil,,,,,,,,,,
qayta,,,,,ZARF,zarf,,,,,,,,,,
qaytar,,,,,FIIL,fiil,,,,,,,,,,
qazi,,,,,FIIL,fiil,,,,,,,,,,
qidir,,,,,FIIL,fiil,,,,,,,,,,
qil,,,,,ISIM,isim,,,kıl,,,,,,,
qil,,,,,FIIL,fiil,,,kıl,,,,,,,
qiliq,qilig‘,,,,ISIM,isim,YUMUSAMA_qg‘,,,,,,,,,
qilish,,,,,ISIM,isim,,,,,,,,,,
qipchoq,qipchog‘,,,,ISIM_OZEL,isim,YUMUSAMA_qg‘,,,,,,,,,
qir,,,,,FIIL,fiil,,,kır,,,,,,,
qir,,,,,FIIL,fiil,G_k,,"kır,",,,,,,,
qirg‘iz,,,,,ISIM,isim,,,,,,,,,,
qish,,,,,ISIM,isim,,,kış,,,,,,,
qishla,qishlo,,,,,,YUVARLAKLASMA_ao,,,,,,,,,
qishloq,qishlog‘,,,,ISIM,isim,YUMUSAMA_qg‘,,,,,,,,,
qism,,,,,ISIM,isim,,,,,,,,,,
qisman,,,,,ZARF,zarf,,,,,,,,,,
qisqa,,,,,SIFAT,sifat,,,,,,,,,,
qista,qisto,,,,FIIL,fiil,YUVARLAKLASMA_ao,,zorla,,,,,,,
qiyin,qiyn,,,,SIFAT,sifat,DUSME_SON_UNLU,,,,,,,,,
qiyna,qiyno,,,,FIIL,fiil,YUVARLAKLASMA_ao,,"zorlamak, işkence etmek",,,,,,,
qiymat,,,,,ISIM,isim,,,,,,,,,,
qiyofa,,,,,ISIM,isim,,,,,,,,,,
qiyos,,,,,ISIM,isim,,,,,,,,,,
qiy,,,,,ISIM_TAKLIT,isim,Q_q,,ses taklidi,,,,,,,
qiyqir,,,,,FIIL,fiil,,,,,,,,,,
qiz,,,,,FIIL,fiil,,,kız,,,,,,,
qız,,,,,FIIL,fiil,G_g‘,,kız,,,,,,,
qizarinqira,,,,,SIFAT,sifat,,,,,,,,,,
qizcha,,,,,,,,,,,,,,,,
qizcha,qizcha,,,,ISIM,isim,,,,,,,,,,
qizg‘on,,,,,FIIL,fiil,,,,,,,,,,
qizi,,,,,FIIL,fiil,,,,,,,,,,
qizil,giz,,,,SIFAT,sifat,SILME_il,,"kırmızı, kızıl",,,,,,,
qiziq,qizig‘,,,,ISIM,isim,YUMUSAMA_qg‘,,,,,,,,,
qo‘l,,,,,ISIM,isim,,,,,,,,,,
qo‘llab-quvvatla,,,,,FIIL_BIRLESIK,fiil,,,,,,,,,,
qo‘mita,,,,,ISIM,isim,,,,,,,,,,
qo‘n,,,,,FIIL,fiil,AQ_oq,,kon,,,,,,,
qo‘pol,,,,,SIFAT,sifat,,,,,,,,,,
qo‘por,,,,,FIIL,fiil,,,,,,,,,,
qo‘rg‘oshin,,,,,ISIM,isim,dek,,kurşun,,,,,,,
qo‘rq,,,,,FIIL,fiil,,,korkmak,,,,,,,
qo‘rqimsira,,,,,FIIL,fiil,,,,,,,,,,
qo‘sh,,,,,SIFAT,sifat,,,"çifte, yan yana, çift",,,,,,,
qo‘sh,,,,,ISIM,isim,,,"konuş, konum, kamp",,,,,,,
qo‘sh,qo‘sh,,,,FIIL,fiil,IQ_iq,,ekle,,,,,,,
qo‘shni,,,,,ISIM,isim,,,,,,,,,,
qo‘y,,,,,FIIL,fiil,,,koyun,,,,,,,
qo‘yi,,,,,ZARF,zarf,,,,,,,,,,
qo‘zg‘a,,,,,FIIL,fiil,,,,,,,,,,
qo‘zi,,,,,FIIL,fiil,,,,,,,,,,
qo‘zi,,,,,ISIM,isim,,,,,,,,,,
qobiliyat,,,,,ISIM,isim,,,,,,,,,,
qobiq,qobig‘,,,,ISIM,isim,YUMUSAMA_Qg,,kabuk,,,,,,,
qoch,,,,,FIIL,fiil,,,kaçmak,,,,,,,
qochir,,,,,FIIL,fiil,IQ_iq,,kinayeli konuşmak,,,,,,,
Qodiriy,,,,,ISIM_OZEL,isim,,,,,,,,,,
qog‘oz,,,,,ISIM,isim,,,,,,,,,,
Qohira,,,,,,,,,,,,,,,,
qoida,,,,,ISIM,isim,,,,,,,,,,
qoida,,,,,ISIM,isim,,,,,,,,,,
qol,,,,,FIIL,fiil,,,kal,,,,,,,
qol,,,,,ISIM,isim,,,,,,,,,,
qolip,,,,,ISIM,isim,,,,,,,,,,
qollab qoltiqla,,,,,FIIL_BIRLESIK,fiil,,,,,,,,,,
qolma,,,,,,,,,,,,,,,,
qom‘sa,,,,,FIIL,fiil,,,,,,,,,,
qon,,,,,ISIM,isim,,,kan,,,,,,,
qon,,,,,FIIL,fiil,,,kanmak,,,,,,,
qonun,,,,,ISIM,isim,,,,,,,,,,
qonun-qoida,,,,,ISIM,isim,,,,,,,,,,
qop,,,,,ISIM,isim,,,,,,,,,,
qop,,,,,FIIL,fiil,,,"ısır, kap",,,,,,,
qora,,,,,SIFAT,sifat,daQa,,"kara, siyah",,,,,,,
qoshiq,qoshig‘,,,,ISIM,isim,YUMUSAMA_qg‘,,kaşık,,,,,,,
qot,,,,,FIIL,fiil,,,sertleş,,,,,,,
qovoq,qovog‘,,,,ISIM,isim,YUMUSAMA_qg‘,,,,,,,,,
qovur,,,,,FIIL,fiil,,,kavur,,,,,,,
qovurdoq,qovurdog‘,,,,ISIM,isim,YUMUSAMA_qg‘,,,,,,,,,
qoyib tur,,,,,FIIL_BIRLESIK,fiil,,,,,,,,,,
qoyib yubor,,,,,FIIL_BIRLESIK,fiil,,,,,,,,,,
qoyil,,,,,SIFAT,sifat,,,,,,,,,,
Qozog‘iston,,,,,,,,,,,,,,,,
Qozog‘iston,,,,,ISIM_OZEL,isim,,,,,,,,,,
qozon,,,,,ISIM,isim,,,,,,,,,,
qozonishi,,,,,ISIM,isim,,,,,,,,,,
qozoq,qozog‘,,,,ISIM_OZEL,isim,YUMUSAMA_qg‘,,,,,,,,,
Qrim,,,,,ISIM_OZEL,isim,,,,,,,,,,
qudrat,,,,,ISIM,isim,,,,,,,,,,
qulay,,,,,SIFAT,sifat,,,,,,,,,,
qulayliq,qulaylig‘,,,,ISIM,isim,YUMUSAMA_qg‘,,,,,,,,,
qum,,,,,ISIM,isim,,,kum,,,,,,,
qum,,,,,SIFAT,sifat,,,solgunluk,,,,,,,
qumaloq,qumalog‘,,,,ISIM,isim,YUMUSAMA_qg‘,,,,,,,,,
qur,,,,,FIIL,fiil,,,kur,,,,,,,
quri,,,,,FIIL,fiil,,,kuru,,,,,,,
qurol,,,,,ISIM,isim,,,"silah, alet",,,,,,,
qursha,qursho,,,,FIIL,fiil,YUVARLAKLASMA_ao,,kuşat,,,,,,,
quruqqina,,,,,,,,,,,,,,,,
qurut,,,,,ISIM,isim,,,kurut,,,,,,,
Rajap,,,,,ISIM_OZEL,isim,,,Recep,,,,,,,
raketa,,,,,ISIM,isim,,,"roket, füze",,,,,,,
ravnaq,,,,,,,,,"revnak, parlak",,,,,,,
reaksiya,reaks,,,,,,DUSME_SON_IKI_HECE,,tepki,,,,,,,
redaksiya,redaks,,,,,,DUSME_SON_IKI_HECE,,redaksiyon,,,,,,,
redaktor,,,,,ISIM,isim,,,"editör, redaktör",,,,,,,
revolyutsiya,revolyuts,,,,,,DUSME_SON_IKI_HECE,,devrim,,,,,,,
Rossiya,,,,,ISIM_OZEL,isim,,,Rusya,,,,,,,
rost,,,,,SIFAT,sifat,,,"gerçek, doğru",,,,,,,
rostakam,,,,,SIFAT,sifat,SILME_as,,"gerçekten, hakikaten",,,,,,,
Tayyip,,,,,ISIM_OZEL,isim,,,Tayyip,,,,,,,
tila,tilo,,,,,,YUVARLAKLASMA_ao,,dilemek,,,,,,,
sana,sano,,,,FIIL,fiil,YUVARLAKLASMA_ao,,saymak,,,,,,,
safar,,,,,ISIM,isim,,,sefer,,,,,,,
sariq,sarg‘,,,,SIFAT,sifat,"YUMUSAMA_qg‘, DUSME_SON_UNLU",,sarı,,,,,,,
savol,,,,,ISIM,isim,,,soru,,,,,,,
sayla,saylo,,,,FIIL,fiil,YUVARLAKLASMA_ao,,seç,,,,,,,
sayra,sayro,,,,FIIL,fiil,YUVARLAKLASMA_ao,,öt,,,,,,,
sel,,,,,ISIM,isim,,,"nem, sel",,,,,,,
sen,se,,,,ZAMIR_SAHIS,zamir,"TEKLESME_N, daQa",,sen,,,,,,,
sev,,,,,FIIL,fiil,,,sev,,,,,,,
shahar,shahr,,,,ISIM,isim,DUSME_SON_UNLU,,şehir,,,,,,,
shaldira,shaldiro,,,,FIIL,fiil,YUVARLAKLASMA_ao,,"şırıldamak, hışırdamak",,,,,,,
shar,,,,,ISIM_TAKLIT,isim,Q_q,,şar,,,,,,,
sharqira,,,,,FIIL,fiil,,,sarıldamak,,,,,,,
shildira,shildiro,,,,FIIL,fiil,YUVARLAKLASMA_ao,,şırıldamak,,,,,,,
shilp,,,,,ISIM_TAKLIT,isim,,,şalp,,,,,,,
shir,,,,,ISIM_TAKLIT,isim,Q_q,,şır,,,,,,,
shirqira,,,,,FIIL,fiil,,,şırıldamak,,,,,,,
shirin,,,,,SIFAT,sifat,,,şirin,,,,,,,
shosh,,,,,FIIL,fiil,,,acele et,,,,,,,
shtab,,,,,ISIM,isim,,,"karargah, genel merkez,",,,,,,,
shtat,,,,,ISIM,isim,,,"eyalet, devlet, kadro",,,,,,,
shu,"shun, shuni",,,,ZAMIR_ISARET,zamir,"TUREME_N, TUREME_ni, dog‘",,şu,,,,,,,
shunaka,,,,,SIFAT,sifat,,,şöyle,,,,,,,
sig‘,,,,,FIIL,fiil,,,sığ,,,,,,,
siq,,,,,FIIL,fiil,,,sıkmak,,,,,,,
sin,,,,,FIIL,fiil,"AQ_iq,",,,,,,,,,
sin,,,,,ISIM,isim,,,eleştiri,,,,,,,
sina,sino,,,,FIIL,fiil,YUVARLAKLASMA_ao,,sınamak,,,,,,,
so‘l,,,,,FIIL,fiil,,,solmak,,,,,,,
so‘ra,so‘ro,,,,FIIL,fiil,YUVARLAKLASMA_ao,,sor,,,,,,,
sog‘,,,,,ZARF,isim,,,sağ,,,,,,,
sog‘,soq,,,,FIIL,fiil,IKIZLESME_qq,,sağmak,,,,,,,
so‘z,,,,,ISIM,isim,,,söz,,,,,,,
sol,,,,,FIIL,fiil,,,"yerleştirmek, koymak",,,,,,,
solin,,,,,FIIL,fiil,chak,,"yerleştirilmek, konulmak",,,,,,,
so‘ki,,,,,,,,,,,,,,,,
son,,,,,ISIM,isim,,,sayı,,,,,,,
sot,,,,,FIIL,fiil,,,satmak,,,,,,,
sovchi,,,,,ISIM,isim,,,dünür,,,,,,,
sovi,"sovu, sov",,,,FIIL,fiil,YUVARLAKLASMA_iu,,soğumak,,,,,,,
sovuq,sovq,,,,ISIM,isim,"YUMUSAMA_qg‘, DUSME_SON_UNLU",,,,,,,,,
stol,,,,,ISIM,isim,,,,,,,,,,
sub’ekt,,,,,,,,,subjektif,,,,,,,
sur,,,,,FIIL,fiil,G_k,,sür,,,,,,,
suv,su,,,,ISIM,isim,"SILME_SON, G_g‘",,su,,,,,,,
suva,suvo,,,,FIIL,fiil,YUVARLAKLASMA_ao,,sıvamak,,,,,,,
suz,,,,,FIIL,fiil,,,"süz, filitre et",,,,,,,
suz,,,,,FIIL,fiil,,,yüz,,,,,,,
suz,,,,,FIIL,fiil,,,tosla,,,,,,,
tadbir,,,,,ISIM,isim,,,tedbir,,,,,,,
taklif,,,,,ISIM,isim,,,teklif,,,,,,,
taqin,,,,,FIIL,fiil,taqin,,takınmak,,,,,,,
tamom,,,,,SIFAT,sifat,,,son,,,,,,,
tala,talo,,,,FIIL,fiil,YUVARLAKLASMA_ao,,talan et,,,,,,,
tarqa,tarqo,,,,FIIL,fiil,YUVARLAKLASMA_ao,,dağılmak,,,,,,,
tankid,,,,,ISIM,isim,,,tenkit,,,,,,,
tash,,,,,ISIM,isim,G_q,,"dış, dışarı taraf",,,,,,,
tashviq,,,,,ISIM,isim,,,teşvik,,,,,,,
tafsil,,,,,ISIM,isim,,,ayrıntı,,,,,,,
taya,tayo,,,,FIIL,fiil,YUVARLAKLASMA_ao,,daya,,,,,,,
teg,tek,,,,FIIL,fiil,IKIZLESME_kk,,değ,,,,,,,
teng,,,,,SIFAT,sifat,,,"denk, eşit",,,,,,,
tep,,,,,FIIL,fiil,,,"tep, tekme at",,,,,,,
terak,terag,,,,ISIM,isim,YUMUSAMA_kg,,kavak ağacı,,,,,,,
terga,tergo,,,,FIIL,fiil,YUVARLAKLASMA_ao,,kovuştur,,,,,,,
tik,,,,,FIIL,fiil,,,dikmek,,,,,,,
til,til,,,,ISIM,isim,,,dil,,,,,,,
timiskila,,,,,FIIL,fiil,,,"iyice karıştırarak araştırmak, karıştırmak.",,,,,,,
timirskila,,,,,FIIL,fiil,,,"iyice karıştırarak araştırmak, karıştırmak.",,,,,,,
tirik,,,,,ISIM,isim,,,diri,,,,,,,
tiril,,,,,FIIL,fiil,,,dirilmek,,,,,,,
tiq,,,,,FIIL,fiil,,,"sok, tıka",,,,,,,
tiqin,,,,,ISIM,isim,,,"tıpa, kapak",,,,,,,
tit,,,,,FIIL,fiil,,,"ditmek, parçalamak",,,,,,,
titra,titro,,,,FIIL,fiil,YUVARLAKLASMA_ao,,titremek,,,,,,,
tiyg‘on,,,,,FIIL,fiil,,,kaymak,,,,,,,
tiz,,,,,FIIL,fiil,,,dizmek,,,,,,,
to‘k,,,,,FIIL,fiil,,,dök,,,,,,,
to‘la,to‘lo,,,,FIIL,fiil,YUVARLAKLASMA_ao,,öde,,,,,,,
to‘lg‘a,to‘lg‘o,,,,FIIL,fiil,YUVARLAKLASMA_ao,,doğum sancısı çekmek,,,,,,,
to‘qi,to‘qu,,,,FIIL,fiil,YUVARLAKLASMA_iu,,doku,,,,,,,
to‘qqiz,,,,,SAYI,sayi,,,dokuz,,,,,,,
to‘rt,,,,,SAYI,sayi,,,dört,,,,,,,
to‘s,,,,,FIIL,fiil,G_q,,"engellemek, kapatmak",,,,,,,
to‘xta,,,,,FIIL,fiil,,,durmak,,,,,,,
to‘y,,,,,ISIM,isim,daQa,,"toy, düğün",,,,,,,
to‘y,,,,,FIIL,fiil,,,doy,,,,,,,
tog‘,toq,,,,ISIM,isim,IKIZLESME_qq,,dağ,,,,,,,
tort,,,,,FIIL,"fiil, Ġ_q",G_q,,çek,,,,,,,
tortin,,,,,FIIL,fiil,choq,,çekinmek,,,,,,,
tosh,,,,,ISIM,isim,G_q,,taş,,,,,,,
toy,,,,,ISIM,isim,,,"tay, at yavrusu",,,,,,,
toyg‘an,,,,,FIIL,fiil,choq,,"kaymak,",,,,,,,
tug,tuk,,,,FIIL,fiil,IKIZLESME_kk,,düğüm yap,,,,,,,
tugun,,,,,ISIM,isim,,,"düğüm,",,,,,,,
tug‘,tuq,,,,FIIL,fiil,IKIZLESME_qq,,doğmak,,,,,,,
tug‘,tuq,,,,ISIM,isim,IKIZLESME_qq,,"tuğ, bayrak, alem",,,,,,,
tupur,,,,,FIIL,fiil,,,tükürmek,,,,,,,
tur,,,,,ISIM,isim,,,tür,,,,,,,
tur,,,,,FIIL,fiil,G_g‘,,"dur, kalk",,,,,,,
tur,,,,,FIIL,fiil,,,dür,,,,,,,
turk,,,,,ISIM_OZEL,isim,,,Türk,,,,,,,
Turkiya,,,,,ISIM_OZEL,isim,,,Türkiye,,,,,,,
tush,,,,,ISIM,isim,,,"düş, rüya",,,,,,,
tush,,,,,FIIL,fiil,G_k,,"düş, in",,,,,,,
tut,,,,,FIIL,fiil,G_q,,tut,,,,,,,
tut,,,,,FIIL,fiil,,,tüt,,,,,,,
tutil,,,,,FIIL,fiil,IQ_iq,,yakalanmak; duraklayarak konuşmak,,,,,,,
tuta,,,,,FIIL,fiil,UQ_aq,,tüt,,,,,,,
tuxum,,,,,ISIM,isim,,,"yumurta, tohum",,,,,,,
tuz,,,,,ISIM,isim,,,tuz,,,,,,,
u,"un, uni",,,,ZAMIR_ISARET,zamir,"TUREME_N, TUREME_ni, doq",,o,,,,,,,
uch,,,,,FIIL,fiil,G_q,,uç,,,,,,,
uch,,,,,SAYI,sayi,,,üç,,,,,,,
uchra,,,,,FIIL,fiil,,,"rastlamak, karşılaşmak",,,,,,,
ufur,,,,,FIIL,fiil,,,ufurmek,,,,,,,
ulug‘,"ulg‘, uluq",,,,ISIM,isim,"DUSME_SON_UNLU, IKIZLESME_qq",,büyük,,,,,,,
uq,,,,,FIIL,fiil,,,"dinle, duy",,,,,,,
ur,,,,,FIIL,fiil,,,vur,,,,,,,
urug‘,uruq,,,,ISIM,isim,IKIZLESME_qq,,"uruğ, boy",,,,,,,
urin,,,,,FIIL,fiil,choq,,"çabalamak, girişmek",,,,,,,
urish,,,,,FIIL,fiil,Q_q,,dövüşmek,,,,,,,
usha,"ushan, ushani",,,,ZAMIR_ISARET,zamir,"TUREME_N, TUREME_ni, daQa",,işte o,,,,,,,
ust,,,,,ZARF,zarf,,,üst,,,,,,,
ust,,,,,ZARF,zarf,,,üst,,,,,,,
uyat,,,,,SIFAT,sifat,,,utançlı,,,,,,,
uyqu,uyg‘o,,,,ISIM,isim,"YUMUSAMA_qg‘, At_ot, GENISLEME_uo",,uyku,,,,,,,
uz,,,,,FIIL,fiil,"AQ_uq, IQ_ik",,koparmak,,,,,,,
uza,uzo,,,,FIIL,fiil,YUVARLAKLASMA_ao,,uzamak,,,,,,,
uzum,,,,,ISIM,isim,,,üzüm,,,,,,,
uzun,,,,,SIFAT,sifat,,,uzun,,,,,,,
vafo,,,,,ISIM,isim,,,vefa,,,,,,,
xavf,,,,,ISIM,isim,,,"tehlike, tehdit",,,,,,,
xarid,,,,,FIIL,fiil,,,satın almak,,,,,,,
xir,,,,,ISIM_TAKLIT,isim,,,hır,,,,,,,
xirqira,,,,,FIIL,fiil,,,hırlamak,,,,,,,
xlorofill,xlorofil,,,,ISIM,isim,TEKLESME_L,,klorofil,,,,,,,
xudo,xudoy,,,,ISIM,isim,TUREME_Y,,"Hüda, Tanrı",,,,,,,
va,,,,,EDAT_BAGLAMA,edat,,,ve,,,,,,,
vazifa,,,,,ISIM,isim,,,vazife,,,,,,,
yangi,,,,,SIFAT,sifat,,,yeni,,,,,,,
yaqin,,,,,SIFAT,sifat,,,yakın,,,,,,,
yaxshi,,,,,SIFAT,sifat,,,"iyi, yahşi",,,,,,,
yaltira,yaltiro,,,,FIIL,fiil,YUVARLAKLASMA_ao,,parlamak,,,,,,,
yayov,,,,,SIFAT,sifat,,,yayan,,,,,,,
yayloq,,,,,ISIM,isim,,,yayla,,,,,,,
yaylov,,,,,ISIM,isim,,,yayla,,,,,,,
yetti,yett,,,,SAYI,sayi,DUSME_SON_UNLU,,yedi,,,,,,,
yig‘,yiq,,,,FIIL,fiil,IKIZLESME_qq,,yığ,,,,,,,
yig‘in,,,,,FIIL,fiil,choq,,yığınmak,,,,,,,
yig‘la,,,,,FIIL,fiil,,,ağlamak,,,,,,,
yirgan,yirgam,,,,FIIL,fiil,n_m,,"iğrenmek, tiksinmek",,,,,,,
yirik,yirig,,,,SIFAT,sifat,YUMUSAMA_kg,,"iri, büyük",,,,,,,
yo‘l,,,,,ISIM,isim,,,yol,,,,,,,
yo‘rt,,,,,FIIL,fiil,,,,,,,,,,
yo‘q,"yo‘g‘, yo‘q",,,,ISIM,isim,"YUMUSAMA_qg, At_ot, SERTLESME_g‘q,",,yok,,,,,,,
yog‘,"yoq, yog",,,,FIIL,fiil,IKIZLESME_qq,,yağ,,,,,,,
yolg‘on,,,,,ISIM,isim,daKa,,yalan,,,,,,,
yop,,,,,FIIL,fiil,,,kapat,,,,,,,
yoq,,,,,FIIL,fiil,,,yak,,,,,,,
yoq,yog‘,,,,ISIM,isim,YUMUSAMA_qg‘,,"yan, etraf",,,,,,,
yot,,,,,FIIL,fiil,G_q,,yat,,,,,,,
yov,,,,,ISIM,isim,,,"düşman, yagu",,,,,,,
yoy,,,,,ISIM,isim,,,"gökkuşağı, yay",,,,,,,
yoy,,,,,FIIL,fiil,,,"yaymak, sermek",,,,,,,
yoyiq,,,,,ISIM,isim,,,yassı,,,,,,,
yoz,,,,,FIIL,fiil,,,yaz,,,,,,,
yoz,,,,,FIIL,fiil,,,aç,,,,,,,
yoz,,,,,FIIL,fiil,,,şaşırmak,,,,,,,
yubor,,,,,FIIL,fiil,,,gönder,,,,,,,
Yugnakiy,,,,,ISIM_OZEL,isim,,,Yükneki,,,,,,,
yugur,,,,,FIIL,fiil,,,koş,,,,,,,
yuk,,,,,ISIM,isim,,,yük,,,,,,,
yuklama,,,,,ISIM,isim,,,edat,,,,,,,
yul,,,,,FIIL,fiil,G_g‘,,"yol, kopar",,,,,,,
yum,,,,,FIIL,fiil,,,"yum, kapa",,,,,,,
yumsha,yumsho,,,,FIIL,fiil,YUVARLAKLASMA_ao,,yumşa,,,,,,,
yunon,,,,,ISIM_OZEL,isim,,,Yunan,,,,,,,
yupan,,,,,FIIL,fiil,,,avun,,,,,,,
yuq,,,,,ISIM,isim,,,yük,,,,,,,
yuqori,,,,,ZARF,zarf,,,yukarı,,,,,,,
yur,,,,,FIIL,fiil,,,yürü,,,,,,,
yurak,yurag,,,,ISIM,isim,YUMUSAMA_kg,,,,,,,,,
Yusuf,,,,,ISIM,isim,,,,,,,,,,
yut,,,,,FIIL,fiil,"G_q, AQ_oq",,yutmak,,,,,,,
yuv,,,,,FIIL,fiil,G_0,,yıka,,,,,,,
yuz,yuza,,,,ISIM,isim,TUREME_UNLU,,,,,,,,,
yuz,,,,,SAYI,sayi,,,,,,,,,,
zabardast,,,,,SIFAT,sifat,,,güçlü,,,,,,,
Zahiriddin,,,,,ISIM_OZEL,isim,,,Zahiriddin,,,,,,,
zaif,,,,,SIFAT,sifat,,,zayıf,,,,,,,
zakaz,,,,,ISIM,isim,,,sipariş,,,,,,,
zakazchi,,,,,ISIM,isim,,,,,,,,,,
zamin,,,,,ISIM,isim,,,"yer kürresi, yer, zemin",,,,,,,
zamona,,,,,ISIM,isim,,,zaman,,,,,,,
zamonaviysinxron,,,,,ISIM_BIRLESIK,isim,,,eşzamanlı,,,,,,,
zarar,,,,,ISIM,isim,,,zarar,,,,,,,
zarb,,,,,ISIM,isim,,,darp,,,,,,,
zarur,,,,,ISIM,isim,,,zarur,,,,,,,
zavod,,,,,ISIM,isim,,,ağır sanayi fabrikası,,,,,,,
zenit,,,,,ISIM,isim,,,zenit,,,,,,,
zenit-raketa,,,,,ISIM_BIRLESIK,isim,,,zenit roketi,,,,,,,
zero,,,,,EDAT_CUMLE_BASI,edat,,,zira,,,,,,,
zid,,,,,SIFAT,sifat,,,zıt,,,,,,,
zidlik,,,,,ISIM,isim,YUMUSAMA_kg,,zıtlık,,,,,,,
zirak,,,,,ISIM,isim,,,küpe,,,,,,,
ziyofat,,,,,ISIM,isim,,,,,,,,,,
ziyorat,,,,,ISIM,isim,,,,,,,,,,
ziyrak,,,,,SIFAT,sifat,,,"zeki, ferasetli",,,,,,,
zo‘r,,,,,ISIM,isim,,,"zor, büyük, kuvvet",,,,,,,
zo‘raki,,,,,SIFAT,sifat,,,"gayriihtiyari, zoraki",,,,,,,
zo‘riq,,,,,FIIL,fiil,,,"güçlen, şiddetlen",,,,,,,
zobit,,,,,ISIM,isim,,,subay,,,,,,,
zoologiya,zoologi,,,,ISIM,isim,DUSME_SON_IKI_HECE,,zooloji,,,,,,,
zor,,,,,ISIM,isim,,,"zar, hasretli feryat",,,,,,,
zoriq,,,,,FIIL,fiil,,,muhtaç ol,,,,,,,
zotan,,,,,ZARF,zarf,,,zaten,,,,,,,
Zulayho,,,,,,,,,Züleyha,,,,,,,
biolog,,,,,ISIM,isim,DONUSUM_G,,biyolog,,,,,,,
geolog,,,,,ISIM,isim,DONUSUM_G,,jeolog,,,,,,,
yet,,,,,FIIL,fiil,"G_k, i_u",,yetmek,,,,,,,
kir,,,,,FIIL,fiil,,,girmek,,,,,,,
to‘l,,,,,FIIL,fiil,G_g‘,,dolmak,,,,,,,
yut,,,,,FIIL,fiil,G_q,,ütmek,,,,,,,
tol,,,,,FIIL,fiil,G_g‘,,yorgun düşmek,,,,,,,
yel,,,,,FIIL,fiil,,,yelmek,,,,,,,
,,,,,,,,,,,,,,,,
chay,,,,,FIIL,fiil,G_q,,"çalkalamak, durulamak",,,,,,,
chul,,,,,FIIL,fiil,G_g‘,,,,,,,,,
erit,,,,,FIIL,fiil,G_k,,erit,,,,,,,
es,,,,,FIIL,fiil,G_k,,esmek,,,,,,,
ko‘rsat,,,,,FIIL,fiil,G_k,,göstermek,,,,,,,
pur,,,,,FIIL,fiil,G_k,,püsrürtmek,,,,,,,
qo‘zg'a,,,,,FIIL,fiil,G_g‘,,yerinden oynatmak,,,,,,,
quruq,,,,,SIFAT,sifat,G_q,,kuru,,,,,,,
sanch,,,,,FIIL,fiil,G_q,,saplamak,,,,,,,
sekin,,,,,ZARF,zarf,,,yavaş,,,,,,,
sez,,,,,FIIL,fiil,,,sezmek,,,,,,,
halin,,,,,FIIL,fiil,chak,,sallanmak,,,,,,,
hayin,,,,,FIIL,fiil,chak,,sallanmak,,,,,,,
suyka,,,,,FIIL,fiil,,,sürmek,,,,,,,
tin,,,,,FIIL,fiil,,,dinmek,,,,,,,
top,,,,,FIIL,fiil,G_q,,bulmak,,,,,,,
toy,,,,,FIIL,fiil,G_g‘,,kaymak,,,,,,,
turt,,,,,FIIL,"fiil, Ġ_k","G_k, GH",,"dürtmek, itmek",,,,,,,
tut,,,,,FIIL,fiil,"G_q,",,tutmak,,,,,,,
tuy,,,,,FIIL,fiil,G_g‘,,"duymak, hissetmek",,,,,,,
yelpi,,,,,FIIL,fiil,G_g‘,,yelpimek,,,,,,,
yir,,,,,FIIL,fiil,G_q,,"güç ile arasını açmak, ayırmak",,,,,,,
yirt,,,,,FIIL,fiil,G_q,,yırtmak,,,,,,,
yoqil,,,,,FIIL,fiil,G_g‘,,yakılmak,,,,,,,
,,,,,,,,,,,,,,,,
yul,,,,,FIIL,fiil,G_g‘,,yolmak,,,,,,,
yoz,,,,,ISIM,isim,,,yaz,,,,,,,
,,,,,,,,,,,,,,,,
,,,,,,,,,,,,,,,,
,,,,,,,,,,,,,,,,
.,,,,,,,,,,,,,,,,
400,,,,,SAYI,sayi,,,400,,,,,,,
…,,,,,,,,,,,,,,,,
:,,,,,,,,,,,,,,,,
!,,,,,,,,,,,,,,,,
?,,,,,,,,,,,,,,,,
;,,,,,,,,,,,,,,,,
$,,,,,,,,,,,,,,,,
/,,,,,,,,,,,,,,,,
\,,,,,,,,,,,,,,,,
̲,,,,,,,,,,,,,,,,
«,,,,,,,,,,,,,,,,
»,,,,,,,,,,,,,,,,
"""",,,,,,,,,,,,,,,,
"""",,,,,,,,,,,,,,,,
,,,,,,,,,,,,,,,,
~,,,,,,,,,,,,,,,,
≥,,,,,,,,,,,,,,,,
≤,,,,,,,,,,,,,,,,
×,,,,,,,,,,,,,,,,
÷,,,,,,,,,,,,,,,,
(,,,,,,,,,,,,,,,,
),,,,,,,,,,,,,,,,
[,,,,,,,,,,,,,,,,
],,,,,,,,,,,,,,,,
%,,,,,,,,,,,,,,,,
",",,,,,,,,,,,,,,,,
Amerika Qo‘shma Shtatlari,,,,,ISIM_OZEL,,,,Amerika Birleşik Devletleri,,,,,,,
Qurolli kuchlar,,,,,ISIM_OZEL,,,,Silahlı Kuvvetler,,,,,,,
Matbuot kotibi,,,,,ISIM_OZEL,,,,Basın Sekreteri,,,,,,,
Bosh shtab boshqarmasi,,,,,ISIM_OZEL,,,,Genel Kurmay Başkanlığı,,,,,,,