root,surfaces,lex,active,Id,flags,rules,Anlam
AA,,aa,,KISALTMA,kısaltma,OKUNUSDAN_YAZILISA,Anadolu Ajansı
Google,,guugıl,,OZEL,alıntı,OKUNUSDAN_YAZILISA,
AB,,abe,,KISALTMA,kısaltma,OKUNUSDAN_YAZILISA,Avrupa Birliği
MHP,,mehepe,,KISALTMA,,OKUNUSDAN_YAZILISA,Milliyetçi Hareket Partisi
AAFSE,,aafesee,F,KISALTMA,,OKUNUSDAN_YAZILISA,Güney Avrupa Müttefik Hava Kuvvetleri (Allied Air Forces Southern Europe)
AAM,,aame,F,KISALTMA,,OKUNUSDAN_YAZILISA,Atatürk Araştırma Merkezi
ABD,,abede,,KISALTMA,,OKUNUSDAN_YAZILISA,Amerika Birleşik Devletleri
ABS,,abese,,KISALTMA,,OKUNUSDAN_YAZILISA,Motorlu taşıtlarda fren sistemi (Antilock Braking System)
ADSL,,eydiesel,,KISALTMA,,OKUNUSDAN_YAZILISA,Asimetrik sayısal abone hattı (Asymmetric Digital Subscriber Line)
AET,,aete,,KISALTMA,,OKUNUSDAN_YAZILISA,Avrupa Ekonomik Topluluğu
AFP,,afepe,,KISALTMA,,OKUNUSDAN_YAZILISA,Fransız Basın Ajansı (Agence France Press)
age.,,adı geçen eser,,KISALTMA_NOKTALI,,,Adı geçen eser
AGİK,,agik,,KISALTMA,,OKUNUSDAN_YAZILISA,Avrupa Güvenlik ve İş Birliği Konferansı
AGİT,,agit,,KISALTMA,,OKUNUSDAN_YAZILISA,Avrupa Güvenlik ve İş Birliği Teşkilatı
agm.,,adı geçen makale,,KISALTMA_NOKTALI,,OKUNUSDAN_YAZILISA,Adı geçen makale
agy.,,adı geçen yayın,,KISALTMA_NOKTALI,,,Adı geçen yayın
AI,,,F,KISALTMA,,OKUNUSDAN_YAZILISA,Uluslararası Af Teşkilatı (Amnesty International)
AID,,,F,KISALTMA,,OKUNUSDAN_YAZILISA,Uluslararası Kalkınma Ajansı (Agency for International Development)
AIDS,,eyts,,KISALTMA,,OKUNUSDAN_YAZILISA,Edinilmiş bağışıklık yetersizliği belirtisi (Acquired immune deficiency syndrome)
AİHM,,aiheme,,KISALTMA,,OKUNUSDAN_YAZILISA,Avrupa İnsan Hakları Mahkemesi
AİHS,,aihese,,KISALTMA,,OKUNUSDAN_YAZILISA,Avrupa İnsan Hakları Sözleşmesi
AK,,ake,,KISALTMA,,OKUNUSDAN_YAZILISA,Avrupa Konseyi
AKBİL,,akbil,,KISALTMA,,OKUNUSDAN_YAZILISA,Akıllı bilet
AKDTYK,,akedeteyeka,F,KISALTMA,,OKUNUSDAN_YAZILISA,"Atatürk Kültür, Dil ve Tarih Yüksek Kurumu"
AKM,,akeme,,KISALTMA,,OKUNUSDAN_YAZILISA,Atatürk Kültür Merkezi
AKPM,,akepeme,,KISALTMA,,OKUNUSDAN_YAZILISA,Avrupa Konseyi Parlamenterler Meclisi
AKUT,,akut,,KISALTMA,,OKUNUSDAN_YAZILISA,Arama Kurtarma Teşkilatı
Alb.,,albay,,KISALTMA_NOKTALI,,,Albay
Alm.,,almanca,,KISALTMA_NOKTALI,,,Almanca
anat.,,anatomi,F,KISALTMA_NOKTALI,,,Anatomi
ant.,,antropoloji,,KISALTMA_NOKTALI,,,Antropoloji
AO,,ao,,KISALTMA,,OKUNUSDAN_YAZILISA,Anonim ortaklık
AOÇ,,aoçe,,KISALTMA,,OKUNUSDAN_YAZILISA,Atatürk Orman Çiftliği
AÖF,,aöfe,,KISALTMA,,OKUNUSDAN_YAZILISA,Açıköğretim Fakültesi
AP,,ape,,KISALTMA,,OKUNUSDAN_YAZILISA,ABD Haber Ajansı (Associated Press)
APS,,apese,,KISALTMA,,OKUNUSDAN_YAZILISA,Acele Posta Servisi
Apt.,,apartmanı,,KISALTMA_NOKTALI,,,"Apartman, apartmanı"
Ar.,,arapça,,KISALTMA_NOKTALI,,,Arapça
ARGE,,arge,,KISALTMA,,OKUNUSDAN_YAZILISA,Araştırma geliştirme
Arş. Gör.,,Araştırma Görevlisi,,KISALTMA_NOKTALI,,,Araştırma Görevlisi
ark.,,Arkeoloji,,KISALTMA_NOKTALI,,,Arkeoloji
As.,,askerî,,KISALTMA_NOKTALI,,,"Asker, askerî, askerlik"
Asb.,,Astsubay,,KISALTMA_NOKTALI,,,Astsubay
ASELSAN,,aselsan,,KISALTMA,,OKUNUSDAN_YAZILISA,Askerî Elektronik Sanayii
As. İz.,,Askerî İnzibat,,KISALTMA_NOKTALI,,,Askerî İnzibat
ASKİ,,aski,,KISALTMA,,OKUNUSDAN_YAZILISA,Ankara Su ve Kanalizasyon İdaresi
ASO,,aso,,KISALTMA,,OKUNUSDAN_YAZILISA,Ankara Sanayi Odası
AST,,asete,,KISALTMA,,OKUNUSDAN_YAZILISA,Ankara Sanat Tiyatrosu
astr.,,Astronomi,,KISALTMA_NOKTALI,,,Astronomi
astrol.,,Astroloji,,KISALTMA_NOKTALI,,,Astroloji
AŞ,,aşe,,KISALTMA,,OKUNUSDAN_YAZILISA,Anonim şirket
AŞTİ,,aşti,,KISALTMA,,OKUNUSDAN_YAZILISA,Ankara Şehirler Arası Terminal İşletmesi
AT,,ate,,KISALTMA,,OKUNUSDAN_YAZILISA,Avrupa Topluluğu
Atğm.,,Asteğmen,,KISALTMA_NOKTALI,,,Asteğmen
atm.,,Atmosfer,,KISALTMA_NOKTALI,,,Atmosfer
ATO,,ato,,KISALTMA,,OKUNUSDAN_YAZILISA,Ankara Ticaret Odası
AÜ,,aü,,KISALTMA,,OKUNUSDAN_YAZILISA,"Anadolu Üniversitesi, Ankara Üniversitesi, Atatürk Üniversitesi"
Av.,,Avukat,,KISALTMA_NOKTALI,,,Avukat
BAE,,beae,,KISALTMA,,OKUNUSDAN_YAZILISA,Birleşik Arap Emirlikleri
bağ.,,Bağlaç,,KISALTMA_NOKTALI,,,Bağlaç
BAĞ-KUR,,bağkur,,KISALTMA,,OKUNUSDAN_YAZILISA,Esnaf ve Sanatkârlar ve Diğer Bağımsız Çalışanlar Sosyal Sigortalar Kurumu
BBC,,bibisi,,KISALTMA,,OKUNUSDAN_YAZILISA,İngiliz Radyo Televizyon Kurumu (British Broadcasting Corporation)
BCG,,becege,,KISALTMA,,OKUNUSDAN_YAZILISA,Verem aşısı (Bacillus Calmette Guèrin)
Bçvş.,,Başçavuş,,KISALTMA_NOKTALI,,,Başçavuş
BDDK,,bededeka,,KISALTMA,,OKUNUSDAN_YAZILISA,Bankacılık Düzenleme ve Denetleme Kurulu
BDT,,bedete,,KISALTMA,,OKUNUSDAN_YAZILISA,Bağımsız Devletler Topluluğu
bitb.,,Bitki bilimi,,KISALTMA_NOKTALI,,,Bitki bilimi
biy.,,Biyoloji,,KISALTMA_NOKTALI,,,Biyoloji
bk.,,Bakınız,,KISALTMA_NOKTALI,,,Bakınız
Bl.,,Bölük,,KISALTMA_NOKTALI,,,Bölük
bl.,,Bilişim,,KISALTMA_NOKTALI,,,Bilişim
BM,,beme,,KISALTMA,,OKUNUSDAN_YAZILISA,Birleşmiş Milletler
Bn.,,Bayan,,KISALTMA_NOKTALI,,,Bayan
Bnb.,,Binbaşı,,KISALTMA_NOKTALI,,,Binbaşı
bot.,,Botanik,,KISALTMA_NOKTALI,,,Botanik
BOTAŞ,,botaş,,KISALTMA,,OKUNUSDAN_YAZILISA,Boru Hatları ile Petrol Taşıma Anonim Şirketi
Böl.,,Bölüm,,KISALTMA_NOKTALI,,,Bölüm
bs.,,basım,,KISALTMA_NOKTALI,,,"Baskı, basım"
Bşk.,,başkanlığı,,KISALTMA_NOKTALI,,,"Başkan, başkanlık, başkanı, başkanlığı"
BUE,,beue,F,KISALTMA,,OKUNUSDAN_YAZILISA,Avrupa Birliği Bankası (Bank of Union European)
Bul.,,bulvarı,,KISALTMA_NOKTALI,,,"Bulvar, bulvarı"
Bulg.,,Bulgarca,,KISALTMA_NOKTALI,,,Bulgarca
BÜ,,beü,,KISALTMA,,OKUNUSDAN_YAZILISA,Boğaziçi Üniversitesi
Cad.,,"Cadde, caddesi",,KISALTMA_NOKTALI,,,"Cadde, caddesi"
CAEC,,,F,KISALTMA,,OKUNUSDAN_YAZILISA,Avrupa Konseyi Parlamenter Meclisi (Consultative Assembly of European Council)
cal,,kalori,,KISALTMA,birim,OKUNUSDAN_YAZILISA,Kalori
CAO,,,,KISALTMA,,OKUNUSDAN_YAZILISA,Uluslararası Sivil Havacılık Örgütü (Civil Aviation Organization)
CC,,,F,KISALTMA,,OKUNUSDAN_YAZILISA,Konsolosluk birimi (Corps Consulaire)
CD,,,F,KISALTMA,,OKUNUSDAN_YAZILISA,Kordiplomatik (Corps Diplomatique)
CDH,,,F,KISALTMA,,OKUNUSDAN_YAZILISA,Avrupa İnsan Hakları Adalet Divanı (Cour Europeenne des Droits de l’Homme)
CE,,,F,KISALTMA,,OKUNUSDAN_YAZILISA,Avrupa Konseyi (Council of Europe)
CENTO,,,,KISALTMA,,OKUNUSDAN_YAZILISA,Merkezî Antlaşma Örgütü (Central Treaty Organization)
CIA,,siayey,,KISALTMA,,OKUNUSDAN_YAZILISA,ABD Merkezî Haber Alma Teşkilatı (Central Intelligence Agency)
CIF,,,,KISALTMA,,OKUNUSDAN_YAZILISA,"Maliyet-sigorta-navlun (cost, insurance, freight)"
CIOS,,,,KISALTMA,,OKUNUSDAN_YAZILISA,Uluslararası Bilimsel Organizasyon Konseyi (Conseil International pour l’Organisation Scientifique)
CIP,,,,KISALTMA,,OKUNUSDAN_YAZILISA,Taşıma ve sigorta bedeli ödenmiş olarak teslim
CIP,,,,KISALTMA,,OKUNUSDAN_YAZILISA,Ticaretle uğraşan önemli kişiler (Commercially Important Person)
cm,,Santimetre,,KISALTMA,,OKUNUSDAN_YAZILISA,Santimetre
CMUK,,cımuk,,KISALTMA,,OKUNUSDAN_YAZILISA,Ceza Muhakemeleri Usulü Kanunu
CNRS,,,,KISALTMA,,OKUNUSDAN_YAZILISA,Ulusal Bilimsel Araştırma Merkezi (Centre National de la Recherche Scientifique)
coğ.,,Coğrafya,,KISALTMA_NOKTALI,,,Coğrafya
COMECON,,,,KISALTMA,,OKUNUSDAN_YAZILISA,Doğu Bloku Ülkeleri Karşılıklı Ekonomik Yardım Konseyi (Council for Mutual Economic Asistance)
cos,,Kosinüs,,KISALTMA,,OKUNUSDAN_YAZILISA,Kosinüs
CSO,,ceseo,,KISALTMA,,OKUNUSDAN_YAZILISA,Cumhurbaşkanlığı Senfoni Orkestrası
Cum. Bşk.,,"Cumhurbaşkanı, Cumhurbaşkanlığı",,KISALTMA_NOKTALI,,,"Cumhurbaşkanı, Cumhurbaşkanlığı"
CÜ,,ceü,,KISALTMA,,OKUNUSDAN_YAZILISA,Cumhuriyet Üniversitesi
ÇAYKUR,,çaykur,,KISALTMA,,OKUNUSDAN_YAZILISA,Çay İşletmeleri Genel Müdürlüğü
çev.,,Çeviren,,KISALTMA_NOKTALI,,,Çeviren
ÇS,,çese,,KISALTMA,,OKUNUSDAN_YAZILISA,Çimento Sanayisi
ÇUKOBİRLİK,,çukobirlik,,KISALTMA,,OKUNUSDAN_YAZILISA,Çukurova Pamuk Tarım Satış Kooperatifleri Birliği
ÇÜ,,çeü,,KISALTMA,,OKUNUSDAN_YAZILISA,"Çankaya Üniversitesi, Çukurova Üniversitesi"
Çvş.,,Çavuş,,KISALTMA_NOKTALI,,,Çavuş
D,,doğu,,KISALTMA,,OKUNUSDAN_YAZILISA,Doğu
dal,,dekalitre,,KISALTMA,,OKUNUSDAN_YAZILISA,Dekalitre
dam,,dekametre,,KISALTMA,,OKUNUSDAN_YAZILISA,Dekametre
DAP,,dap,,KISALTMA,,OKUNUSDAN_YAZILISA,Doğu Anadolu Projesi
db.,,Dil bilimi,,KISALTMA_NOKTALI,,,Dil bilimi
dbl.,,Dil bilgisi,,KISALTMA_NOKTALI,,,Dil bilgisi
DDT,,dedete,,KISALTMA,,OKUNUSDAN_YAZILISA,Böcek öldü¬rücü (Dichloro-diphenol-trichloro-ethane)
DDY,,dedeye,,KISALTMA,,OKUNUSDAN_YAZILISA,Devlet Deniz Yolları
DEÜ,,deü,,KISALTMA,,OKUNUSDAN_YAZILISA,Dokuz Eylül Üniversitesi
dg,,desigram,,KISALTMA,,OKUNUSDAN_YAZILISA,Desigram
DGM,,degeme,,KISALTMA,,OKUNUSDAN_YAZILISA,Devlet Güvenlik Mahkemesi
DGS,,degese,,KISALTMA,,OKUNUSDAN_YAZILISA,Dikey geçiş sınavı
DHMİ,,dehemei,,KISALTMA,,OKUNUSDAN_YAZILISA,Devlet Hava Meydanları İşletmesi
DİE,,deie,,KISALTMA,,OKUNUSDAN_YAZILISA,Devlet İstatistik Enstitüsü
dk.,,dakika,,KISALTMA_NOKTALI,,,Dakika
dl,,desilitre,,KISALTMA,,OKUNUSDAN_YAZILISA,Desilitre
DLH,,,,KISALTMA,,OKUNUSDAN_YAZILISA,Demiryolları Limanlar Hava Meydanları İnşaatı (Genel Müdürlüğü)
dm,,desimetre,,KISALTMA,,OKUNUSDAN_YAZILISA,Desimetre
DMO,,demeo,,KISALTMA,,OKUNUSDAN_YAZILISA,Devlet Malzeme Ofisi
DNA,,denea,,KISALTMA,,OKUNUSDAN_YAZILISA,Deoksirübo nükleik asit
Doç.,,Doçent,,KISALTMA_NOKTALI,,,Doçent
doğ.,,Doğum tarihi,,KISALTMA_NOKTALI,,,Doğum tarihi
DPT,,depete,,KISALTMA,,OKUNUSDAN_YAZILISA,Devlet Planlama Teşkilatı
Dr.,,Doktor,,KISALTMA_NOKTALI,,,Doktor
drl.,,Derleyen,,KISALTMA_NOKTALI,,,Derleyen
DSİ,,desei,,KISALTMA,,OKUNUSDAN_YAZILISA,Devlet Su İşleri
DSÖ,,deseö,,KISALTMA,,OKUNUSDAN_YAZILISA,Dünya Sağlık Örgütü (World Health Organization)
DT,,dete,,KISALTMA,,OKUNUSDAN_YAZILISA,Devlet Tiyatroları
DTCF,,detecefe,,KISALTMA,,OKUNUSDAN_YAZILISA,Dil ve Tarih-Coğrafya Fakültesi
DTÖ,,deteö,,KISALTMA,,OKUNUSDAN_YAZILISA,Dünya Ticaret Örgütü (World Trade Organization)
DÜ,,deü,,KISALTMA,,OKUNUSDAN_YAZILISA,Dicle Üniversitesi
Dz. Kuv.,,Deniz Kuvvetleri,,KISALTMA_NOKTALI,,,Deniz Kuvvetleri
Dz. Kuv. K.,,"Deniz Kuvvetleri Komutanı, Komutanlığı",,KISALTMA_NOKTALI,,,"Deniz Kuvvetleri Komutanı, Komutanlığı"
dzl.,,Düzenleyen,,KISALTMA_NOKTALI,,,Düzenleyen
e.,,Edat,,KISALTMA_NOKTALI,,,Edat
EAC,,,,KISALTMA,,OKUNUSDAN_YAZILISA,Avrupa İş Birliği Örgütü (European Association for Cooperation)
EAT,,,,KISALTMA,,OKUNUSDAN_YAZILISA,Eski Anadolu Türkçesi
EBU,,,,KISALTMA,,OKUNUSDAN_YAZILISA,Avrupa Yayın Birliği (European Broadcasting Union)
Ecz.,,Eczacı,,KISALTMA_NOKTALI,,,Eczacı
ed.,,"Edebiyat, editör",,KISALTMA_NOKTALI,,,"Edebiyat, editör"
EEG,,eege,,KISALTMA,,OKUNUSDAN_YAZILISA,Beyin akım grafiği (Elektroensefalogram)
EFT,,efete,,KISALTMA,,OKUNUSDAN_YAZILISA,Elektronik fon transferi
EFTA,,efetea,,KISALTMA,,OKUNUSDAN_YAZILISA,Avrupa Serbest Ticaret Bölgesi/Birliği (European Free Trade Area/Association)
EGO,,ego,,KISALTMA,,OKUNUSDAN_YAZILISA,"Elektrik, Gaz, Otobüs İşletmeleri (Ankara Belediyesi)"
EİEİ,,,,KISALTMA,,OKUNUSDAN_YAZILISA,Elektrik İşleri Etüt İdaresi
EKG,,ekage,,KISALTMA,,OKUNUSDAN_YAZILISA,Kalp akım grafiği (Elektrokardiyogram)
ekon.,,Ekonomi,,KISALTMA_NOKTALI,,,Ekonomi
EMG,,emege,,KISALTMA,,OKUNUSDAN_YAZILISA,Kas akım grafiği (Electromyographie)
EMK,,emeka,,KISALTMA,,OKUNUSDAN_YAZILISA,Elektromotor kuvvet
Ens.,,"Enstitü, enstitüsü",,KISALTMA_NOKTALI,,,"Enstitü, enstitüsü"
EPA,,epea,,KISALTMA,,OKUNUSDAN_YAZILISA,Avrupa Parlamenterler Örgütü (European Parliamentary Association)
EPDK,,epedeka,,KISALTMA,,OKUNUSDAN_YAZILISA,Enerji Piyasası Düzenleme Kurulu
ERDEMİR,,erdemir,,KISALTMA,,OKUNUSDAN_YAZILISA,Ereğli Demir Çelik Fabrikaları
Erm.,,Ermenice,,KISALTMA_NOKTALI,,,Ermenice
ESA,,esa,,KISALTMA,,OKUNUSDAN_YAZILISA,Avrupa Uzay Ajansı (European Space Agency)
ESHOT,,eshot,,KISALTMA,,OKUNUSDAN_YAZILISA,"Elektrik, Su, Hava Gazı, Otobüs, Tramvay İşletmeleri (İzmir Belediyesi)"
ET,,,,KISALTMA,,OKUNUSDAN_YAZILISA,Eski Türkçe
EÜ,,eü,,KISALTMA,,OKUNUSDAN_YAZILISA,Ege Üniversitesi
f.,,Fiil,,KISALTMA_NOKTALI,,,Fiil
Fak.,,Fakülte,,KISALTMA_NOKTALI,,,Fakülte
FAO,,,,KISALTMA,,OKUNUSDAN_YAZILISA,BM Gıda ve Tarım Teşkilatı (Food and Agriculture Organization)
Far.,,Farsça,,KISALTMA_NOKTALI,,,Farsça
FBI,,efbiay,,KISALTMA,,OKUNUSDAN_YAZILISA,ABD Federal Araştırma Bürosu (Federal Bureau of Investigation)
fel.,,Felsefe,,KISALTMA_NOKTALI,,,Felsefe
FIBA,,fiba,,KISALTMA,,OKUNUSDAN_YAZILISA,Uluslararası Basketbol Federasyonu (Federation Internationale de Basketball Association)
FIDE,,fide,,KISALTMA,,OKUNUSDAN_YAZILISA,Uluslararası Satranç  Federasyonu (Federation Internationale des Eches)
FIFA,,fifa,,KISALTMA,,OKUNUSDAN_YAZILISA,Uluslararası Futbol Federasyonu (Federation Internationale des Football Associations)
FILA,,fila,,KISALTMA,,OKUNUSDAN_YAZILISA,Uluslararası Amatör Güreş Federasyonu (Federation Internationale de Lutte Amateur)
FIR,,,,KISALTMA,,OKUNUSDAN_YAZILISA,Uçuş hattı düzenlemesi (Flight Information Region)
fil.,,"Filoloji, filolojisi",,KISALTMA_NOKTALI,,,"Filoloji, filolojisi"
FİSKOBİRLİK,,fiskobirlik,,KISALTMA,,OKUNUSDAN_YAZILISA,Fındık Tarım Satış Kooperatifleri Birliği
fiz.,,Fizik,,KISALTMA_NOKTALI,,,Fizik
fizy.,,Fizyoloji,,KISALTMA_NOKTALI,,,Fizyoloji
FKB,,fekabe,,KISALTMA,,OKUNUSDAN_YAZILISA,"Fizik, kimya, biyoloji"
FM,,efem,,KISALTMA,,OKUNUSDAN_YAZILISA,Frekans Modülasyonu (Frequency Modulation)
Fr.,,Fransızca,,KISALTMA_NOKTALI,,,Fransızca
FÜ,,feü,,KISALTMA,,OKUNUSDAN_YAZILISA,Fırat Üniversitesi
G,,,,KISALTMA,,OKUNUSDAN_YAZILISA,Güney
g,,gram,,KISALTMA,,OKUNUSDAN_YAZILISA,Gram
GAP,,gap,,KISALTMA,,OKUNUSDAN_YAZILISA,Güneydoğu Anadolu Projesi
GATA,,gata,,KISALTMA,,OKUNUSDAN_YAZILISA,Gülhane Askerî Tıp Akademisi
GAZÜ,,gazü,,KISALTMA,,OKUNUSDAN_YAZILISA,Gaziantep Üniversitesi
GB,,gigabayt,,KISALTMA,,OKUNUSDAN_YAZILISA,Bilgisayarda bellek birimi (Gigabyte)
GB,,,,KISALTMA,,OKUNUSDAN_YAZILISA,Güneybatı
GB,,,,KISALTMA,,OKUNUSDAN_YAZILISA,Gümrük Birliği
GD,,,,KISALTMA,,OKUNUSDAN_YAZILISA,Güneydoğu
Gen.,,general,,KISALTMA_NOKTALI,,,General
geom.,,geometri,,KISALTMA_NOKTALI,,,Geometri
gn.,,genel,,KISALTMA_NOKTALI,,,Genel
Gnkur.,,genelkurmay,,KISALTMA_NOKTALI,,,Genelkurmay
GOÜ,,geoü,,KISALTMA,,OKUNUSDAN_YAZILISA,Gazi Osmanpaşa Üniversitesi
Gön.,,Gönderen,,KISALTMA_NOKTALI,,,Gönderen
gr.,,Gramer,,KISALTMA_NOKTALI,,,Gramer
Grt,,groston,,KISALTMA,,OKUNUSDAN_YAZILISA,Groston
GSM,,geseme,,KISALTMA,,OKUNUSDAN_YAZILISA,Mobil cep telefonu (Global System for Mobile Communications)
GSMH,,gesemehe,F,KISALTMA,,OKUNUSDAN_YAZILISA,Gayrisafi millî hasıla
GSYH,,geseyehe,F,KISALTMA,,OKUNUSDAN_YAZILISA,Gayrisafi yurt içi hasıla
GÜ,,geü,,KISALTMA,,OKUNUSDAN_YAZILISA,Gazi Üniversitesi
H,,,,KISALTMA,,OKUNUSDAN_YAZILISA,Hicri
HA,,,,KISALTMA,,OKUNUSDAN_YAZILISA,Harp Akademisi
HABITAT,,habitat,,KISALTMA,,OKUNUSDAN_YAZILISA,Birleşmiş Milletler İnsan Yerleşimleri Konferansı (Centre for Human Settlements)
HAVAŞ,,havaş,,KISALTMA,,OKUNUSDAN_YAZILISA,Hava Alanları ve Yer Hizmetleri Genel Müdürlüğü
HDD,,eyçdidi,,KISALTMA,,OKUNUSDAN_YAZILISA,Ana bellek sürücüsü (Hard Disk Drive)
hek.,,"Hekimlik, hekim, hekimi",,KISALTMA_NOKTALI,,,"Hekimlik, hekim, hekimi"
HIV,,eyçayvi,,KISALTMA,,OKUNUSDAN_YAZILISA,AIDS hastalığına neden olan virüs (Human Immunodeficiency Virus)
hl,,hektolitre,,KISALTMA,,OKUNUSDAN_YAZILISA,Hektolitre
hlk.,,halk ağzı,,KISALTMA_NOKTALI,,,Halk ağzı
hm,,hektometre,,KISALTMA,,OKUNUSDAN_YAZILISA,Hektometre
HMUK,,,,KISALTMA,,OKUNUSDAN_YAZILISA,Hukuk Muhakemeleri Usulü Kanunu
HO,,,,KISALTMA,,OKUNUSDAN_YAZILISA,Harp Okulu
Hst.,,"Hastane, hastanesi",,KISALTMA_NOKTALI,,,"Hastane, hastanesi"
Hs. Uzm.,,Hesap Uzmanı,,KISALTMA_NOKTALI,,,Hesap Uzmanı
huk.,,Hukuk,,KISALTMA_NOKTALI,,,Hukuk
HÜ,,heü,,KISALTMA,,OKUNUSDAN_YAZILISA,Hacettepe Üniversitesi
Hv. Kuv.,,Hava Kuvvetleri,,KISALTMA_NOKTALI,,,Hava Kuvvetleri
Hv. Kuv. K.,,"Hava Kuvvetleri Komutanı, Komutanlığı",,KISALTMA_NOKTALI,,,"Hava Kuvvetleri Komutanı, Komutanlığı"
Hz.,,Hazret,,KISALTMA_NOKTALI,,,Hazret
Hz.,,"Hizmet, hizmette",,KISALTMA_NOKTALI,,,"Hizmet, hizmette"
hzl.,,Hazırlayan,,KISALTMA_NOKTALI,,,Hazırlayan
Hz. öz.,,Hizmete özel,,KISALTMA_NOKTALI,,,Hizmete özel
IAAF,,,,KISALTMA,,OKUNUSDAN_YAZILISA,Uluslararası Amatör Atletizm Federasyonu (International Amateur Athletic Federation)
IAEA,,,,KISALTMA,,OKUNUSDAN_YAZILISA,Uluslararası Atom Enerjisi Ajansı (International Atomic Energy Agency)
IATA,,,,KISALTMA,,OKUNUSDAN_YAZILISA,Uluslararası Hava Taşımacılığı Birliği (International Air Transport Association)
ICAO,,,,KISALTMA,,OKUNUSDAN_YAZILISA,Uluslararası Sivil Havacılık Örgütü (International Civil Aviation Organization)
ICJ,,,,KISALTMA,,OKUNUSDAN_YAZILISA,Uluslararası Adalet Divanı (International Court of Justice)
ICRC,,,,KISALTMA,,OKUNUSDAN_YAZILISA,Uluslararası Kızılhaç Komitesi (International Committee of the Red Cross)
IDA,,,,KISALTMA,,OKUNUSDAN_YAZILISA,Uluslararası Kalkınma Bankası
IDB,,,,KISALTMA,,OKUNUSDAN_YAZILISA,İslam Kalkınma Bankası (Islamic Development Bank)
ILO,,,,KISALTMA,,OKUNUSDAN_YAZILISA,Uluslararası Çalışma Teşkilatı (International Labor Organization)
IMF,,imefe,,KISALTMA,,OKUNUSDAN_YAZILISA,Uluslararası Para Fonu (International Monetary Fund)
INTERPOL,,interpol,,KISALTMA,,OKUNUSDAN_YAZILISA,Uluslararası Cinayet Polisi Komisyonu (International Criminal Police Commission)
IOC,,,,KISALTMA,,OKUNUSDAN_YAZILISA,Uluslararası Olimpiyat Komitesi (International Olympic Committee)
IPI,,,,KISALTMA,,OKUNUSDAN_YAZILISA,Uluslararası Basın Enstitüsü (International Press Institute)
IRO,,,,KISALTMA,,OKUNUSDAN_YAZILISA,Uluslararası Mülteci Teşkilatı (International Refugee Organization)
ISBN,,ayesbien,,KISALTMA,,OKUNUSDAN_YAZILISA,Uluslararası Standart Kitap Numarası (International Standard Book Number)
ISMN,,,,KISALTMA,,OKUNUSDAN_YAZILISA,Uluslararası Standart Müzik Numarası (International Standard Music Number)
ISO,,iso,,KISALTMA,,OKUNUSDAN_YAZILISA,Uluslararası Standartlar Örgütü (International Organization for Standardization)
ISSN,,,,KISALTMA,,OKUNUSDAN_YAZILISA,Uluslararası Standart Dizi Numarası (International Standard Serial Number)
ITO,,ito,,KISALTMA,,OKUNUSDAN_YAZILISA,Birleşmiş Milletler Uluslararası Ticaret Birliği (International Trade Organization)
İbr.,,İbranice,,KISALTMA_NOKTALI,,,İbranice
İETT,,ietete,,KISALTMA,,OKUNUSDAN_YAZILISA,"İstanbul Elektrik, Tünel, Tramvay İşletmesi"
İKÖ,,ikö,,KISALTMA,,OKUNUSDAN_YAZILISA,İslam Konferansı Örgütü
İMKB,,imekabe,,KISALTMA,,OKUNUSDAN_YAZILISA,İstanbul Menkul Kıymetler Borsası
İng.,,İngilizce,,KISALTMA_NOKTALI,,,İngilizce
is.,,İsim,,KISALTMA_NOKTALI,,,İsim
İSDEMİR,,isdemir,,KISALTMA,,OKUNUSDAN_YAZILISA,İskenderun Demir Çelik Fabrikaları
İSKİ,,iski,,KISALTMA,,OKUNUSDAN_YAZILISA,İstanbul Su ve Kanalizasyon İdaresi
İSO,,iso,,KISALTMA,,OKUNUSDAN_YAZILISA,İstanbul Sanayi Odası
İsp.,,İspanyolca,,KISALTMA_NOKTALI,,,İspanyolca
İŞKUR,,işkur,,KISALTMA,,OKUNUSDAN_YAZILISA,Türkiye İş Kurumu
işl.,,İşleyen,,KISALTMA_NOKTALI,,,İşleyen
İŞOT,,,,KISALTMA,,OKUNUSDAN_YAZILISA,İstanbul Şehirler Arası Otobüs Terminali
İt.,,İtalyanca,,KISALTMA_NOKTALI,,,İtalyanca
İTB,,,,KISALTMA,,OKUNUSDAN_YAZILISA,İstanbul Ticaret Borsası
İTO,,ito,,KISALTMA,,OKUNUSDAN_YAZILISA,İstanbul Ticaret Odası
İTÜ,,itü,,KISALTMA,,OKUNUSDAN_YAZILISA,İstanbul Teknik Üniversitesi
İÜ,,iü,,KISALTMA,,OKUNUSDAN_YAZILISA,İstanbul Üniversitesi
İZTB,,,,KISALTMA,,OKUNUSDAN_YAZILISA,İzmir Ticaret Borsası
İZTO,,,,KISALTMA,,OKUNUSDAN_YAZILISA,İzmir Ticaret Odası
J,,,,KISALTMA,,OKUNUSDAN_YAZILISA,Jandarma
JAL,,,,KISALTMA,,OKUNUSDAN_YAZILISA,Japon Hava Yolları (Japan Airlines)
Jap.,,Japonca,F,KISALTMA_NOKTALI,,,Japonca
jeol.,,Jeoloji,F,KISALTMA_NOKTALI,,,Jeoloji
JGK,,jegeka,,KISALTMA,,OKUNUSDAN_YAZILISA,Jandarma Genel Komutanlığı
KARDEMİR,,kardemir,,KISALTMA,,OKUNUSDAN_YAZILISA,Karabük Demir Çelik Fabrikaları
KB,,,?,KISALTMA,,OKUNUSDAN_YAZILISA,Kuzeybatı
KBB,,kabebe,,KISALTMA,,OKUNUSDAN_YAZILISA,"Kulak, Burun, Boğaz"
KD,,,?,KISALTMA,,OKUNUSDAN_YAZILISA,Kuzeydoğu
KDV,,kadeve,,KISALTMA,,OKUNUSDAN_YAZILISA,Katma değer vergisi
KEİ,,,,KISALTMA,,OKUNUSDAN_YAZILISA,Karadeniz Ekonomik İş Birliği
kg,,kilogram,,KISALTMA,birim,OKUNUSDAN_YAZILISA,Kilogram
KGB,,kagebe,,KISALTMA,,OKUNUSDAN_YAZILISA,Sovyet Gizli Haber Alma Teşkilatı (Komitet Gossudarrstvennoi Bezopastnosti)
KHK,,,,KISALTMA,,OKUNUSDAN_YAZILISA,Kanun hükmünde kararname
KİK,,,,KISALTMA,,OKUNUSDAN_YAZILISA,Kamu İhale Kurumu
kim.,,Kimya,,KISALTMA_NOKTALI,,,Kimya
KİT,,,,KISALTMA,,OKUNUSDAN_YAZILISA,Kamu İktisadi Teşekkülü
KKK,,kakaka,,KISALTMA,,OKUNUSDAN_YAZILISA,Kara Kuvvetleri Komutanlığı
KKTC,,kakatece,,KISALTMA,,OKUNUSDAN_YAZILISA,Kuzey Kıbrıs Türk Cumhuriyeti
km,,kilometre,,KISALTMA,,OKUNUSDAN_YAZILISA,Kilometre
KMS,,,,KISALTMA,,OKUNUSDAN_YAZILISA,Kurumlar İçi Merkezî Eleme Sınavı
KOBİ,,kobi,,KISALTMA,,OKUNUSDAN_YAZILISA,Küçük ve Orta Boy (Ölçekli) İşletme
KOİ,,,,KISALTMA,,OKUNUSDAN_YAZILISA,Kamu Ortaklığı İdaresi
koor.,,Koordinasyon,,KISALTMA_NOKTALI,,,Koordinasyon
Kor.,,Kolordu,,KISALTMA_NOKTALI,,,Kolordu
Kora.,,Koramiral,,KISALTMA_NOKTALI,,,Koramiral
Korg.,,Korgeneral,,KISALTMA_NOKTALI,,,Korgeneral
KOSGEB,,kosgeb,,KISALTMA,,OKUNUSDAN_YAZILISA,Küçük ve Orta Ölçekli Sanayiyi Geliştirme ve Destekleme İdaresi Başkanlığı
KPDS,,kapedese,,KISALTMA,,OKUNUSDAN_YAZILISA,Kamu Personeli Yabancı Dil Tespit Sınavı
krş.,,Karşılaştırınız,,KISALTMA_NOKTALI,,,Karşılaştırınız
KTÜ,,katü,,KISALTMA,,OKUNUSDAN_YAZILISA,Karadeniz Teknik Üniversitesi
Kur.,,Kurmay,,KISALTMA_NOKTALI,,,Kurmay
Kur. Bşk.,,"Kurmay Başkanı, Başkanlığı",,KISALTMA_NOKTALI,,,"Kurmay Başkanı, Başkanlığı"
KÜ,,,,KISALTMA,,OKUNUSDAN_YAZILISA,Kırıkkale Üniversitesi
l,,litre,,KISALTMA,,OKUNUSDAN_YAZILISA,Litre
Lat.,,Latince,,KISALTMA_NOKTALI,,,Latince
LCV,,,,KISALTMA,,OKUNUSDAN_YAZILISA,Lütfen cevap veriniz
LES,,,,KISALTMA,,OKUNUSDAN_YAZILISA,Lisansüstü Eğitim Giriş Sınavı
LİBOR,,,,KISALTMA,,OKUNUSDAN_YAZILISA,Londra bankaları gecelik faiz oranı
LP,,,,KISALTMA,,OKUNUSDAN_YAZILISA,Uzunçalar (Long play)
LPG,,lepege,,KISALTMA,,OKUNUSDAN_YAZILISA,Sıvılaştırılmış Petrol Gazı (Liquified Petroleum Gas)
Ltd.,,Limitet,,KISALTMA_NOKTALI,,,Limitet
M,,,,KISALTMA,,OKUNUSDAN_YAZILISA,Miladi
m,,metre,,KISALTMA,,OKUNUSDAN_YAZILISA,Metre
Mac.,,Macarca,,KISALTMA_NOKTALI,,,Macarca
Mah.,,"Mahalle, mahallesi",,KISALTMA_NOKTALI,,,"Mahalle, mahallesi"
Mah.,,"Mahkeme, mahkemesi",,KISALTMA_NOKTALI,,,"Mahkeme, mahkemesi"
man.,,Mantık,,KISALTMA_NOKTALI,,,Mantık
mat.,,Matematik,,KISALTMA_NOKTALI,,,Matematik
MB,,,,KISALTMA,,OKUNUSDAN_YAZILISA,Bilgisayarda bellek birimi (megabyte)
MD.,,"Müdür, müdürlük, müdürlüğü",,KISALTMA_NOKTALI,,,"Müdür, müdürlük, müdürlüğü"
MEB,,meb,,KISALTMA,,OKUNUSDAN_YAZILISA,Millî Eğitim Bakanlığı
mec.,,Mecaz,,KISALTMA_NOKTALI,,,Mecaz
MGK,,megeka,,KISALTMA,,OKUNUSDAN_YAZILISA,Millî Güvenlik Kurulu
mim.,,Mimarlık,,KISALTMA_NOKTALI,,,Mimarlık
min.,,Mineraloji,,KISALTMA_NOKTALI,,,Mineraloji
MİT,,mit,,KISALTMA,,OKUNUSDAN_YAZILISA,Millî İstihbarat Teşkilatı
MK,,,,KISALTMA,,OKUNUSDAN_YAZILISA,Medeni Kanun
MKE,,mekae,,KISALTMA,,OKUNUSDAN_YAZILISA,Makine ve Kimya Endüstrisi Kurumu
MKS,,mekase,,KISALTMA,,OKUNUSDAN_YAZILISA,Metre-Kilogram-Saat
MKYK,,mekeyeka,,KISALTMA,,OKUNUSDAN_YAZILISA,Merkez Karar Yönetim Kurulu
mm,,milimetre,,KISALTMA,,OKUNUSDAN_YAZILISA,Milimetre
MOSSAD,,mossad,,KISALTMA,,OKUNUSDAN_YAZILISA,İsrail Gizli Haber Alma Örgütü
MÖ,,,,KISALTMA,,OKUNUSDAN_YAZILISA,Milattan önce
MPİ,,,,KISALTMA,,OKUNUSDAN_YAZILISA,Millî Piyango İdaresi Genel Müdürlüğü
MPM,,,,KISALTMA,,OKUNUSDAN_YAZILISA,Millî Prodüktivite Merkezi
MS,,,,KISALTMA,,OKUNUSDAN_YAZILISA,Milattan sonra
MSÜ,,,,KISALTMA,,OKUNUSDAN_YAZILISA,Mimar Sinan Üniversitesi
MTA,,metea,,KISALTMA,,OKUNUSDAN_YAZILISA,Maden Tetkik ve Arama Genel Müdürlüğü
MÜ,,,,KISALTMA,,OKUNUSDAN_YAZILISA,Marmara Üniversitesi
Müh.,,"Mühendis, mühendisi, mühendislik",,KISALTMA_NOKTALI,,,"Mühendis, mühendisi, mühendislik"
Mür.,,Müracaat,,KISALTMA_NOKTALI,,,Müracaat
müz.,,Müzik,,KISALTMA_NOKTALI,,,Müzik
MYK,,meyeka,,KISALTMA,,OKUNUSDAN_YAZILISA,Merkez Yönetim Kurulu
NASA,,nasa,,KISALTMA,,OKUNUSDAN_YAZILISA,Amerikan Ulusal Havacılık ve Uzay Araştırmaları Merkezi (National Aeronautics and Space Administration)
NATO,,nato,,KISALTMA,,OKUNUSDAN_YAZILISA,Kuzey Atlantik Antlaşması Teşkilatı (North Atlantic Treaty Organization)
NOTAM,,,,KISALTMA,,OKUNUSDAN_YAZILISA,Havacılar ve denizciler için uyarı bildirimi (Notice to Airmen)
Nö.,,"Nöbet, nöbetçi",,KISALTMA_NOKTALI,,,"Nöbet, nöbetçi"
Nö. Sb.,,Nöbetçi subayı,,KISALTMA_NOKTALI,,,Nöbetçi subayı
Nu.,,Numara,,KISALTMA_NOKTALI,,,Numara
OAPEC,,,,KISALTMA,,OKUNUSDAN_YAZILISA,Petrol İhraç Eden Arap Ülkeleri Örgütü
ODTÜ,,odtü,,KISALTMA,,OKUNUSDAN_YAZILISA,Orta Doğu Teknik Üniversitesi
OECD,,oesidi,,KISALTMA,,OKUNUSDAN_YAZILISA,Ekonomik İş Birliği ve Kalkınma Teşkilatı (Organization for Economic Cooperation and Development)
Okt.,,Okutman,,KISALTMA_NOKTALI,,,Okutman
Onb.,,Onbaşı,,KISALTMA_NOKTALI,,,Onbaşı
OPEC,,opek,,KISALTMA,,OKUNUSDAN_YAZILISA,Petrol İhraç Eden Ülkeler Teşkilatı (Organization of Petroleum Exporting Countries)
Opr.,,Operatör,,KISALTMA_NOKTALI,,,Operatör
Or.,,Ordu,,KISALTMA_NOKTALI,,,Ordu
Ora.,,Oramiral,,KISALTMA_NOKTALI,,,Oramiral
Ord.,,Ordinaryüs,,KISALTMA_NOKTALI,,,Ordinaryüs
Org.,,Orgeneral,,KISALTMA_NOKTALI,,,Orgeneral
Ort.,,"Ortaklık, ortakları, ortaklığı",,KISALTMA_NOKTALI,,,"Ortaklık, ortakları, ortaklığı"
OSB,,,,KISALTMA,,OKUNUSDAN_YAZILISA,Organize Sanayi Bölgesi
Osm. T.,,Osmanlı Türkçesi,,KISALTMA_NOKTALI,,,Osmanlı Türkçesi
OYAK,,oyak,,KISALTMA,,OKUNUSDAN_YAZILISA,Ordu Yardımlaşma Kurumu
ÖİB,,,,KISALTMA,,OKUNUSDAN_YAZILISA,Özelleştirme İdaresi Başkanlığı
öl.,,Ölüm tarihi,,KISALTMA_NOKTALI,,,Ölüm tarihi
ör.,,Örnek,,KISALTMA_NOKTALI,,,Örnek
ÖSS,,ösese,,KISALTMA,,OKUNUSDAN_YAZILISA,Öğrenci Seçme Sınavı
ÖSYM,,öseyeme,,KISALTMA,,OKUNUSDAN_YAZILISA,Öğrenci Seçme Yerleştirme Merkezi
ÖTV,,öteve,,KISALTMA,,OKUNUSDAN_YAZILISA,Özel tüketim vergisi
ÖYK,,öyeka,,KISALTMA,,OKUNUSDAN_YAZILISA,Özelleştirme Yüksek Kurulu
ÖYS,,öyese,,KISALTMA,,OKUNUSDAN_YAZILISA,Öğrenci Yerleştirme Sınavı
öz.,,Özel,,KISALTMA_NOKTALI,,,Özel
ped.,,Pedagoji,,KISALTMA_NOKTALI,,,Pedagoji
PEN,,,,KISALTMA,,OKUNUSDAN_YAZILISA,"Uluslararası Yazarlar Birliği (International Association of Poets, Playwrights, Editors, Essayists and Novelists)"
PETKİM,,petkim,,KISALTMA,,OKUNUSDAN_YAZILISA,Petrokimya Endüstrisi Genel Müdürlüğü
PK,,peka,,KISALTMA,,OKUNUSDAN_YAZILISA,Posta kutusu
PO,,po,,KISALTMA,,OKUNUSDAN_YAZILISA,Petrol Ofisi
POAŞ,,poaş,,KISALTMA,,OKUNUSDAN_YAZILISA,Petrol Ofisi Anonim Şirketi
Port.,,Portekizce,,KISALTMA_NOKTALI,,,Portekizce
Prof.,,Profesör,,KISALTMA_NOKTALI,,,Profesör
psikol.,,Psikoloji,,KISALTMA_NOKTALI,,,Psikoloji
PTT,,petete,,KISALTMA,,OKUNUSDAN_YAZILISA,Posta ve Telgraf Teşkilatı Genel Müdürlüğü
RAM,,rem,,KISALTMA,,OKUNUSDAN_YAZILISA,Bilgisayarda okunabilir ve yazılabilir bellek (Random Access Memory)
RC,,,,KISALTMA,,OKUNUSDAN_YAZILISA,Kızılhaç (Red Cross)
RCD,,,,KISALTMA,,OKUNUSDAN_YAZILISA,Kalkınma İçin Bölgesel İş Birliği (Regional Cooperation for Development)
RNA,,renea,,KISALTMA,,OKUNUSDAN_YAZILISA,Ribo nükleik asit
ROM,,rom,,KISALTMA,,OKUNUSDAN_YAZILISA,Bilgisayarda yalnızca okunabilir bellek (Read-Only Memory)
Ro-Ro,,roro,,KISALTMA,,OKUNUSDAN_YAZILISA,Gemiye taşıt indirme bindirme (rolon-roloff)
RTÜK,,rütük,,KISALTMA,,OKUNUSDAN_YAZILISA,Radyo ve Televizyon Üst Kurulu
Rum.,,Rumence,,KISALTMA_NOKTALI,,,Rumence
Rus.,,Rusça,,KISALTMA_NOKTALI,,,Rusça
S,,,,KISALTMA,,OKUNUSDAN_YAZILISA,Sayı
s.,,Sayfa,,KISALTMA_NOKTALI,,,Sayfa
sa.,,Saat,,KISALTMA_NOKTALI,,,Saat
SALT,,,,KISALTMA,,OKUNUSDAN_YAZILISA,Stratejik Silahların Sınırlandırılması Görüşmeleri (Strategic Arms Limitation Talks)
SAS,,sas,,KISALTMA,,OKUNUSDAN_YAZILISA,Su Altı Savunma (Komandoları)
SAT,,sat,,KISALTMA,,OKUNUSDAN_YAZILISA,Su Altı Taarruz (Komandoları)
Sb.,,Subay,,KISALTMA_NOKTALI,,,Subay
SBF,,sebefe,,KISALTMA,,OKUNUSDAN_YAZILISA,Siyasal Bilgiler Fakültesi
SEK,,sek,,KISALTMA,,OKUNUSDAN_YAZILISA,Süt Endüstrisi Kurumu AŞ
SEKA,,seka,,KISALTMA,,OKUNUSDAN_YAZILISA,Selüloz ve Kâğıt Sanayii Kurumu
sf.,,Sıfat,,KISALTMA_NOKTALI,,,Sıfat
SHÇEK,,,,KISALTMA,,OKUNUSDAN_YAZILISA,Sosyal Hizmetler ve Çocuk Esirgeme Kurumu
SKT,,sekate,,KISALTMA,,OKUNUSDAN_YAZILISA,Son kullanma tarihi
Sl.,,Slavca,,KISALTMA_NOKTALI,,,Slavca
Sn.,,Sayın,,KISALTMA_NOKTALI,,,Sayın
sn.,,Saniye,,KISALTMA_NOKTALI,,,Saniye
snt.,,Santral,,KISALTMA_NOKTALI,,,Santral
sok.,,Sokak,,KISALTMA_NOKTALI,,,Sokak
sos.,,Sosyoloji,,KISALTMA_NOKTALI,,,Sosyoloji
SOS,,,,KISALTMA,,OKUNUSDAN_YAZILISA,Uluslararası yardım isteme uyarısı (Save Our Souls)
sp.,,Spor,,KISALTMA_NOKTALI,,,Spor
SPK,,sepeka,,KISALTMA,,OKUNUSDAN_YAZILISA,Sermaye Piyasası Kurulu
SSCB,,sesecebe,,KISALTMA,,OKUNUSDAN_YAZILISA,Sovyet Sosyalist Cumhuriyetleri Birliği
SSK,,seseka,,KISALTMA,,OKUNUSDAN_YAZILISA,Sosyal Sigortalar Kurumu
STK,,seteka,,KISALTMA,,OKUNUSDAN_YAZILISA,Sivil Toplum Kuruluşu
STÖ,,seteö,,KISALTMA,,OKUNUSDAN_YAZILISA,Sivil Toplum Örgütü
SÜ,,,,KISALTMA,,OKUNUSDAN_YAZILISA,Selçuk Üniversitesi
Ş,,,,KISALTMA,,OKUNUSDAN_YAZILISA,Şirket
Şb.,,Şube,,KISALTMA_NOKTALI,,,Şube
T.,,Türkçe,,KISALTMA_NOKTALI,,,Türkçe
t,,ton,,KISALTMA,,OKUNUSDAN_YAZILISA,Ton
TAEK,,taek,,KISALTMA,,OKUNUSDAN_YAZILISA,Türkiye Atom Enerjisi Kurumu
TAI,,,,KISALTMA,,OKUNUSDAN_YAZILISA,Türk Havacılık Sanayii (Turkish Aerospace Industry)
TAO,,,,KISALTMA,,OKUNUSDAN_YAZILISA,Türk Anonim Ortaklığı
tar.,,Tarih,,KISALTMA_NOKTALI,,,Tarih
TARİŞ,,tariş,,KISALTMA,,OKUNUSDAN_YAZILISA,Tarım Satış Kooperatifleri Birliği
TASS,,,,KISALTMA,,OKUNUSDAN_YAZILISA,Sovyetler Birliği Telgraf Ajansı (Telegrafnoe Agentstvo Sovetskogo Soyuza)
TAŞ,,,,KISALTMA,,OKUNUSDAN_YAZILISA,Türk Anonim Şirketi
Tb.,,Tabur,,KISALTMA_NOKTALI,,,Tabur
TBB,,,,KISALTMA,,OKUNUSDAN_YAZILISA,Türkiye Barolar Birliği
TBMM,,tebememe,,KISALTMA,,OKUNUSDAN_YAZILISA,Türkiye Büyük Millet Meclisi
T.C.,,Türkiye Cumhuriyeti,,KISALTMA_NOKTALI,,,Türkiye Cumhuriyeti
TCDD,,tecedede,,KISALTMA,,OKUNUSDAN_YAZILISA,Türkiye Cumhuriyeti Devlet Demiryolları
TCK,,teceka,,KISALTMA,,OKUNUSDAN_YAZILISA,Türkiye Cumhuriyeti Karayolları
TCK,,teceka,,KISALTMA,,OKUNUSDAN_YAZILISA,Türk Ceza Kanunu
TCMB,,tecemebe,,KISALTMA,,OKUNUSDAN_YAZILISA,Türkiye Cumhuriyet Merkez Bankası
TCZB,,tecezebe,,KISALTMA,,OKUNUSDAN_YAZILISA,Türkiye Cumhuriyeti Ziraat Bankası
TDÇİ,,,,KISALTMA,,OKUNUSDAN_YAZILISA,Türkiye Demir Çelik İşletmeleri
TDİ,,,,KISALTMA,,OKUNUSDAN_YAZILISA,Türkiye Denizcilik İşletmeleri
TDK,,tedeka,,KISALTMA,,OKUNUSDAN_YAZILISA,Türk Dil Kurumu
TEAŞ,,teaş,,KISALTMA,,OKUNUSDAN_YAZILISA,Türkiye Elektrik Üretim AŞ
TEDAŞ,,tedaş,,KISALTMA,,OKUNUSDAN_YAZILISA,Türkiye Elektrik Dağıtım Anonim Şirketi
TEFE,,tefe,,KISALTMA,,OKUNUSDAN_YAZILISA,Toptan eşya fiyatları endeksi
TEİAŞ,,,,KISALTMA,,OKUNUSDAN_YAZILISA,Türkiye Elektrik İletim AŞ
tek.,,"Teknik, teknoloji",,KISALTMA_NOKTALI,,,"Teknik, teknoloji"
TEK,,,,KISALTMA,,OKUNUSDAN_YAZILISA,Türkiye Elektrik Kurumu
telg.,,Telgraf,,KISALTMA_NOKTALI,,,Telgraf
TEM,,tem,,KISALTMA,,OKUNUSDAN_YAZILISA,Avrupa Transit Kara Yolu (Trans European Motor Way)
TETAŞ,,tetaş,,KISALTMA,,OKUNUSDAN_YAZILISA,"Türkiye Elektrik, Ticaret ve Taahhüt AŞ"
TGC,,,,KISALTMA,,OKUNUSDAN_YAZILISA,Türkiye Gazeteciler Cemiyeti
TGS,,,,KISALTMA,,OKUNUSDAN_YAZILISA,Türkiye Gazeteciler Sendikası
Tğm.,,Teğmen,,KISALTMA_NOKTALI,,,Teğmen
THA,,,,KISALTMA,,OKUNUSDAN_YAZILISA,Türk Haberler Ajansı
THK,,teheka,,KISALTMA,,OKUNUSDAN_YAZILISA,Türk Hava Kurumu
THK,,,,KISALTMA,,OKUNUSDAN_YAZILISA,Türk Hukuk Kurumu
THY,,teheye,,KISALTMA,,OKUNUSDAN_YAZILISA,Türk Hava Yolları
TIR,,tır,,KISALTMA,,OKUNUSDAN_YAZILISA,Uluslararası Kara Yolu Taşımacılığı (Transport International Routier)
tic.,,Ticaret,,KISALTMA_NOKTALI,,,Ticaret
TİGEM,,tigem,,KISALTMA,,OKUNUSDAN_YAZILISA,Tarım İşletmeleri Genel Müdürlüğü
TİKA,,tika,,KISALTMA,,OKUNUSDAN_YAZILISA,Türk İşbirliği ve Kalkınma İdaresi Başkanlığı
TİM,,tim,,KISALTMA,,OKUNUSDAN_YAZILISA,Türkiye İhracatçılar Merkezi
TİSK,,tisk,,KISALTMA,,OKUNUSDAN_YAZILISA,Türkiye İşverenler Sendikası Konfederasyonu
tiy.,,Tiyatro,,KISALTMA_NOKTALI,,,Tiyatro
TKAE,,,,KISALTMA,,OKUNUSDAN_YAZILISA,Türk Kültürünü Araştırma Enstitüsü
TKB,,,,KISALTMA,,OKUNUSDAN_YAZILISA,Türk Kadınlar Birliği
TKF,,,,KISALTMA,,OKUNUSDAN_YAZILISA,Toplu Konut Fonu
TKİ,,,,KISALTMA,,OKUNUSDAN_YAZILISA,Türkiye Kömür İşletmeleri
TL,,tele,,KISALTMA,,OKUNUSDAN_YAZILISA,Türk lirası
tel.,,Telefon,,KISALTMA_NOKTALI,,,Telefon
tlks.,,Teleks,,KISALTMA_NOKTALI,,,Teleks
tls.,,Telsiz,,KISALTMA_NOKTALI,,,Telsiz
TM,,teme,,KISALTMA,,OKUNUSDAN_YAZILISA,Türk malı
TMMOB,,,,KISALTMA,,OKUNUSDAN_YAZILISA,Türk Mühendis ve Mimar Odaları Birliği
TMO,,temeo,,KISALTMA,,OKUNUSDAN_YAZILISA,Toprak Mahsulleri Ofisi
TOBB,,tob,,KISALTMA,,OKUNUSDAN_YAZILISA,Türkiye Odalar ve Borsalar Birliği
TODAİE,,,,KISALTMA,,OKUNUSDAN_YAZILISA,Türkiye ve Orta Doğu Amme İdaresi Enstitüsü
TOEFL,,tofıl,,KISALTMA,,OKUNUSDAN_YAZILISA,Yabancı dil olarak İngilizce testi (Test of English as a Foreign Language)
TOKİ,,toki,,KISALTMA,,OKUNUSDAN_YAZILISA,Toplu Konut İdaresi Başkanlığı
Top.,,Topçu,,KISALTMA_NOKTALI,,,Topçu
TP,,tepe,,KISALTMA,,OKUNUSDAN_YAZILISA,Türk Petrolleri
TPAO,,tepeao,,KISALTMA,,OKUNUSDAN_YAZILISA,Türkiye Petrolleri Anonim Ortaklığı
TR,,tere,,KISALTMA,,OKUNUSDAN_YAZILISA,Türkiye
TRT,,terete,,KISALTMA,,OKUNUSDAN_YAZILISA,Türkiye Radyo Televizyon Kurumu
TSE,,tesee,,KISALTMA,,OKUNUSDAN_YAZILISA,Türk Standartları Enstitüsü
TSİ,,tesei,,KISALTMA,,OKUNUSDAN_YAZILISA,Türkiye saati ile
TSK,,teseka,,KISALTMA,,OKUNUSDAN_YAZILISA,Türk Silahlı Kuvvetleri
TT,,,,KISALTMA,,OKUNUSDAN_YAZILISA,Türkiye Türkçesi
TTB,,,,KISALTMA,,OKUNUSDAN_YAZILISA,Türk Tabipleri Birliği
TTOK,,,,KISALTMA,,OKUNUSDAN_YAZILISA,Türkiye Turing ve Otomobil Kurumu
TTKB,,,,KISALTMA,,OKUNUSDAN_YAZILISA,Talim ve Terbiye Kurulu Başkanlığı
TTK,,,,KISALTMA,,OKUNUSDAN_YAZILISA,Türk Tarih Kurumu
Tug.,,Tugay,,KISALTMA_NOKTALI,,,Tugay
Tuğa.,,Tuğamiral,,KISALTMA_NOKTALI,,,Tuğamiral
Tuğg.,,Tuğgeneral,,KISALTMA_NOKTALI,,,Tuğgeneral
TUS,,tus,,KISALTMA,,OKUNUSDAN_YAZILISA,Tıpta Uzmanlık Sınavı
TÜ,,,,KISALTMA,,OKUNUSDAN_YAZILISA,Trakya Üniversitesi
TÜBA,,tüba,,KISALTMA,,OKUNUSDAN_YAZILISA,Türkiye Bilimler Akademisi
TÜBİTAK,,tübitak,,KISALTMA,,OKUNUSDAN_YAZILISA,Türkiye Bilimsel ve Teknik Araştırma Kurumu
TÜFE,,tüfe,,KISALTMA,,OKUNUSDAN_YAZILISA,Tüketici fiyatları endeksi
Tüm.,,Tümen,,KISALTMA_NOKTALI,,,Tümen
Tüma.,,Tümamiral,,KISALTMA_NOKTALI,,,Tümamiral
Tümg.,,Tümgeneral,,KISALTMA_NOKTALI,,,Tümgeneral
TÜPRAŞ,,Tüpraş,,KISALTMA,,OKUNUSDAN_YAZILISA,Türkiye Petrol Rafinerileri Anonim Şirketi
TÜRDOK,,,,KISALTMA,,OKUNUSDAN_YAZILISA,Türkiye Dokümantasyon Merkezi
TÜRKSAT,,türksat,,KISALTMA,,OKUNUSDAN_YAZILISA,Türk uydusu (Turkish satellite)
TÜRSAB,,türsab,,KISALTMA,,OKUNUSDAN_YAZILISA,Türkiye Seyahat Acenteleri Birliği
TÜTAV,,tütav,,KISALTMA,,OKUNUSDAN_YAZILISA,Türk Tanıtma Vakfı
TV,,tivi,,KISALTMA,,OKUNUSDAN_YAZILISA,Televizyon
TZDK,,,,KISALTMA,,OKUNUSDAN_YAZILISA,Türkiye Zirai Donatım Kurumu
TZOB,,,,KISALTMA,,OKUNUSDAN_YAZILISA,Türkiye Ziraat Odaları Birliği
UEFA,,uefa,,KISALTMA,,OKUNUSDAN_YAZILISA,Avrupa Futbol Federasyonları Birliği (Union of European Football Associations)
UFO,,ufo,,KISALTMA,,OKUNUSDAN_YAZILISA,Tanımlanmamış Uçan Nesne (Unidentified Flying Object)
UHF,,,,KISALTMA,,OKUNUSDAN_YAZILISA,Ultra yüksek frekans (Ultra High Frequency)
UK,,,,KISALTMA,,OKUNUSDAN_YAZILISA,"Birleşik Krallık, İngiltere"
UN,,,,KISALTMA,,OKUNUSDAN_YAZILISA,Birleşmiş Milletler (United Nations)
UNAC,,,,KISALTMA,,OKUNUSDAN_YAZILISA,Birleşmiş Milletler Çocuklara Yardım Teşkilatı (United Nations Aid to Children)
UNESCO,,unesko,,KISALTMA,,OKUNUSDAN_YAZILISA,"Birleşmiş Milletler Eğitim, Bilim ve Kültür Teşkilatı (United Nations Educational, Scientific and Cultural Organization)"
UNICEF,,unisef,,KISALTMA,,OKUNUSDAN_YAZILISA,Birleşmiş Milletler Uluslararası Çocuklara Yardım Fonu (United Nations International Children's Emergency Fund)
UNO,,,,KISALTMA,,OKUNUSDAN_YAZILISA,Birleşmiş Milletler Teşkilatı (United Nations Organization)
UPI,,,,KISALTMA,,OKUNUSDAN_YAZILISA,Uluslararası Basın Birliği (United Press International)
UPU,,,,KISALTMA,,OKUNUSDAN_YAZILISA,Uluslararası Posta Birliği (Universal Postal Union)
USA,,yuesey,,KISALTMA,,OKUNUSDAN_YAZILISA,Amerika Birleşik Devletleri
USAŞ,,,,KISALTMA,,OKUNUSDAN_YAZILISA,Uçak Sanayi AŞ
UÜ,,,,KISALTMA,,OKUNUSDAN_YAZILISA,Uludağ Üniversitesi
Uzm.,,Uzman,,KISALTMA_NOKTALI,,,Uzman
Ü,,,,KISALTMA,,OKUNUSDAN_YAZILISA,Üniversite
Üçvş.,,Üstçavuş,,KISALTMA_NOKTALI,,,Üstçavuş
ÜDS,,üdese,,KISALTMA,,OKUNUSDAN_YAZILISA,Üniversiteler Arası Kurul Yabancı Dil Sınavı
ÜFE,,üfe,,KISALTMA,,OKUNUSDAN_YAZILISA,Üretici fiyatları endeksi
ünl.,,Ünlem,,KISALTMA_NOKTALI,,,Ünlem
Ütğm.,,Üsteğmen,,KISALTMA_NOKTALI,,,Üsteğmen
ÜT,,,,KISALTMA,,OKUNUSDAN_YAZILISA,Üretim tarihi
vb.,,,,KISALTMA_NOKTALI,,,"Ve başkası, ve başkaları, ve benzeri, ve benzerleri, ve bunun gibi"
vd.,,"Ve devamı, ve diğerleri",,KISALTMA_NOKTALI,,,"Ve devamı, ve diğerleri"
VDMK,,,,KISALTMA,,OKUNUSDAN_YAZILISA,Varlığa Dayalı Menkul Kıymetler
Vet.,,Veteriner,,KISALTMA_NOKTALI,,,Veteriner
VHF,,,,KISALTMA,,OKUNUSDAN_YAZILISA,Çok yüksek frekans (Very High Frequency)
VIP,,viaypi,,KISALTMA,,OKUNUSDAN_YAZILISA,Çok önemli kişi (Very Important Person)
vs.,,,,KISALTMA_NOKTALI,,OKUNUSDAN_YAZILISA,Vesaire
w,,vat,,KISALTMA,,OKUNUSDAN_YAZILISA,Elektrik güç birimi (Watt)
WAP,,vap,,KISALTMA,,OKUNUSDAN_YAZILISA,Kablosuz uygulama protokolü; İnternet sistemine kablosuz erişim (Wireless Application Protocol)
WB,,,,KISALTMA,,OKUNUSDAN_YAZILISA,Dünya Bankası (World Bank)
WHO,,hu,,KISALTMA,,OKUNUSDAN_YAZILISA,Dünya Sağlık Örgütü (World Health Organization)
WTO,,,,KISALTMA,,OKUNUSDAN_YAZILISA,Dünya Ticaret Örgütü (World Trade Organization)
Yrd. Doç.,,Yardımcı Doçent,,KISALTMA_NOKTALI,,,Yardımcı Doçent
Yay.,,"Yayını, yayınları",,KISALTMA_NOKTALI,,,"Yayını, yayınları"
Yb.,,Yarbay,,KISALTMA_NOKTALI,,,Yarbay
YDS,,yedese,,KISALTMA,,OKUNUSDAN_YAZILISA,Yabancı Dil Sınavı
Yd. Sb.,,Yedek subay,,KISALTMA_NOKTALI,,,Yedek subay
YKr,,yeni kuruş,,KISALTMA,,OKUNUSDAN_YAZILISA,Yeni kuruş
YÖK,,yök,,KISALTMA,,OKUNUSDAN_YAZILISA,Yükseköğretim Kurulu
YÖS,,yös,,KISALTMA,,OKUNUSDAN_YAZILISA,Yabancı Uyruklu Öğrenci Sınavı
YSE,,,,KISALTMA,,OKUNUSDAN_YAZILISA,"Yol, Su, Elektrik Genel Müdürlüğü"
YSK,,yeseka,,KISALTMA,,OKUNUSDAN_YAZILISA,Yüksek Seçim Kurulu
YTL,,yetele,,KISALTMA,,OKUNUSDAN_YAZILISA,Yeni Türk lirası
YTÜ,,yeteü,,KISALTMA,,OKUNUSDAN_YAZILISA,Yıldız Teknik Üniversitesi
Yun.,,Yunanca,,KISALTMA_NOKTALI,,,Yunanca
YURTKUR,,yurtkur,,KISALTMA,,OKUNUSDAN_YAZILISA,Yükseköğrenim Kredi ve Yurtlar Kurumu
Y. Mim.,,Yüksek mimar,,KISALTMA_NOKTALI,,,Yüksek mimar
Y. Müh.,,Yüksek mühendis,,KISALTMA_NOKTALI,,,Yüksek mühendis
yy.,,Yüzyıl,,KISALTMA_NOKTALI,,,Yüzyıl
YYÜ,,,,KISALTMA,,OKUNUSDAN_YAZILISA,Yüzüncü Yıl Üniversitesi
Yzb.,,Yüzbaşı,,KISALTMA_NOKTALI,,,Yüzbaşı
zf.,,Zarf,,KISALTMA_NOKTALI,,,Zarf
ZF,,,,KISALTMA,,OKUNUSDAN_YAZILISA,Ziraat Fakültesi
zm.,,Zamir,,KISALTMA_NOKTALI,,,Zamir
ZMO,,,,KISALTMA,,OKUNUSDAN_YAZILISA,Ziraat Mühendisleri Odası
zool.,,Zooloji,,KISALTMA_NOKTALI,,,Zooloji
A,,a,,HARF,,OKUNUSDAN_YAZILISA,
B,,be,,HARF,,OKUNUSDAN_YAZILISA,
C,,ce,,HARF,,OKUNUSDAN_YAZILISA,
Ç,,çe,,HARF,,OKUNUSDAN_YAZILISA,
D,,de,,HARF,,OKUNUSDAN_YAZILISA,
E,,e,,HARF,,OKUNUSDAN_YAZILISA,
F,,fe,,HARF,,OKUNUSDAN_YAZILISA,
G,,ge,,HARF,,OKUNUSDAN_YAZILISA,
Ğ,,yumuşak ge,,HARF,,OKUNUSDAN_YAZILISA,
H,,he,,HARF,,OKUNUSDAN_YAZILISA,
İ,,i,,HARF,,OKUNUSDAN_YAZILISA,
I,,ı,,HARF,,OKUNUSDAN_YAZILISA,
J,,je,,HARF,,OKUNUSDAN_YAZILISA,
K,,ke,,HARF,,OKUNUSDAN_YAZILISA,
L,,le,,HARF,,OKUNUSDAN_YAZILISA,
M,,me,,HARF,,OKUNUSDAN_YAZILISA,
N,,ne,,HARF,,OKUNUSDAN_YAZILISA,
O,,o,,HARF,,OKUNUSDAN_YAZILISA,
Ö,,ö,,HARF,,OKUNUSDAN_YAZILISA,
P,,pe,,HARF,,OKUNUSDAN_YAZILISA,
R,,re,,HARF,,OKUNUSDAN_YAZILISA,
S,,se,,HARF,,OKUNUSDAN_YAZILISA,
Ş,,şe,,HARF,,OKUNUSDAN_YAZILISA,
T,,te,,HARF,,OKUNUSDAN_YAZILISA,
U,,u,,HARF,,OKUNUSDAN_YAZILISA,
Ü,,ü,,HARF,,OKUNUSDAN_YAZILISA,
V,,ve,,HARF,,OKUNUSDAN_YAZILISA,
Y,,ye,,HARF,,OKUNUSDAN_YAZILISA,
Z,,ze,,HARF,,OKUNUSDAN_YAZILISA,
a,,a,,HARF,,OKUNUSDAN_YAZILISA,
b,,be,,HARF,,OKUNUSDAN_YAZILISA,
c,,ce,,HARF,,OKUNUSDAN_YAZILISA,
ç,,çe,,HARF,,OKUNUSDAN_YAZILISA,
d,,de,,HARF,,OKUNUSDAN_YAZILISA,
e,,e,,HARF,,OKUNUSDAN_YAZILISA,
f,,fe,,HARF,,OKUNUSDAN_YAZILISA,
g,,ge,,HARF,,OKUNUSDAN_YAZILISA,
ğ,,yumuşak ge,,HARF,,OKUNUSDAN_YAZILISA,
h,,he,,HARF,,OKUNUSDAN_YAZILISA,
i,,i,,HARF,,OKUNUSDAN_YAZILISA,
ı,,ı,,HARF,,OKUNUSDAN_YAZILISA,
j,,je,,HARF,,OKUNUSDAN_YAZILISA,
k,,ke,,HARF,,OKUNUSDAN_YAZILISA,
l,,le,,HARF,,OKUNUSDAN_YAZILISA,
m,,me,,HARF,,OKUNUSDAN_YAZILISA,
n,,ne,,HARF,,OKUNUSDAN_YAZILISA,
o,,o,,HARF,,OKUNUSDAN_YAZILISA,
ö,,ö,,HARF,,OKUNUSDAN_YAZILISA,
p,,pe,,HARF,,OKUNUSDAN_YAZILISA,
r,,re,,HARF,,OKUNUSDAN_YAZILISA,
s,,se,,HARF,,OKUNUSDAN_YAZILISA,
ş,,şe,,HARF,,OKUNUSDAN_YAZILISA,
t,,te,,HARF,,OKUNUSDAN_YAZILISA,
u,,u,,HARF,,OKUNUSDAN_YAZILISA,
ü,,ü,,HARF,,OKUNUSDAN_YAZILISA,
v,,ve,,HARF,,OKUNUSDAN_YAZILISA,
y,,ye,,HARF,,OKUNUSDAN_YAZILISA,
z,,ze,,HARF,,OKUNUSDAN_YAZILISA,
a.ş.,,aşe,,KISALTMA_NOKTALI,,OKUNUSDAN_YAZILISA,Anonim Şirket