<?xml version="1.0" encoding="utf-8"?>

<morphology lang="Öz-ÖZ">

  <suffixGroups>
    <suffixGroup name="IYELIK">
      <suffix>IC_IYELIK_BEN_(H)m</suffix>
	  <suffix>IC_IYELIK_BIZ_(H)miz</suffix>
	  <suffix>IC_IYELIK_SEN_(H)ng</suffix>
	  <suffix>IC_IYELIK_SIZ_(H)ngiz</suffix>
	  <suffix>IC_IYELIK_SIZ_(H)nglär</suffix>
	  <suffix>IC_IYELIK_SIZ_läring</suffix>
	  <suffix>IC_IYELIK_O_(s)H</suffix>
	  <suffix>IC_IYELIK_ONLAR_läri</suffix>
 
    </suffixGroup>
	<suffixGroup name="HAL">
	  <suffix>IC_HAL_BELIRTME_ni</suffix>
	  <!-- <suffix>NNI_OBJ_n</suffix> -->
	  <suffix>IC_HAL_YALIN_0</suffix>
	  <suffix>IC_HAL_ILGI_ning</suffix>
	  <suffix>IC_HAL_YONELME_GA</suffix>
	  <!-- <suffix>NNI_DAT3_ngä</suffix> -->
	  <suffix>IC_HAL_BULUNMA_dä</suffix>
	  <!-- <suffix>NNI_LOC3_ndä</suffix> -->
	  <suffix>IC_HAL_AYRILMA_dän</suffix>
	  <!-- <suffix>NNI_ABL3_dän</suffix> -->
	  <suffix>IC_HAL_VASITA_0bilän</suffix>

	</suffixGroup>
	
	<suffixGroup name="SORU" >
      <suffix>SORU_mi</suffix>

	</suffixGroup>	
	
	<suffixGroup name="AITLIK" >
      <suffix>IC_AITLIK_gi</suffix>
	  <suffix>IC_AITLIK_Qi</suffix>
	  <suffix>IC_AITLIK_niki</suffix>
	</suffixGroup>	
	
	<!-- İSİMDEN İSİM YAPAN EK -->	
	<suffixGroup name="IY_ISIM" >
      <suffix>IY_ISIM_ä</suffix>
	  <suffix>IY_ISIM_çä</suffix>
	  <suffix>IY_ISIM_çi</suffix>
	  <suffix>IY_ISIM_çHQ</suffix>
	  <suffix>IY_ISIM_çAQ</suffix>
	  <suffix>IY_ISIM_çAN</suffix>
	  <suffix>IY_ISIM_cån</suffix>
	  <suffix>IY_ISIM_AQ</suffix> 
	  <suffix>IY_ISIM_dåş</suffix>
	  <suffix>IY_ISIM_GHnä</suffix> 
	  <suffix>IY_ISIM_låq</suffix>
	  <suffix>IY_ISIM_DHq</suffix>
	  <suffix>IY_ISIM_Ga</suffix>
	  <suffix>IY_ISIM_qur</suffix>	  
	  <suffix>IY_ISIM_lHQ</suffix>
	  <suffix>IY_ISIM_mån</suffix>
	  <suffix>IY_ISIM_tåy</suffix>
	  <suffix>IY_ISIM_dån</suffix>
	  <suffix>IY_ISIM_DHrHQ</suffix>
	  <suffix>IY_ISIM_(H)n</suffix>
	  <suffix>IY_ISIM_måç</suffix>
	  <suffix>IY_ISIM_(H)ldåq</suffix>
	  <suffix>IY_ISIM_låv</suffix>
	  <suffix>IY_ISIM_zår</suffix>
	  <suffix>IY_ISIM_(H)stån</suffix>
	  <suffix>IY_ISIM_xånä</suffix>
	  <suffix>IY_ISIM_gåh</suffix>
	  <suffix>IY_ISIM_ik</suffix>
	  <suffix>IY_ISIM_iyon</suffix>
	  <suffix>IY_ISIM_älä</suffix>
	  <suffix>IY_ISIM_åv</suffix>
	  <suffix>IY_ISIM_xån</suffix>
	  <suffix>IY_ISIM_åy</suffix>
	  <suffix>IY_ISIM_åt</suffix>
	  <suffix>IY_ISIM_iy</suffix>
	  <suffix>IY_ISIM_åniy</suffix>
	  <suffix>IY_ISIM_dår</suffix>
	  <suffix>IY_ISIM_al</suffix>	  

	</suffixGroup>
	<!-- İSİMDEN FİİL YAPAN EK -->		

	<suffixGroup name="IY_FIIL" >
      <suffix>IY_FIIL_ä</suffix>
	  <suffix>IY_FIIL_lä</suffix>
	  <suffix>IY_FIIL_(A)r</suffix>
	  <suffix>IY_FIIL_(A)y</suffix>
	  <suffix>IY_FIIL_dä</suffix>
	  <suffix>IY_FIIL_GA</suffix>
	  <suffix>IY_FIIL_GAr</suffix>
	  <suffix>IY_FIIL_ĠH</suffix>
	  <suffix>IY_FIIL_i</suffix>
	  <suffix>IY_FIIL_(H)Q</suffix>
	  <suffix>IY_FIIL_QHr</suffix>
	  <suffix>IY_FIIL_QHrA</suffix>
	  <suffix>IY_FIIL_lä</suffix>
	  <suffix>IY_FIIL_län</suffix>
	  <suffix>IY_FIIL_läş</suffix>
	  <suffix>IY_FIIL_lät</suffix>
	  <suffix>IY_FIIL_(H)r</suffix>
	  <suffix>IY_FIIL_rä</suffix>
	  <suffix>IY_FIIL_sä</suffix>
	  <suffix>IY_FIIL_si</suffix>
	  <suffix>IY_FIIL_sin</suffix>
	  <suffix>IY_FIIL_sit</suffix>
	  <suffix>IY_FIIL_sirä</suffix>
	  <suffix>IY_FIIL_şä</suffix>
	  <suffix>IY_FIIL_şi</suffix>
	  
	</suffixGroup>
	
	
	<!-- SIFATTAN İSİM YAPAN EK -->	
	<suffixGroup name="SY_ISIM" >
      <suffix>SY_ISIM_çä</suffix>
      <suffix>SY_ISIM_çHQ</suffix>
      <suffix>SY_ISIM_lHQ</suffix>
	</suffixGroup>
<!-- İSİMDEN SIFAT YAPAN EK -->	
	<suffixGroup name="IY_SIFAT">
      <suffix>IY_SIFAT_çil</suffix>
      <suffix>IY_SIFAT_li</suffix>
      <suffix>IY_SIFAT_lHQ</suffix>
      <suffix>IY_SIFAT_simån</suffix>
      <suffix>IY_SIFAT_siz</suffix>
      <suffix>IY_SIFAT_tä</suffix>
      <suffix>IY_SIFAT_(v)iy</suffix>
      <suffix>IY_SIFAT_äki</suffix>
      <suffix>IY_SIFAT_iv</suffix>
      <suffix>IY_SIFAT_al</suffix>
      <suffix>IY_SIFAT_ser</suffix>
      <suffix>IY_SIFAT_bA</suffix>
      <suffix>IY_SIFAT_nå</suffix>
      <suffix>IY_SIFAT_be</suffix> 
	</suffixGroup>	
<!-- SIFATTAN SIFAT YAPAN EK -->		
	<suffixGroup name="SY_SIFAT" >
      <suffix>SY_SIFAT_çä</suffix>
      <suffix>SY_SIFAT_GHnä</suffix> 
      <suffix>SY_SIFAT_(H)mtir</suffix>
      <suffix>SY_SIFAT_råq</suffix>
      <suffix>SY_SIFAT_iş</suffix>
      <suffix>SY_SIFAT_ġış</suffix>
	</suffixGroup>
<!-- ZARF YAPAN EKLER -->	
	<suffixGroup name="IY_ZARF">
      <suffix>АND_GH</suffix>
      <suffix>АND_ånä</suffix>	
	</suffixGroup>
	<suffixGroup name="SY_ZARF">
      <suffix>SY_ZARF_(n)çä</suffix>
      <suffix>SY_ZARF_lärçä</suffix>
      <suffix>SY_ZARF_çäsigä</suffix>
      <suffix>SY_ZARF_(ä/s)igä</suffix>
      <suffix>SY_ZARF_(n)gäçä</suffix>
      <suffix>SY_ZARF_simån</suffix>
	</suffixGroup>
	<suffixGroup name="ZY_ZARF">
      <suffix>ZY_ZARF_day</suffix>
      <suffix>ZY_ZARF_dAG</suffix>
      <suffix>ZY_ZARF_dAQA</suffix>	
	</suffixGroup>
	<!-- FİİLLERDEN ISIM YAPAN EKLER -->
	<suffixGroup name="FY_ISIM">
      <suffix>FY_ISIM_(A)Q</suffix>
      <suffix>FY_ISIM_(H)v</suffix>
      <suffix>FY_ISIM_(H)nç</suffix>
      <suffix>FY_ISIM_nç</suffix>
      <suffix>FY_ISIM_çHq</suffix>
      <suffix>FY_ISIM_dÅQ</suffix>
      <suffix>FY_ISIM_dHQ</suffix>
      <suffix>FY_ISIM_GH</suffix>
      <suffix>FY_ISIM_GHç</suffix>
      <suffix>FY_ISIM_GHn</suffix>
      <suffix>FY_ISIM_(J)Q</suffix>
      <suffix>FY_ISIM_(ĠH)nDH</suffix>
      <suffix>FY_ISIM_(J)m</suffix>
      <suffix>FY_ISIM_mä</suffix>
      <suffix>FY_ISIM_måq</suffix>
      <suffix>FY_ISIM_(H)n</suffix>
      <suffix>FY_ISIM_(H)ş</suffix>
      <suffix>FY_ISIM_uş</suffix>
      <suffix>FY_ISIM_mHr</suffix>
      <suffix>FY_ISIM_mHş</suffix>
      <suffix>FY_ISIM_(ån)ġHç</suffix>	
	</suffixGroup>
	<!-- FİİLLERDEN SIFAT YAPAN EKLER -->
	<suffixGroup name="FY_SIFAT">	
      <suffix>FY_SIFAT_(A)Q</suffix>
      <suffix>FY_SIFAT_çÅQ</suffix>
      <suffix>FY_SIFAT_GJr</suffix>
      <suffix>FY_SIFAT_äġån</suffix>
      <suffix>FY_SIFAT_äsi</suffix>
      <suffix>FY_SIFAT_(H)Nç</suffix>
      <suffix>FY_SIFAT_çÅQ</suffix>
      <suffix>FY_SIFAT_QÅQ</suffix>
      <suffix>FY_SIFAT_çHQ</suffix>
      <suffix>FY_SIFAT_GAn</suffix>
      <suffix>FY_SIFAT_(J)r</suffix>
      <suffix>FY_SIFAT_mäs</suffix>
      <suffix>FY_SIFAT_GUsi</suffix>
      <suffix>FY_SIFAT_(a/y)digän</suffix>
      <suffix>FY_SIFAT_miş</suffix>
      <suffix>FY_SIFAT_(y)äcäk</suffix>
	</suffixGroup>
	
	<!-- ÇATI EKLERİ -->
	<suffixGroup name="CATI">	
      <suffix>DONUSLU_(H)n</suffix>
      <suffix>EDILGEN_(H)l</suffix>
      <suffix>EDILGEN_(H)n</suffix>
      <suffix>ISTES_(H)ş</suffix>
      <suffix>ETTIRGEN_(J)r</suffix>
      <suffix>ETTIRGEN_Där</suffix>
      <suffix>ETTIRGEN_DHr</suffix>
      <suffix>ETTIRGEN_GHz</suffix>
      <suffix>ETTIRGEN_GAz</suffix>
      <suffix>ETTIRGEN_GJr</suffix>
      <suffix>ETTIRGEN_sät</suffix>
      <suffix>ETTIRGEN_t</suffix>
      <suffix>ETTIRGEN_Hz</suffix>
	</suffixGroup>

	<!-- SAHIS1.TİP -->
	<suffixGroup name="SAHIS1.tip" >
      <suffix>EKFIIL_SAHIS_BEN_män</suffix>
      <suffix>EKFIIL_SAHIS_BIZ_miz</suffix>
      <suffix>EKFIIL_SAHIS_SEN_sän</suffix>
      <suffix>EKFIIL_SAHIS_SIZ_siz</suffix>
      <suffix>EKFIIL_SAHIS_SIZ_sizlär</suffix>
      <suffix>EKFIIL_SAHIS_SIZ_läring</suffix>
      <suffix>EKFIIL_SAHIS_O_0</suffix>  
      <suffix>EKFIIL_SAHIS_O_di</suffix>
      <suffix>EKFIIL_SAHIS_O_TPROG_(A)yapti</suffix>
      <suffix>EKFIIL_SAHIS_O_di(lär)</suffix>
	  <suffix>EKFIIL_SAHIS_O_(i)ş</suffix>
	  
	</suffixGroup>

	
	<!-- SAHIS2.TİP -->
	<suffixGroup name="SAHIS2.tip" >
      <suffix>SAHIS_IYELIK_BEN_m</suffix>
      <suffix>SAHIS_IYELIK_BIZ_k</suffix>
      <suffix>SAHIS_IYELIK_SEN_ng</suffix>
      <suffix>SAHIS_IYELIK_SIZ_ngiz</suffix>
      <suffix>SAHIS_IYELIK_SIZ_ngizlär</suffix>
      <suffix>SAHIS_IYELIK_SIZ_nglär</suffix>
      <suffix>SAHIS_IYELIK_SIZ_läring</suffix>
      <suffix>SAHIS_IYELIK_SIZ_läringiz</suffix>
      <suffix>SAHIS_IYELIK_O_0</suffix>  
	  <suffix>PERS3p2_lär</suffix>
	  <suffix>EKFIIL_SAHIS_O_(i)ş</suffix>
	  
	</suffixGroup>
	
	<!-- BILDIRME_EKI -->
	<suffixGroup name="BILDIRME_dir" >
      <suffix>BILDIRME_dir</suffix>
	</suffixGroup>	
	
	<!-- OLUMSUZLUK -->
	<suffixGroup name="OLUMSUZLUK" >
      <suffix>OLUMSUZLUK_mä</suffix>
      <suffix>OLUMSUZLUK_0emäs</suffix>
      <suffix>OLUMSUZLUK_0yoq</suffix>
	</suffixGroup>	
	
	<!-- EMIR KIPININ EKLERI -->
	<suffixGroup name="EMIR" >
      <suffix>EMIR_BEN_(a)y</suffix>
      <suffix>EMIR_BEN_(a)yin</suffix>
      <suffix>EMIR_BIZ_(A)ylik</suffix>
      <suffix>EMIR_SEN_0</suffix>
      <suffix>EMIR_SEN_GHn</suffix>
	  <suffix>EMIR_SIZ_(i)ng</suffix>
	  <suffix>EMIR_SIZ_(i)ngiz</suffix>
	  <suffix>EMIR_O_sin</suffix>
	  <suffix>EMIR_ONLAR_sinlär</suffix>
	</suffixGroup>

	<!-- BILDIRME KIPLERI (ZAMAN ÇEKİMLERİ) -->	
	<suffixGroup name="FIIL_ZAMAN" >	
      <suffix>FC_ZAMAN_GENIS_(J)r</suffix>
	  <suffix>FC_ZAMAN_SIMDIKI_(A)yäp</suffix>
      <suffix>FC_ZAMAN_SIMDIKI_(A)yåtib</suffix>
      <suffix>FC_ZAMAN_SIMDIKI_(A)yåtir</suffix>
      <suffix>FC_ZAMAN_SIMDIKI_måqdä</suffix>
      <suffix>FC_ZAMAN_SIMDIKI_(H)b_0turib</suffix>
	  <suffix>FC_ZAMAN_SIMDIKI_(H)b_0yåtib</suffix>
	  <suffix>FC_ZAMAN_SIMDIKI_(H)b_0otirib</suffix>
	  <suffix>FC_ZAMAN_SIMDIKI_(H)b_0yürib</suffix>
	  <suffix>FC_ZAMAN_GECMIS_di</suffix>
	  <suffix>FC_ZAMAN_GECMIS_GAn</suffix>
	  <suffix>FC_ZAMAN_GECMIS_miş</suffix>
	  <suffix>FC_ZAMAN_GECMIS_(H)b</suffix>
	  <suffix>FC_ZAMAN_SIMDIKI_GELECEK_(A)y</suffix>
	  <suffix>FC_ZAMAN_GELECEK_(y)äcäk</suffix>
	  
	</suffixGroup>
	<!-- TASARLAMA KIPLERI  -->	
	<suffixGroup name="FIIL_KIP" >
      <suffix>FC_FIIL_KIP_SART_sä</suffix>
      <suffix>FC_FIIL_KIP_ISTEK_måqçi</suffix>
      <suffix>FC_FIIL_KIP_ISTEK_GAy</suffix>
      <suffix>FC_FIIL_KIP_ISTEK_GI_si_bar</suffix>
	  <suffix>FC_FIIL_KIP_ISTEK_GI_si_yoq</suffix>
	  <suffix>FC_FIIL_KIP_ISTEK_GI_si_kel</suffix>
	  <suffix>FC_FIIL_GEREKLILIK_(I)ş_i_keräk</suffix>
	  <suffix>FC_FIIL_GEREKLILIK_(I)ş_i_låzım</suffix>
	  <suffix>FC_FIIL_GEREKLILIK_(I)ş_i_zärür</suffix>
	  <suffix>FC_FIIL_GEREKLILIK_måq_keräk</suffix>
	  <suffix>FC_FIIL_GEREKLILIK_måq_låzım</suffix>
	  <suffix>FC_FIIL_GEREKLILIK_måq_zärur</suffix>	  
	  <suffix>FC_FIIL_GEREKLILIK_(u)v_keräk</suffix>
	  <suffix>FC_FIIL_GEREKLILIK_(u)v_låzim</suffix>
	  <suffix>FC_FIIL_GEREKLILIK_(u)v_zärur</suffix>
	  <suffix>FC_FIIL_SART_bolsä</suffix>
 
	</suffixGroup>	
	<!-- HIKAYE ÇEKIMI EKLERI VE KALIPLARI  -->		
	<suffixGroup name="HIKAYE">
      <suffix>EKFIIL_HIKAYE_edi</suffix>
	</suffixGroup>
	
	<!-- RIVAYET ÇEKIMI EKLERI VE KALIPLARI -->		
	<suffixGroup name="RIVAYET">
      <suffix>EKFIIL_RIVAYET_ekan</suffix>
	  <suffix>EKFIIL_RIVAYET_emiş</suffix>
	  <suffix>EKFIIL_RIVAYET_miş</suffix>  
	</suffixGroup>
	<!-- TASVIR FIILERININ EKLERI VE KALIPLARI  -->
	<suffixGroup name="TASFIR_FIIL">
      <suffix>FC_YF_YETERLILIK_(A)y_ål</suffix>
	  <suffix>FC_YF_YETERSIZLIK_(A)y_ålmä</suffix>
	  <suffix>FC_YF_YETERLILIK_(A)y_bil</suffix>
	  <suffix>FC_YF_TEZLIK_(H)b_yubår</suffix>
	  <suffix>FC_YF_TEZLIK_(H)b_täşlä</suffix>
	  <suffix>FC_YF_DEVAMLILIK_äver</suffix>
	  <suffix>FC_YF_SUREKLILIK_(H)b_o‘tir</suffix>
	  <suffix>FC_YF_SUREKLILIK_(H)b_tur</suffix>
	  <suffix>FC_YF_YAKLASMA_Аyåz</suffix>
	  <suffix>FC_YF_TEZLIK_A_qål</suffix>
	  <suffix>FC_YF_TEZLIK_aqål</suffix>	  
	</suffixGroup>
	


FIILIMSI_(A)Y
FIILIMSI_(H)b
FIILIMSI_(H)bån
FIILIMSI_mäy
FIILIMSI_mäyin
FIILIMSI_GAç
FIILIMSI_GUnçä
FIILIMSI_GAni
FIILIMSI_GAli

ISIM_FIIL_måq
ISIM_FIIL_måqlik
ISIM_FIIL_måslik
ISIM_FIIL_(H)v
ISIM_FIIL_(H)ş 

IY_SIFAT_ser
IY_SIFAT_bA
IY_SIFAT_nå
IY_SIFAT_be
IY_SIFAT_be

	
	</suffixGroups>

  <graph>
	<source id="ISIM">
		<targetGroup id="OLUMSUZLUK">
		</targetGroup>		
	<!--	<targetGroup id= "SAHIS1.tip" />	-->	
	<targetGroup id="bugfixtest"/>
		<targetGroup id="IY_ISIM">
		</targetGroup>		
		<targetGroup id="SY_ISIM">
		</targetGroup>
		<targetGroup id="IY_SIFAT">
		</targetGroup>
		<targetGroup id="АND">
		</targetGroup>
		<targetGroup id="IY_FIIL">
		</targetGroup>
		<target id="IC_COGUL_lär" />
		<targetGroup id= "IYELIK" />
		<targetGroup id="HAL">
		</targetGroup>
		<targetGroup id="SORU">
		</targetGroup>
		<targetGroup id="AITLIK">
		</targetGroup>
		<target id="BILDIRME_dir" />

	</source>
	<source id="SIFAT">
		<targetGroup id="OLUMSUZLUK">
		</targetGroup>
		<targetGroup id= "SAHIS1.tip" />		
		<targetGroup id="SY_ISIM">
		</targetGroup> 
		<targetGroup id="SY_SIFAT">
		</targetGroup>
		<targetGroup id="IY_FIIL">
		</targetGroup>		
		<target id="IC_COGUL_lär" />
		<targetGroup id= "IYELIK" />
		<targetGroup id="HAL">
		</targetGroup>
		<targetGroup id="SORU">
		</targetGroup>
		<targetGroup id="AITLIK">
		</targetGroup>
		<target id="BILDIRME_dir" />			
	</source>
	
	<source id="ZARF">
		<targetGroup id="OLUMSUZLUK">
		</targetGroup>
		<targetGroup id= "SAHIS1.tip" />		
		<targetGroup id="SY_ZARF">
		</targetGroup>
		<targetGroup id="ZY_ZARF">
		</targetGroup>
		<targetGroup id="IY_ISIM">
		</targetGroup>		
		<target id="IC_COGUL_lär" />
		<targetGroup id= "IYELIK" />
		<targetGroup id="HAL">
		</targetGroup>
		<targetGroup id="SORU">
		</targetGroup>
		<targetGroup id="AITLIK">
		</targetGroup>
		<target id="BILDIRME_dir" />			
	</source>
	<source id="ZAMIR_SAHIS">
		<targetGroup id="OLUMSUZLUK">
		</targetGroup>
		<targetGroup id= "SAHIS1.tip" />		
		<targetGroup id="SY_ZARF">
		</targetGroup>
		<targetGroup id="ZY_ZARF">
		</targetGroup>
		<target id="IC_COGUL_lär" />
		<targetGroup id= "IYELIK" />
		<targetGroup id="HAL">
		</targetGroup>
		<targetGroup id="SORU">
		</targetGroup>
		<targetGroup id="AITLIK">
		</targetGroup>
		<target id="BILDIRME_dir" />			
	</source>
	<source id="ZAMIR_ISARET">
		<targetGroup id="OLUMSUZLUK">
		</targetGroup>
		<targetGroup id= "SAHIS1.tip" />		
		<targetGroup id="SY_ZARF">
		</targetGroup>
		<targetGroup id="ZY_ZARF">
		</targetGroup>
		<target id="IC_COGUL_lär" />
		<targetGroup id= "IYELIK" />
		<targetGroup id="HAL">
		</targetGroup>
		<targetGroup id="SORU">
		</targetGroup>
		<targetGroup id="AITLIK">
		</targetGroup>
		<target id="BILDIRME_dir" />			
	</source>	
	<source id="SAYI">
		<targetGroup id="OLUMSUZLUK">
		</targetGroup>
		<targetGroup id= "SAHIS1.tip" />		
		<targetGroup id="SY_ZARF">
		</targetGroup>
		<targetGroup id="ZY_ZARF">
		</targetGroup>
		<target id="IC_COGUL_lär" />
		<targetGroup id= "IYELIK" />
		<targetGroup id="HAL">
		</targetGroup>
		<targetGroup id="SORU">
		</targetGroup>
		<targetGroup id="AITLIK">
		</targetGroup>
		<target id="BILDIRME_dir" />	
	</source>

	<!-- EDATLAR -->
	<source id="EDAT_OLUMSUZLUK" >
		<target id="IC_COGUL_lär" />
		<targetGroup id= "IYELIK" />
		<targetGroup id="HAL">
		</targetGroup>
		<targetGroup id="SORU">
		</targetGroup>  
	</source>
	
	<source id="EDAT_CEKIM" >
		<target id="IC_COGUL_lär" />
		<targetGroup id= "IYELIK" />
		<targetGroup id="HAL">
		</targetGroup>
		<targetGroup id="SORU">
		</targetGroup>  
	</source>	
	<source id="EDAT_CEKIM_BAGLAMA" >
		<target id="IC_COGUL_lär" />
		<targetGroup id= "IYELIK" />
		<targetGroup id="HAL">
		</targetGroup>
		<targetGroup id="SORU">
		</targetGroup>  
	</source>

    <source id="IC_COGUL_lär">
      <targetGroup id="IYELIK" />
      <targetGroup id="HAL"></targetGroup>
	  <targetGroup id="SORU"></targetGroup>
	  <targetGroup id="AITLIK"></targetGroup>
		<target id="BILDIRME_dir" />	
	<target id="EKFIIL_RIVAYET_miş"></target>		  
    </source>
	<source id= "SAHIS1.tip" />
	<source id="OLUMSUZLUK_mä"></source>
	<source id="OLUMSUZLUK_0emäs">
		<target id="BILDIRME_dir" />		
	</source>
	<source id="OLUMSUZLUK_0yoq">
		<target id="BILDIRME_dir" />		
	</source>
	
	<source id="FIIL">
		<targetGroup id="EMIR">
		</targetGroup>
		<targetGroup id="FY_ISIM">
		</targetGroup>
		<targetGroup id="FY_SIFAT">
		</targetGroup>
		<targetGroup id="FY_FIIL">
		</targetGroup>
		<targetGroup id="CATI">
		</targetGroup>
		<targetGroup id="I-FIIL">
		</targetGroup>
		<targetGroup id="FIIL_ZAMAN">
		</targetGroup>
		<targetGroup id="FIIL_KIP">
		</targetGroup>
		<targetGroup id="HIKAYE">
		</targetGroup>
		<targetGroup id="RIVAYET">
		</targetGroup>
		<targetGroup id="TASFIR_FIIL">
		</targetGroup>
		<targetGroup id="OLUMSUZLUK">
		</targetGroup>
		<targetGroup id="SORU">
		</targetGroup>
	</source>
	
	<source id="EMIR">
		<targetGroup id="SORU" />

	</source>
	
	<source id="FIIL_ZAMAN">
		<targetGroup id="SAHIS1.tip"></targetGroup>
		<targetGroup id="SAHIS2.tip" />
		<targetGroup id="SAHIS1.,2.tip" />
		
	</source>
	<source id="HIKAYE">
		<targetGroup id="SAHIS2.tip" />
		<targetGroup id="SAHIS1.,2.tip" />	
	</source>
	
	<source id="EKFIIL_HIKAYE_edi">
		<targetGroup id="SAHIS1.tip" />
		<targetGroup id="SORU">
		</targetGroup>	
	</source>
	<source id="EKFIIL_HIKAYE_edi">
		<targetGroup id="SAHIS1.tip" />
		<targetGroup id="SORU">
		</targetGroup>	
	</source>	
	<source id="XPAST_sa 0edi">
		<targetGroup id="SAHIS1.tip" />
		<targetGroup id="SORU">
		</targetGroup>	
	</source>
	
	<!-- RIVAYET ÇEKIMI EKLERI VE KALIPLARI GRAPHI-->
	<source id="EKFIIL_RIVAYET_ekan">
		<targetGroup id="SAHIS1.tip" />
		<targetGroup id="SORU">
		</targetGroup>
	</source>
	<source id="EKFIIL_RIVAYET_emiş">
		<targetGroup id="SAHIS1.tip" />
		<targetGroup id="SORU">
		</targetGroup>
	</source>	
	<source id="XPASTEM4_0emiş">
		<targetGroup id="SAHIS1.tip" />
		<targetGroup id="SORU">
		</targetGroup>
	</source>
	<source id="EKFIIL_RIVAYET_miş">
	<target id="IC_COGUL_lär"></target>	
		<targetGroup id="SAHIS1.tip" />
		<targetGroup id="SORU">
		</targetGroup>
	</source>
	<!-- TASVIR FIILERININ GRAPHI  -->
	<source id="FC_YF_YETERLILIK_(A)y_ål">
		<targetGroup id="SAHIS2.tip" />
		<targetGroup id="SORU">
		</targetGroup>
	</source>	
	<source id="FC_YF_YETERSIZLIK_(A)y_ålmä">
		<targetGroup id="SAHIS2.tip" />
		<targetGroup id="SORU">
		</targetGroup>
	</source>
	<source id="FC_YF_YETERLILIK_(A)y_bil">
		<targetGroup id="SAHIS2.tip" />
		<targetGroup id="SORU">
		</targetGroup>
	</source>
	<source id="FC_YF_TEZLIK_(H)b_yubår">
		<targetGroup id="SAHIS2.tip" />
		<targetGroup id="SORU">
		</targetGroup>
	</source>
	<source id="FC_YF_TEZLIK_(H)b_täşlä">
		<targetGroup id="SAHIS2.tip" />
		<targetGroup id="SORU">
		</targetGroup>
	</source>
	<source id="FC_YF_DEVAMLILIK_äver">
		<targetGroup id="SAHIS2.tip" />
		<targetGroup id="SORU">
		</targetGroup>
	</source>
	<source id="FC_YF_SUREKLILIK_(H)b_o‘tir">
		<targetGroup id="SAHIS2.tip" />
		<targetGroup id="SORU">
		</targetGroup>
	</source>
	<source id="FC_YF_SUREKLILIK_(H)b_tur">
		<targetGroup id="SAHIS2.tip" />
		<targetGroup id="SORU">
		</targetGroup>
	</source>
	<source id="FC_YF_YAKLASMA_Аyåz">
		<targetGroup id="SAHIS2.tip" />
		<targetGroup id="SORU">
		</targetGroup>
	</source>
	<source id="FC_YF_TEZLIK_A_qål">
		<targetGroup id="SAHIS2.tip" />
		<targetGroup id="SORU">
		</targetGroup>
	</source>



	
	<!-- TASARLAMA KIPLERININ GRAPHI  -->	
	<source id="FC_FIIL_KIP_SART_sä">
		<targetGroup id="SAHIS2.tip" />
		<targetGroup id="SORU">
		</targetGroup>
	</source>
	<source id="FC_FIIL_KIP_ISTEK_måqçi">
		<targetGroup id="SAHIS1.tip" />
		<targetGroup id="SORU">
		</targetGroup>
	</source>
	<source id="FC_FIIL_KIP_ISTEK_GAy">
		<targetGroup id="SAHIS1.tip" />
		<targetGroup id="SORU">
		</targetGroup>
	</source>
	<source id="FC_FIIL_KIP_ISTEK_GI_si_bar">
		<targetGroup id="SORU">
		</targetGroup>	
	</source>
	<source id="FC_FIIL_KIP_ISTEK_GI_si_yoq">
		<targetGroup id="SORU">
		</targetGroup>	
	</source>
	<source id="FC_FIIL_KIP_ISTEK_GI_si_kel">
		<targetGroup id="SORU">
		</targetGroup>	
	</source>
	<source id="FC_FIIL_GEREKLILIK_(I)ş_i_keräk">
		<targetGroup id="SORU">
		</targetGroup>	
	</source>
	<source id="FC_FIIL_GEREKLILIK_(I)ş_i_låzım">
		<targetGroup id="SORU">
		</targetGroup>	
	</source>
	<source id="FC_FIIL_GEREKLILIK_(I)ş_i_zärür">
		<targetGroup id="SORU">
		</targetGroup>	
	</source>
	<source id="FC_FIIL_GEREKLILIK_måq_keräk">
		<targetGroup id="SORU">
		</targetGroup>	
	</source>
	<source id="FC_FIIL_GEREKLILIK_måq_låzım">
		<targetGroup id="SORU">
		</targetGroup>	
	</source>
	<source id="FC_FIIL_GEREKLILIK_(u)v_keräk">
		<targetGroup id="SORU">
		</targetGroup>	
	</source>
	<source id="FC_FIIL_GEREKLILIK_(u)v_låzim">
		<targetGroup id="SORU">
		</targetGroup>	
	</source>
	<source id="FC_FIIL_GEREKLILIK_(u)v_zårur">
		<targetGroup id="SORU">
		</targetGroup>	
	</source>
	<source id="FC_FIIL_SART_bolsä">
		<targetGroup id="SORU">
		</targetGroup>	
	</source>
	<source id="XCONDB2_0bolsä">
		<targetGroup id="SORU">
		</targetGroup>	
	</source>	


	
	
	  	<!-- EMIR KIPI EKLERININ GRAPHI -->
	<source id="EMIR_BEN_(a)y"></source>
	<source id="EMIR_BEN_(a)yin"></source>
	<source id="EMIR_BIZ_(A)ylik"></source>
	<source id="EMIR_SEN_0"></source>
	<source id="EMIR_SEN_GHn"></source>
	<source id="EMIR_SIZ_(i)ng"></source>
	<source id="EMIR_SIZ_(i)ngiz"></source>
	<source id="EMIR_O_sin"></source>
	<source id="EMIR_ONLAR_sinlär"></source>
	
!-- BILDIRME KIPLERI (ZAMAN ÇEKİMLERİ) GRAPHI--> 
	<source id="FC_ZAMAN_GENIS_(J)r">
		<targetGroup id="SAHIS1.tip" />	
		<targetGroup id="SORU">
		</targetGroup>	
	</source>

	<source id="FC_ZAMAN_SIMDIKI_(A)yäp">
		<targetGroup id="SAHIS1.tip" />	
		<targetGroup id="SORU">
		</targetGroup>	
	</source>
	
	<source id="FC_ZAMAN_SIMDIKI_(A)yåtib">
		<targetGroup id= "SAHIS1.tip" />
		<targetGroup id="SORU">
		</targetGroup>
	</source>
	
	<source id="FC_ZAMAN_SIMDIKI_(A)yåtir">
		<targetGroup id="SAHIS1.tip" />
		<targetGroup id="SORU">
		</targetGroup>		
	</source>
	
	<source id="FC_ZAMAN_SIMDIKI_måqdä">
		<targetGroup id="SAHIS1.tip" />	
		<targetGroup id="SORU">
		</targetGroup>		
	</source>
	
	<source id="FC_ZAMAN_SIMDIKI_(H)b_0turib">
		<targetGroup id= "SAHIS1.tip" />
		<targetGroup id="SORU">
		</targetGroup>		
	</source>
	
	<source id="FC_ZAMAN_SIMDIKI_(H)b_0yåtib">
		<targetGroup id="SAHIS1.tip" />
		<targetGroup id="SORU">
		</targetGroup>			
	</source>
	
	<source id="FC_ZAMAN_SIMDIKI_(H)b_0otirib">
		<targetGroup id="SAHIS1.tip" />
		<targetGroup id="SORU">
		</targetGroup>			
	</source>
	
	<source id="FC_ZAMAN_SIMDIKI_(H)b_0yürib">
	<target id="IC_COGUL_lär"></target>	
		<targetGroup id="SAHIS1.tip" />	
		<targetGroup id="SORU">
		</targetGroup>
	</source>
	
	<source id="FC_ZAMAN_GECMIS_di">
	<target id="IC_COGUL_lär"></target>	
		<targetGroup id="SAHIS2.tip" />
		<targetGroup id="SORU">
		</targetGroup>	
	</source>
	<source id="FC_ZAMAN_GECMIS_GAn">
	<target id="IC_COGUL_lär"></target>
	<target id="EKFIIL_RIVAYET_miş"></target>	
			<targetGroup id="SAHIS1.tip" />
		<targetGroup id="SORU">
		</targetGroup>		
	</source>
	<source id="FC_ZAMAN_GECMIS_miş">
		<targetGroup id= "SAHIS1.tip" />
		<targetGroup id="SORU">
		</targetGroup>			
	</source>
	
	<source id="FC_ZAMAN_GECMIS_(H)b">
	<target id="IC_COGUL_lär"></target>
	<target id="EKFIIL_RIVAYET_miş"></target>	
		<target id="FC_ZAMAN_GECMIS_di"></target>
		<targetGroup id= "SAHIS1.tip" />
		<targetGroup id="SORU">
		</targetGroup>
	</source>
	
	<source id="FC_ZAMAN_SIMDIKI_GELECEK_(A)y">
		<targetGroup id= "SAHIS1.tip" />
		<targetGroup id="SORU">
		</targetGroup>			
	</source>
	
	
	<source id="FC_ZAMAN_GELECEK_(y)äcäk">
	<target id="IC_COGUL_lär"></target>	
	<target id="EKFIIL_RIVAYET_miş"></target>
		<targetGroup id= "SAHIS1.tip" />
		<targetGroup id="SORU">
		</targetGroup>			
	</source>	
	
    <source id="CATI">
		<targetGroup id="FY_ISIM">
		</targetGroup>
		<targetGroup id="FY_SIFAT">
		</targetGroup>
		<targetGroup id="FY_FIIL">
		</targetGroup>
		<targetGroup id="CATI">
		</targetGroup>
		<targetGroup id="I-FIIL">
		</targetGroup>
		<targetGroup id= "SAHIS1.tip" />
		<targetGroup id= "SAHIS2.tip" />
		<targetGroup id="OLUMSUZLUK">
		</targetGroup>
		<targetGroup id="SORU">
		</targetGroup>	  
    </source>
	
    <source id="FY_ISIM">
      <targetGroup id="IYELIK" />
      <targetGroup id="HAL"></targetGroup>
	  <targetGroup id="SORU"></targetGroup>
	  <targetGroup id="AITLIK"></targetGroup>
	  
    </source>
	
	<!-- ÇATI EKLERININ GRAPHI -->
	<source id="DONUSLU_(H)n"></source>
	<source id="EDILGEN_(H)l">
	  <targetGroup id="FY_ISIM"></targetGroup>
	  <targetGroup id="FY_SIFAT"></targetGroup>
		<targetGroup id="CATI"></targetGroup>
		<targetGroup id="FIIL_ZAMAN"></targetGroup>		
	</source>
	<source id="EDILGEN_(H)n"></source>
	<source id="ISTES_(H)ş">
		<targetGroup id="FIIL_ZAMAN"></targetGroup>
	</source>
	<source id="ETTIRGEN_(J)r"></source>
	<source id="ETTIRGEN_Där"></source>
	<source id="ETTIRGEN_DHr"></source>
	<source id="ETTIRGEN_GHz"></source>
	<source id="ETTIRGEN_GAz"></source>
	<source id="ETTIRGEN_GJr"></source>
	<source id="ETTIRGEN_sät"></source>
	<source id="ETTIRGEN_t">
	  <targetGroup id="FY_SIFAT"></targetGroup>
		<target id="ISTES_(H)ş"></target>
		<targetGroup id="EMIR"></targetGroup>
		<targetGroup id="FIIL_ZAMAN"></targetGroup>
		<target id="EDILGEN_(H)l"></target>
		
	</source>
	<source id="ETTIRGEN_Hz"></source>
	
	<!-- FIILDEN ISIM YAPAN EKLERIN GRAPHI -->
	<source id="FY_ISIM_(A)Q">
      <targetGroup id="IYELIK" />
      <targetGroup id="HAL"></targetGroup>
	  <targetGroup id="SORU"></targetGroup>
	  <targetGroup id="AITLIK"></targetGroup>
	  <target id="IC_COGUL_lär"></target> 	
	</source>
	<source id="FY_ISIM_(H)v">
      <targetGroup id="IYELIK" />
      <targetGroup id="HAL"></targetGroup>
	  <targetGroup id="SORU"></targetGroup>
	  <targetGroup id="AITLIK"></targetGroup>
	  <target id="IC_COGUL_lär"></target>	
	</source>
	<source id="FY_ISIM_(H)nç">
      <targetGroup id="IYELIK" />
      <targetGroup id="HAL"></targetGroup>
	  <targetGroup id="SORU"></targetGroup>
	  <targetGroup id="AITLIK"></targetGroup>
	  <target id="IC_COGUL_lär"></target>	
	</source>
	<source id="FY_ISIM_nç">
      <targetGroup id="IYELIK" />
      <targetGroup id="HAL"></targetGroup>
	  <targetGroup id="SORU"></targetGroup>
	  <targetGroup id="AITLIK"></targetGroup>
	  <target id="IC_COGUL_lär"></target>	
	</source>
	<source id="FY_SIFAT_(H)nç">
      <targetGroup id="IYELIK" />
      <targetGroup id="HAL"></targetGroup>
	  <targetGroup id="SORU"></targetGroup>
	  <targetGroup id="AITLIK"></targetGroup>
	  <target id="IC_COGUL_lär"></target>	
	</source>	
	<source id="FY_ISIM_çHq">
      <targetGroup id="IYELIK" />
      <targetGroup id="HAL"></targetGroup>
	  <targetGroup id="SORU"></targetGroup>
	  <targetGroup id="AITLIK"></targetGroup>
	  <target id="IC_COGUL_lär"></target>	
	</source>
	<source id="FY_ISIM_dÅQ">
      <targetGroup id="IYELIK" />
      <targetGroup id="HAL"></targetGroup>
	  <targetGroup id="SORU"></targetGroup>
	  <targetGroup id="AITLIK"></targetGroup>
	  <target id="IC_COGUL_lär"></target>	
	</source>
	<source id="FY_ISIM_dHQ">
      <targetGroup id="IYELIK" />
      <targetGroup id="HAL"></targetGroup>
	  <targetGroup id="SORU"></targetGroup>
	  <targetGroup id="AITLIK"></targetGroup>
	  <target id="IC_COGUL_lär"></target>	
	</source>
	<source id="FY_ISIM_GH">
      <targetGroup id="IYELIK" />
      <targetGroup id="HAL"></targetGroup>
	  <targetGroup id="SORU"></targetGroup>
	  <targetGroup id="AITLIK"></targetGroup>
	  <target id="IC_COGUL_lär"></target>	
	</source>
	<source id="FY_ISIM_GHç"></source>
	<source id="FY_ISIM_GHn">
      <targetGroup id="IYELIK" />
      <targetGroup id="HAL"></targetGroup>
	  <targetGroup id="SORU"></targetGroup>
	  <targetGroup id="AITLIK"></targetGroup>
	  <target id="IC_COGUL_lär"></target>	
	</source>	
	<source id="FY_ISIM_(J)Q"></source>
	<source id="FY_ISIM_(ĠH)nDH"></source>
	<source id="FY_ISIM_(J)m"></source>
	<source id="FY_ISIM_mä">
      <targetGroup id="IYELIK" />
      <targetGroup id="HAL"></targetGroup>
	  <targetGroup id="SORU"></targetGroup>
	  <targetGroup id="AITLIK"></targetGroup>
	  <target id="IC_COGUL_lär"></target>	
	</source>
	<source id="FY_ISIM_måq">
      <targetGroup id="IYELIK" />
      <targetGroup id="HAL"></targetGroup>
	  <targetGroup id="SORU"></targetGroup>
	  <targetGroup id="AITLIK"></targetGroup>
	  <target id="IC_COGUL_lär"></target>	
	</source>
	<source id="FY_ISIM_(H)n">
      <targetGroup id="IYELIK" />
      <targetGroup id="HAL"></targetGroup>
	  <targetGroup id="SORU"></targetGroup>
	  <targetGroup id="AITLIK"></targetGroup>
	  <target id="IC_COGUL_lär"></target>	
	</source>
	<source id="FY_ISIM_(H)ş">
      <targetGroup id="IYELIK" />
      <targetGroup id="HAL"></targetGroup>
	  <targetGroup id="SORU"></targetGroup>
	  <targetGroup id="AITLIK"></targetGroup>
	  <target id="IC_COGUL_lär"></target>	
	</source>
	<source id="FY_ISIM_uş">
      <targetGroup id="IYELIK" />
      <targetGroup id="HAL"></targetGroup>
	  <targetGroup id="SORU"></targetGroup>
	  <targetGroup id="AITLIK"></targetGroup>
	  <target id="IC_COGUL_lär"></target>	
	</source>	
	<source id="FY_ISIM_mHr">
      <targetGroup id="IYELIK" />
      <targetGroup id="HAL"></targetGroup>
	  <targetGroup id="SORU"></targetGroup>
	  <targetGroup id="AITLIK"></targetGroup>
	  <target id="IC_COGUL_lär"></target>	
	</source>
	<source id="FY_ISIM_mHş">
      <targetGroup id="IYELIK" />
      <targetGroup id="HAL"></targetGroup>
	  <targetGroup id="SORU"></targetGroup>
	  <targetGroup id="AITLIK"></targetGroup>
	  <target id="IC_COGUL_lär"></target>	
	</source>
	<source id="FY_ISIM_(ån)ġHç">
      <targetGroup id="IYELIK" />
      <targetGroup id="HAL"></targetGroup>
	  <targetGroup id="SORU"></targetGroup>
	  <targetGroup id="AITLIK"></targetGroup>
	  <target id="IC_COGUL_lär"></target>	
	</source>
	
	
	<!-- FIILDEN SIFAT YAPAN EKLERIN GRAPHI -->
	<source id="FY_SIFAT_(A)Q">
      <targetGroup id="IYELIK" />
      <targetGroup id="HAL"></targetGroup>
	  <targetGroup id="SORU"></targetGroup>
	  <targetGroup id="AITLIK"></targetGroup>
	  <target id="IC_COGUL_lär"></target>	
	</source>
	<source id="FY_SIFAT_çÅQ">
      <targetGroup id="IYELIK" />
      <targetGroup id="HAL"></targetGroup>
	  <targetGroup id="SORU"></targetGroup>
	  <targetGroup id="AITLIK"></targetGroup>
	  <target id="IC_COGUL_lär"></target>	
	</source>
	<source id="FY_SIFAT_GJr">
      <targetGroup id="IYELIK" />
      <targetGroup id="HAL"></targetGroup>
	  <targetGroup id="SORU"></targetGroup>
	  <targetGroup id="AITLIK"></targetGroup>
	  <target id="IC_COGUL_lär"></target>	
	</source>
	<source id="FY_SIFAT_äġån">
      <targetGroup id="IYELIK" />
      <targetGroup id="HAL"></targetGroup>
	  <targetGroup id="SORU"></targetGroup>
	  <targetGroup id="AITLIK"></targetGroup>
	  <target id="IC_COGUL_lär"></target>	
	</source>
	<source id="FY_SIFAT_äsi">
      <targetGroup id="IYELIK" />
      <targetGroup id="HAL"></targetGroup>
	  <targetGroup id="SORU"></targetGroup>
	  <targetGroup id="AITLIK"></targetGroup>
	  <target id="IC_COGUL_lär"></target>	
	</source>
	<source id="FY_SIFAT_(H)Nç">
      <targetGroup id="IYELIK" />
      <targetGroup id="HAL"></targetGroup>
	  <targetGroup id="SORU"></targetGroup>
	  <targetGroup id="AITLIK"></targetGroup>
	  <target id="IC_COGUL_lär"></target>	
	</source>
	<source id="FY_SIFAT_çÅQ">
      <targetGroup id="IYELIK" />
      <targetGroup id="HAL"></targetGroup>
	  <targetGroup id="SORU"></targetGroup>
	  <targetGroup id="AITLIK"></targetGroup>
	  <target id="IC_COGUL_lär"></target>	
	</source>
	<source id="FY_SIFAT_QÅQ">
      <targetGroup id="IYELIK" />
      <targetGroup id="HAL"></targetGroup>
	  <targetGroup id="SORU"></targetGroup>
	  <targetGroup id="AITLIK"></targetGroup>
	  <target id="IC_COGUL_lär"></target>	
	</source>
	<source id="FY_SIFAT_çHQ">
      <targetGroup id="IYELIK" />
      <targetGroup id="HAL"></targetGroup>
	  <targetGroup id="SORU"></targetGroup>
	  <targetGroup id="AITLIK"></targetGroup>
	  <target id="IC_COGUL_lär"></target>	
	</source>
	<source id="FY_SIFAT_GAn">
      <targetGroup id="IYELIK" />
      <targetGroup id="HAL"></targetGroup>
	  <targetGroup id="SORU"></targetGroup>
	  <targetGroup id="AITLIK"></targetGroup>
	  <target id="IC_COGUL_lär"></target>	
	</source>
	<source id="FY_SIFAT_(J)r">
      <targetGroup id="IYELIK" />
      <targetGroup id="HAL"></targetGroup>
	  <targetGroup id="SORU"></targetGroup>
	  <targetGroup id="AITLIK"></targetGroup>
	  <target id="IC_COGUL_lär"></target>	
	</source>
	<source id="FY_SIFAT_mäs">
      <targetGroup id="IYELIK" />
      <targetGroup id="HAL"></targetGroup>
	  <targetGroup id="SORU"></targetGroup>
	  <targetGroup id="AITLIK"></targetGroup>
	  <target id="IC_COGUL_lär"></target>	
	</source>
	<source id="FY_SIFAT_GUsi">
      <targetGroup id="IYELIK" />
      <targetGroup id="HAL"></targetGroup>
	  <targetGroup id="SORU"></targetGroup>
	  <targetGroup id="AITLIK"></targetGroup>
	  <target id="IC_COGUL_lär"></target>	
	</source>
	<source id="FY_SIFAT_(a/y)digän">
      <targetGroup id="IYELIK" />
      <targetGroup id="HAL"></targetGroup>
	  <targetGroup id="SORU"></targetGroup>
	  <targetGroup id="AITLIK"></targetGroup>
	  <target id="IC_COGUL_lär"></target>	
	</source>
	<source id="FY_SIFAT_miş">
      <targetGroup id="IYELIK" />
      <targetGroup id="HAL"></targetGroup>
	  <targetGroup id="SORU"></targetGroup>
	  <targetGroup id="AITLIK"></targetGroup>
	  <target id="IC_COGUL_lär"></target>	
	</source>
	<source id="FY_SIFAT_(y)äcäk">
      <targetGroup id="IYELIK" />
      <targetGroup id="HAL"></targetGroup>
	  <targetGroup id="SORU"></targetGroup>
	  <targetGroup id="AITLIK"></targetGroup>
	  <target id="IC_COGUL_lär"></target>
	</source>
	
	<!-- ISIMDEN ZARF YAPAN EKLERIN GRAPHI -->
	<source id="АND_GH">
      <targetGroup id="IYELIK" />
      <targetGroup id="HAL"></targetGroup>
	  <targetGroup id="SORU"></targetGroup>
	  <targetGroup id="AITLIK"></targetGroup>
	  <target id="IC_COGUL_lär"></target>
	</source>
	<source id="АND_ånä">
      <targetGroup id="IYELIK" />
      <targetGroup id="HAL"></targetGroup>
	  <targetGroup id="SORU"></targetGroup>
	  <targetGroup id="AITLIK"></targetGroup>
	  <target id="IC_COGUL_lär"></target>
	</source>
	<!-- SIFATTAN ZARF YAPAN EKLERIN GRAPHI -->	
	<source id="SY_ZARF_(n)çä"></source>
	<source id="SY_ZARF_lärçä"></source>
	<source id="SY_ZARF_çäsigä"></source>
	<source id="SY_ZARF_(ä/s)igä"></source>
	<source id="SY_ZARF_(n)gäçä"></source>
	<source id="SY_ZARF_simån"></source>	
	<!-- ZARFTAN ZARF YAPAN EKLERIN GRAPHI -->	
	<source id="ZY_ZARF_day"></source>
	<source id="ZY_ZARF_dAG"></source>
	<source id="ZY_ZARF_dAQA"></source>	
	<!-- SIFATTAN SIFAT YAPAN EKLERIN GRAPHI -->	
	<source id="SY_SIFAT_çä">
      <targetGroup id="IYELIK" />
      <targetGroup id="HAL"></targetGroup>
	  <targetGroup id="SORU"></targetGroup>
	  <targetGroup id="AITLIK"></targetGroup>
	  <target id="IC_COGUL_lär"></target>	
	</source>
	<source id="SY_SIFAT_GHnä">
      <targetGroup id="IYELIK" />
      <targetGroup id="HAL"></targetGroup>
	  <targetGroup id="SORU"></targetGroup>
	  <targetGroup id="AITLIK"></targetGroup>
	  <target id="IC_COGUL_lär"></target>	
	</source> 
	<source id="SY_SIFAT_(H)mtir">
      <targetGroup id="IYELIK" />
      <targetGroup id="HAL"></targetGroup>
	  <targetGroup id="SORU"></targetGroup>
	  <targetGroup id="AITLIK"></targetGroup>
	  <target id="IC_COGUL_lär"></target>	
	</source>
	<source id="SY_SIFAT_råq">
      <targetGroup id="IYELIK" />
      <targetGroup id="HAL"></targetGroup>
	  <targetGroup id="SORU"></targetGroup>
	  <targetGroup id="AITLIK"></targetGroup>
	  <target id="IC_COGUL_lär"></target>	
	</source>
	<source id="SY_SIFAT_iş">
      <targetGroup id="IYELIK" />
      <targetGroup id="HAL"></targetGroup>
	  <targetGroup id="SORU"></targetGroup>
	  <targetGroup id="AITLIK"></targetGroup>
	  <target id="IC_COGUL_lär"></target>	
	</source>
	<source id="SY_SIFAT_ġış">
      <targetGroup id="IYELIK" />
      <targetGroup id="HAL"></targetGroup>
	  <targetGroup id="SORU"></targetGroup>
	  <targetGroup id="AITLIK"></targetGroup>
	  <target id="IC_COGUL_lär"></target>	
	</source>
	
	<!-- SIFATTAN ISIM YAPAN EKLERIN GRAPHI -->
	<source id="SY_ISIM_çä">
      <targetGroup id="IYELIK" />
      <targetGroup id="HAL"></targetGroup>
	  <targetGroup id="SORU"></targetGroup>
	  <targetGroup id="AITLIK"></targetGroup>
	  <target id="IC_COGUL_lär"></target> 
	</source>
	<source id="SY_ISIM_çHQ">
      <targetGroup id="IYELIK" />
      <targetGroup id="HAL"></targetGroup>
	  <targetGroup id="SORU"></targetGroup>
	  <targetGroup id="AITLIK"></targetGroup>
	  <target id="IC_COGUL_lär"></target>	  
	</source>
	<source id="SY_ISIM_lHQ">
      <targetGroup id="IYELIK" />
      <targetGroup id="HAL"></targetGroup>
	  <targetGroup id="SORU"></targetGroup>
	  <targetGroup id="AITLIK"></targetGroup>
	  <target id="IC_COGUL_lär"></target>	  
	</source>	
	<!-- İSİMDEN SIFAT YAPAN EKLERIN GRAPHI -->	
	<source id="IY_SIFAT_çil">
      <targetGroup id="IYELIK" />
      <targetGroup id="HAL"></targetGroup>
	  <targetGroup id="SORU"></targetGroup>
	  <targetGroup id="AITLIK"></targetGroup>
	  <target id="IC_COGUL_lär"></target>	  
	</source>
	<source id="IY_SIFAT_li">
      <targetGroup id="IYELIK" />
      <targetGroup id="HAL"></targetGroup>
	  <targetGroup id="SORU"></targetGroup>
	  <targetGroup id="AITLIK"></targetGroup>
	  <target id="IC_COGUL_lär"></target>	  
	</source>
	<source id="IY_SIFAT_lHQ">
      <targetGroup id="IYELIK" />
      <targetGroup id="HAL"></targetGroup>
	  <targetGroup id="SORU"></targetGroup>
	  <targetGroup id="AITLIK"></targetGroup>
	  <target id="IC_COGUL_lär"></target>	  
	</source>
	<source id="IY_SIFAT_simån">
      <targetGroup id="IYELIK" />
      <targetGroup id="HAL"></targetGroup>
	  <targetGroup id="SORU"></targetGroup>
	  <targetGroup id="AITLIK"></targetGroup>
	  <target id="IC_COGUL_lär"></target>	  
	</source>
	<source id="IY_SIFAT_siz">
      <targetGroup id="IYELIK" />
      <targetGroup id="HAL"></targetGroup>
	  <targetGroup id="SORU"></targetGroup>
	  <targetGroup id="AITLIK"></targetGroup>
	  <target id="IC_COGUL_lär"></target>	  
	</source>
	<source id="IY_SIFAT_tä">
      <targetGroup id="IYELIK" />
      <targetGroup id="HAL"></targetGroup>
	  <targetGroup id="SORU"></targetGroup>
	  <targetGroup id="AITLIK"></targetGroup>	
	</source>
	<source id="IY_SIFAT_(v)iy">
      <targetGroup id="IYELIK" />
      <targetGroup id="HAL"></targetGroup>
	  <targetGroup id="SORU"></targetGroup>
	  <targetGroup id="AITLIK"></targetGroup>
	  <target id="IC_COGUL_lär"></target>	  
	</source>
	<source id="IY_SIFAT_äki">
      <targetGroup id="IYELIK" />
      <targetGroup id="HAL"></targetGroup>
	  <targetGroup id="SORU"></targetGroup>
	  <targetGroup id="AITLIK"></targetGroup>
	  <target id="IC_COGUL_lär"></target>	  
	</source>
	<source id="IY_SIFAT_iv">
      <targetGroup id="IYELIK" />
      <targetGroup id="HAL"></targetGroup>
	  <targetGroup id="SORU"></targetGroup>
	  <targetGroup id="AITLIK"></targetGroup>
	  <target id="IC_COGUL_lär"></target>	  
	</source>
	<source id="IY_SIFAT_al">
      <targetGroup id="IYELIK" />
      <targetGroup id="HAL"></targetGroup>
	  <targetGroup id="SORU"></targetGroup>
	  <targetGroup id="AITLIK"></targetGroup>
	  <target id="IC_COGUL_lär"></target>	  
	</source>
	<source id="IY_SIFAT_ser">
      <targetGroup id="IYELIK" />
      <targetGroup id="HAL"></targetGroup>
	  <targetGroup id="SORU"></targetGroup>
	  <targetGroup id="AITLIK"></targetGroup>
	  <target id="IC_COGUL_lär"></target>	  
	</source>
	<source id="IY_SIFAT_bA">
      <targetGroup id="IYELIK" />
      <targetGroup id="HAL"></targetGroup>
	  <targetGroup id="SORU"></targetGroup>
	  <targetGroup id="AITLIK"></targetGroup>
	  <target id="IC_COGUL_lär"></target>	  
	</source>
	<source id="IY_SIFAT_nå">
      <targetGroup id="IYELIK" />
      <targetGroup id="HAL"></targetGroup>
	  <targetGroup id="SORU"></targetGroup>
	  <targetGroup id="AITLIK"></targetGroup>
	  <target id="IC_COGUL_lär"></target>	  
	</source>
	<source id="IY_SIFAT_be">
      <targetGroup id="IYELIK" />
      <targetGroup id="HAL"></targetGroup>
	  <targetGroup id="SORU"></targetGroup>
	  <targetGroup id="AITLIK"></targetGroup>
	  <target id="IC_COGUL_lär"></target>	  
	</source>	

	<!-- ISIMDEN ISIM YAPAN EKLERIN GRAPHI -->
	<source id="IY_ISIM_ä"> 
      <targetGroup id="HAL"></targetGroup>
	  <targetGroup id="SORU"></targetGroup>
	  <targetGroup id="AITLIK"></targetGroup>
	  <target id="IC_COGUL_lär"></target>
    </source>
	<source id="IY_ISIM_çä"> 
      <targetGroup id="HAL"></targetGroup>
	  <targetGroup id="SORU"></targetGroup>
	  <targetGroup id="AITLIK"></targetGroup>
	  <target id="IC_COGUL_lär"></target>
    </source>
	<source id="IY_ISIM_çi">
      <targetGroup id="HAL"></targetGroup>
	  <targetGroup id="SORU"></targetGroup>
	  <targetGroup id="AITLIK"></targetGroup>
	  <target id="IC_COGUL_lär"></target>	
	</source>
	<source id="IY_ISIM_çHQ">
      <targetGroup id="HAL"></targetGroup>
	  <targetGroup id="SORU"></targetGroup>
	  <targetGroup id="AITLIK"></targetGroup>
	  <target id="IC_COGUL_lär"></target>	
	</source>
	<source id="IY_ISIM_çAQ">
      <targetGroup id="HAL"></targetGroup>
	  <targetGroup id="SORU"></targetGroup>
	  <targetGroup id="AITLIK"></targetGroup>
	  <target id="IC_COGUL_lär"></target>	
	</source>
	<source id="IY_ISIM_çAN">
      <targetGroup id="HAL"></targetGroup>
	  <targetGroup id="SORU"></targetGroup>
	  <targetGroup id="AITLIK"></targetGroup>
	  <target id="IC_COGUL_lär"></target>	
	</source>
	<source id="IY_ISIM_cån">
      <targetGroup id="HAL"></targetGroup>
	  <targetGroup id="SORU"></targetGroup>
	  <targetGroup id="AITLIK"></targetGroup>
	  <target id="IC_COGUL_lär"></target>	
	</source>	
	<source id="IY_ISIM_AQ">
      <targetGroup id="HAL"></targetGroup>
	  <targetGroup id="SORU"></targetGroup>
	  <targetGroup id="AITLIK"></targetGroup>
	  <target id="IC_COGUL_lär"></target>	
	</source> 
	<source id="IY_ISIM_dåş">
      <targetGroup id="HAL"></targetGroup>
	  <targetGroup id="SORU"></targetGroup>
	  <targetGroup id="AITLIK"></targetGroup>
	  <target id="IC_COGUL_lär"></target>	
	</source>
	<source id="IY_ISIM_GHnä">
      <targetGroup id="HAL"></targetGroup>
	  <targetGroup id="SORU"></targetGroup>
	  <targetGroup id="AITLIK"></targetGroup>
	  <target id="IC_COGUL_lär"></target>	
	</source> 
	<source id="IY_ISIM_låq">
      <targetGroup id="HAL"></targetGroup>
	  <targetGroup id="SORU"></targetGroup>
	  <targetGroup id="AITLIK"></targetGroup>
	  <target id="IC_COGUL_lär"></target>	
	</source>
	<source id="IY_ISIM_DHq">
      <targetGroup id="HAL"></targetGroup>
	  <targetGroup id="SORU"></targetGroup>
	  <targetGroup id="AITLIK"></targetGroup>
	  <target id="IC_COGUL_lär"></target>	
	</source>
	<source id="IY_ISIM_Ga">
      <targetGroup id="HAL"></targetGroup>
	  <targetGroup id="SORU"></targetGroup>
	  <targetGroup id="AITLIK"></targetGroup>
	  <target id="IC_COGUL_lär"></target>	
	</source>
	<source id="IY_ISIM_lHQ">
      <targetGroup id="HAL"></targetGroup>
	  <targetGroup id="SORU"></targetGroup>
	  <targetGroup id="AITLIK"></targetGroup>
	  <target id="IC_COGUL_lär"></target>	
	</source>
	<source id="IY_ISIM_qur">
      <targetGroup id="HAL"></targetGroup>
	  <targetGroup id="SORU"></targetGroup>
	  <targetGroup id="AITLIK"></targetGroup>
	  <target id="IC_COGUL_lär"></target>	
	</source>	
	<source id="IY_ISIM_mån">
      <targetGroup id="HAL"></targetGroup>
	  <targetGroup id="SORU"></targetGroup>
	  <targetGroup id="AITLIK"></targetGroup>
	  <target id="IC_COGUL_lär"></target>	
	</source>
	<source id="IY_ISIM_tåy">
      <targetGroup id="HAL"></targetGroup>
	  <targetGroup id="SORU"></targetGroup>
	  <targetGroup id="AITLIK"></targetGroup>
	  <target id="IC_COGUL_lär"></target>	
	</source>
	<source id="IY_ISIM_dån">
      <targetGroup id="HAL"></targetGroup>
	  <targetGroup id="SORU"></targetGroup>
	  <targetGroup id="AITLIK"></targetGroup>
	  <target id="IC_COGUL_lär"></target>	
	</source>
	<source id="IY_ISIM_DHrHQ">
      <targetGroup id="HAL"></targetGroup>
	  <targetGroup id="SORU"></targetGroup>
	  <targetGroup id="AITLIK"></targetGroup>
	  <target id="IC_COGUL_lär"></target>	
	</source>
	<source id="IY_ISIM_(H)n">
      <targetGroup id="HAL"></targetGroup>
	  <targetGroup id="SORU"></targetGroup>
	  <targetGroup id="AITLIK"></targetGroup>
	  <target id="IC_COGUL_lär"></target>	
	</source>
	<source id="IY_ISIM_måç">
      <targetGroup id="HAL"></targetGroup>
	  <targetGroup id="SORU"></targetGroup>
	  <targetGroup id="AITLIK"></targetGroup>
	  <target id="IC_COGUL_lär"></target>	
	</source>
	<source id="IY_ISIM_(H)ldåq">
      <targetGroup id="HAL"></targetGroup>
	  <targetGroup id="SORU"></targetGroup>
	  <targetGroup id="AITLIK"></targetGroup>
	  <target id="IC_COGUL_lär"></target>	
	</source>
	<source id="IY_ISIM_låv">
      <targetGroup id="HAL"></targetGroup>
	  <targetGroup id="SORU"></targetGroup>
	  <targetGroup id="AITLIK"></targetGroup>
	  <target id="IC_COGUL_lär"></target>	
	</source>
	<source id="IY_ISIM_zår">
      <targetGroup id="HAL"></targetGroup>
	  <targetGroup id="SORU"></targetGroup>
	  <targetGroup id="AITLIK"></targetGroup>
	  <target id="IC_COGUL_lär"></target>	
	</source>
	<source id="IY_ISIM_(H)stån">
      <targetGroup id="HAL"></targetGroup>
	  <targetGroup id="SORU"></targetGroup>
	  <targetGroup id="AITLIK"></targetGroup>
	  <target id="IC_COGUL_lär"></target>	
	</source>
	<source id="IY_ISIM_xånä">
      <targetGroup id="HAL"></targetGroup>
	  <targetGroup id="SORU"></targetGroup>
	  <targetGroup id="AITLIK"></targetGroup>
	  <target id="IC_COGUL_lär"></target>	
	</source>
	<source id="IY_ISIM_gåh">
      <targetGroup id="HAL"></targetGroup>
	  <targetGroup id="SORU"></targetGroup>
	  <targetGroup id="AITLIK"></targetGroup>
	  <target id="IC_COGUL_lär"></target>	
	</source>
	<source id="IY_ISIM_ik">
      <targetGroup id="HAL"></targetGroup>
	  <targetGroup id="SORU"></targetGroup>
	  <targetGroup id="AITLIK"></targetGroup>
	  <target id="IC_COGUL_lär"></target>	
	</source>
	<source id="IY_ISIM_iyon">
      <targetGroup id="HAL"></targetGroup>
	  <targetGroup id="SORU"></targetGroup>
	  <targetGroup id="AITLIK"></targetGroup>
	  <target id="IC_COGUL_lär"></target>	
	</source>
	<source id="IY_ISIM_älä">
      <targetGroup id="HAL"></targetGroup>
	  <targetGroup id="SORU"></targetGroup>
	  <targetGroup id="AITLIK"></targetGroup>
	  <target id="IC_COGUL_lär"></target>	
	</source>
	<source id="IY_ISIM_åv">
      <targetGroup id="HAL"></targetGroup>
	  <targetGroup id="SORU"></targetGroup>
	  <targetGroup id="AITLIK"></targetGroup>
	  <target id="IC_COGUL_lär"></target>	
	</source>
	<source id="FY_ISIM_xån">
      <targetGroup id="HAL"></targetGroup>
	  <targetGroup id="SORU"></targetGroup>
	  <targetGroup id="AITLIK"></targetGroup>
	  <target id="IC_COGUL_lär"></target>	
	</source>
	<source id="FY_ISIM_åy">
      <targetGroup id="HAL"></targetGroup>
	  <targetGroup id="SORU"></targetGroup>
	  <targetGroup id="AITLIK"></targetGroup>
	  <target id="IC_COGUL_lär"></target>	
	</source>
	<source id="FY_ISIM_åt">
      <targetGroup id="HAL"></targetGroup>
	  <targetGroup id="SORU"></targetGroup>
	  <targetGroup id="AITLIK"></targetGroup>
	  <target id="IC_COGUL_lär"></target>	
	</source>
	<source id="FY_ISIM_iy">
      <targetGroup id="HAL"></targetGroup>
	  <targetGroup id="SORU"></targetGroup>
	  <targetGroup id="AITLIK"></targetGroup>
	  <target id="IC_COGUL_lär"></target>	
	</source>
	<source id="FY_ISIM_åniy">
      <targetGroup id="HAL"></targetGroup>
	  <targetGroup id="SORU"></targetGroup>
	  <targetGroup id="AITLIK"></targetGroup>
	  <target id="IC_COGUL_lär"></target>	
	</source>
	<source id="IY_ISIM_dår">
      <targetGroup id="HAL"></targetGroup>
	  <targetGroup id="SORU"></targetGroup>
	  <targetGroup id="AITLIK"></targetGroup>
	  <target id="IC_COGUL_lär"></target>	
	</source>
	<source id="IY_ISIM_al">
      <targetGroup id="HAL"></targetGroup>
	  <targetGroup id="SORU"></targetGroup>
	  <targetGroup id="AITLIK"></targetGroup>
	  <target id="IC_COGUL_lär"></target> 
	</source>

	<!-- ISIMDEN FİİL YAPAN EKLERIN GRAPHI -->

	<source id="IY_FIIL_ä">
	<targetGroup id="EMIR"></targetGroup>
	<targetGroup id="FY_ISIM"></targetGroup>
	<targetGroup id="FY_SIFAT"></targetGroup>
	<targetGroup id="FY_FIIL"></targetGroup>
	<targetGroup id="CATI"></targetGroup>
	<targetGroup id="I-FIIL"></targetGroup>
	<targetGroup id="FIIL_ZAMAN"></targetGroup>
	<targetGroup id="FIIL_KIP"></targetGroup>
	<targetGroup id="HIKAYE"></targetGroup>
	<targetGroup id="RIVAYET"></targetGroup>
	<targetGroup id="TASFIR_FIIL"></targetGroup>
	<targetGroup id="OLUMSUZLUK"></targetGroup>
	<targetGroup id="SORU"></targetGroup>
	</source>
	<source id="IY_FIIL_(A)r">
	<targetGroup id="EMIR"></targetGroup>
	<targetGroup id="FY_ISIM"></targetGroup>
	<targetGroup id="FY_SIFAT"></targetGroup>
	<targetGroup id="FY_FIIL"></targetGroup>
	<targetGroup id="CATI"></targetGroup>
	<targetGroup id="I-FIIL"></targetGroup>
	<targetGroup id="FIIL_ZAMAN"></targetGroup>
	<targetGroup id="FIIL_KIP"></targetGroup>
	<targetGroup id="HIKAYE"></targetGroup>
	<targetGroup id="RIVAYET"></targetGroup>
	<targetGroup id="TASFIR_FIIL"></targetGroup>
	<targetGroup id="OLUMSUZLUK"></targetGroup>
	<targetGroup id="SORU"></targetGroup>
	</source>
	<source id="IY_FIIL_(A)y">
	<targetGroup id="EMIR"></targetGroup>
	<targetGroup id="FY_ISIM"></targetGroup>
	<targetGroup id="FY_SIFAT"></targetGroup>
	<targetGroup id="FY_FIIL"></targetGroup>
	<targetGroup id="CATI"></targetGroup>
	<targetGroup id="I-FIIL"></targetGroup>
	<targetGroup id="FIIL_ZAMAN"></targetGroup>
	<targetGroup id="FIIL_KIP"></targetGroup>
	<targetGroup id="HIKAYE"></targetGroup>
	<targetGroup id="RIVAYET"></targetGroup>
	<targetGroup id="TASFIR_FIIL"></targetGroup>
	<targetGroup id="OLUMSUZLUK"></targetGroup>
	<targetGroup id="SORU"></targetGroup>
	</source>	
	<source id="IY_FIIL_dä">
	<targetGroup id="EMIR"></targetGroup>
	<targetGroup id="FY_ISIM"></targetGroup>
	<targetGroup id="FY_SIFAT"></targetGroup>
	<targetGroup id="FY_FIIL"></targetGroup>
	<targetGroup id="CATI"></targetGroup>
	<targetGroup id="I-FIIL"></targetGroup>
	<targetGroup id="FIIL_ZAMAN"></targetGroup>
	<targetGroup id="FIIL_KIP"></targetGroup>
	<targetGroup id="HIKAYE"></targetGroup>
	<targetGroup id="RIVAYET"></targetGroup>
	<targetGroup id="TASFIR_FIIL"></targetGroup>
	<targetGroup id="OLUMSUZLUK"></targetGroup>
	<targetGroup id="SORU"></targetGroup>
	</source>
	<source id="IY_FIIL_GA">
	<targetGroup id="EMIR"></targetGroup>
	<targetGroup id="FY_ISIM"></targetGroup>
	<targetGroup id="FY_SIFAT"></targetGroup>
	<targetGroup id="FY_FIIL"></targetGroup>
	<targetGroup id="CATI"></targetGroup>
	<targetGroup id="I-FIIL"></targetGroup>
	<targetGroup id="FIIL_ZAMAN"></targetGroup>
	<targetGroup id="FIIL_KIP"></targetGroup>
	<targetGroup id="HIKAYE"></targetGroup>
	<targetGroup id="RIVAYET"></targetGroup>
	<targetGroup id="TASFIR_FIIL"></targetGroup>
	<targetGroup id="OLUMSUZLUK"></targetGroup>
	<targetGroup id="SORU"></targetGroup>
	</source>
	<source id="IY_FIIL_GAr">
	<targetGroup id="EMIR"></targetGroup>
	<targetGroup id="FY_ISIM"></targetGroup>
	<targetGroup id="FY_SIFAT"></targetGroup>
	<targetGroup id="FY_FIIL"></targetGroup>
	<targetGroup id="CATI"></targetGroup>
	<targetGroup id="I-FIIL"></targetGroup>
	<targetGroup id="FIIL_ZAMAN"></targetGroup>
	<targetGroup id="FIIL_KIP"></targetGroup>
	<targetGroup id="HIKAYE"></targetGroup>
	<targetGroup id="RIVAYET"></targetGroup>
	<targetGroup id="TASFIR_FIIL"></targetGroup>
	<targetGroup id="OLUMSUZLUK"></targetGroup>
	<targetGroup id="SORU"></targetGroup>
	</source>
	<source id="IY_FIIL_ĠH">
	<targetGroup id="EMIR"></targetGroup>
	<targetGroup id="FY_ISIM"></targetGroup>
	<targetGroup id="FY_SIFAT"></targetGroup>
	<targetGroup id="FY_FIIL"></targetGroup>
	<targetGroup id="CATI"></targetGroup>
	<targetGroup id="I-FIIL"></targetGroup>
	<targetGroup id="FIIL_ZAMAN"></targetGroup>
	<targetGroup id="FIIL_KIP"></targetGroup>
	<targetGroup id="HIKAYE"></targetGroup>
	<targetGroup id="RIVAYET"></targetGroup>
	<targetGroup id="TASFIR_FIIL"></targetGroup>
	<targetGroup id="OLUMSUZLUK"></targetGroup>
	<targetGroup id="SORU"></targetGroup>
	</source>
	<source id="IY_FIIL_i">
	<targetGroup id="EMIR"></targetGroup>
	<targetGroup id="FY_ISIM"></targetGroup>
	<targetGroup id="FY_SIFAT"></targetGroup>
	<targetGroup id="FY_FIIL"></targetGroup>
	<targetGroup id="CATI"></targetGroup>
	<targetGroup id="I-FIIL"></targetGroup>
	<targetGroup id="FIIL_ZAMAN"></targetGroup>
	<targetGroup id="FIIL_KIP"></targetGroup>
	<targetGroup id="HIKAYE"></targetGroup>
	<targetGroup id="RIVAYET"></targetGroup>
	<targetGroup id="TASFIR_FIIL"></targetGroup>
	<targetGroup id="OLUMSUZLUK"></targetGroup>
	<targetGroup id="SORU"></targetGroup>
	</source>
	<source id="IY_FIIL_(H)Q">
	<targetGroup id="EMIR"></targetGroup>
	<targetGroup id="FY_ISIM"></targetGroup>
	<targetGroup id="FY_SIFAT"></targetGroup>
	<targetGroup id="FY_FIIL"></targetGroup>
	<targetGroup id="CATI"></targetGroup>
	<targetGroup id="I-FIIL"></targetGroup>
	<targetGroup id="FIIL_ZAMAN"></targetGroup>
	<targetGroup id="FIIL_KIP"></targetGroup>
	<targetGroup id="HIKAYE"></targetGroup>
	<targetGroup id="RIVAYET"></targetGroup>
	<targetGroup id="TASFIR_FIIL"></targetGroup>
	<targetGroup id="OLUMSUZLUK"></targetGroup>
	<targetGroup id="SORU"></targetGroup>
	</source>
	<source id="IY_FIIL_QHr">
	<targetGroup id="EMIR"></targetGroup>
	<targetGroup id="FY_ISIM"></targetGroup>
	<targetGroup id="FY_SIFAT"></targetGroup>
	<targetGroup id="FY_FIIL"></targetGroup>
	<targetGroup id="CATI"></targetGroup>
	<targetGroup id="I-FIIL"></targetGroup>
	<targetGroup id="FIIL_ZAMAN"></targetGroup>
	<targetGroup id="FIIL_KIP"></targetGroup>
	<targetGroup id="HIKAYE"></targetGroup>
	<targetGroup id="RIVAYET"></targetGroup>
	<targetGroup id="TASFIR_FIIL"></targetGroup>
	<targetGroup id="OLUMSUZLUK"></targetGroup>
	<targetGroup id="SORU"></targetGroup>
	</source>
	<source id="IY_FIIL_QHrA">
	<targetGroup id="EMIR"></targetGroup>
	<targetGroup id="FY_ISIM"></targetGroup>
	<targetGroup id="FY_SIFAT"></targetGroup>
	<targetGroup id="FY_FIIL"></targetGroup>
	<targetGroup id="CATI"></targetGroup>
	<targetGroup id="I-FIIL"></targetGroup>
	<targetGroup id="FIIL_ZAMAN"></targetGroup>
	<targetGroup id="FIIL_KIP"></targetGroup>
	<targetGroup id="HIKAYE"></targetGroup>
	<targetGroup id="RIVAYET"></targetGroup>
	<targetGroup id="TASFIR_FIIL"></targetGroup>
	<targetGroup id="OLUMSUZLUK"></targetGroup>
	<targetGroup id="SORU"></targetGroup>
	</source>
	<source id="IY_FIIL_lä">
	<targetGroup id="EMIR"></targetGroup>
	<targetGroup id="FY_ISIM"></targetGroup>
	<targetGroup id="FY_SIFAT"></targetGroup>
	<targetGroup id="FY_FIIL"></targetGroup>
	<targetGroup id="CATI"></targetGroup>
	<targetGroup id="I-FIIL"></targetGroup>
	<targetGroup id="FIIL_ZAMAN"></targetGroup>
	<targetGroup id="FIIL_KIP"></targetGroup>
	<targetGroup id="HIKAYE"></targetGroup>
	<targetGroup id="RIVAYET"></targetGroup>
	<targetGroup id="TASFIR_FIIL"></targetGroup>
	<targetGroup id="OLUMSUZLUK"></targetGroup>
	<targetGroup id="SORU"></targetGroup>
	</source>
	<source id="IY_FIIL_län">
	<targetGroup id="EMIR"></targetGroup>
	<targetGroup id="FY_ISIM"></targetGroup>
	<targetGroup id="FY_SIFAT"></targetGroup>
	<targetGroup id="FY_FIIL"></targetGroup>
	<targetGroup id="CATI"></targetGroup>
	<targetGroup id="I-FIIL"></targetGroup>
	<targetGroup id="FIIL_ZAMAN"></targetGroup>
	<targetGroup id="FIIL_KIP"></targetGroup>
	<targetGroup id="HIKAYE"></targetGroup>
	<targetGroup id="RIVAYET"></targetGroup>
	<targetGroup id="TASFIR_FIIL"></targetGroup>
	<targetGroup id="OLUMSUZLUK"></targetGroup>
	<targetGroup id="SORU"></targetGroup>
	</source>
	<source id="IY_FIIL_läş">
	<targetGroup id="EMIR"></targetGroup>
	<targetGroup id="FY_ISIM"></targetGroup>
	<targetGroup id="FY_SIFAT"></targetGroup>
	<targetGroup id="FY_FIIL"></targetGroup>
	<targetGroup id="CATI"></targetGroup>
	<targetGroup id="I-FIIL"></targetGroup>
	<targetGroup id="FIIL_ZAMAN"></targetGroup>
	<targetGroup id="FIIL_KIP"></targetGroup>
	<targetGroup id="HIKAYE"></targetGroup>
	<targetGroup id="RIVAYET"></targetGroup>
	<targetGroup id="TASFIR_FIIL"></targetGroup>
	<targetGroup id="OLUMSUZLUK"></targetGroup>
	<targetGroup id="SORU"></targetGroup>
	</source>
	<source id="IY_FIIL_lät">
	<targetGroup id="EMIR"></targetGroup>
	<targetGroup id="FY_ISIM"></targetGroup>
	<targetGroup id="FY_SIFAT"></targetGroup>
	<targetGroup id="FY_FIIL"></targetGroup>
	<targetGroup id="CATI"></targetGroup>
	<targetGroup id="I-FIIL"></targetGroup>
	<targetGroup id="FIIL_ZAMAN"></targetGroup>
	<targetGroup id="FIIL_KIP"></targetGroup>
	<targetGroup id="HIKAYE"></targetGroup>
	<targetGroup id="RIVAYET"></targetGroup>
	<targetGroup id="TASFIR_FIIL"></targetGroup>
	<targetGroup id="OLUMSUZLUK"></targetGroup>
	<targetGroup id="SORU"></targetGroup>
	</source>
	<source id="IY_FIIL_(H)r">
	<targetGroup id="EMIR"></targetGroup>
	<targetGroup id="FY_ISIM"></targetGroup>
	<targetGroup id="FY_SIFAT"></targetGroup>
	<targetGroup id="FY_FIIL"></targetGroup>
	<targetGroup id="CATI"></targetGroup>
	<targetGroup id="I-FIIL"></targetGroup>
	<targetGroup id="FIIL_ZAMAN"></targetGroup>
	<targetGroup id="FIIL_KIP"></targetGroup>
	<targetGroup id="HIKAYE"></targetGroup>
	<targetGroup id="RIVAYET"></targetGroup>
	<targetGroup id="TASFIR_FIIL"></targetGroup>
	<targetGroup id="OLUMSUZLUK"></targetGroup>
	<targetGroup id="SORU"></targetGroup>
	</source>
	<source id="IY_FIIL_rä">
	<targetGroup id="EMIR"></targetGroup>
	<targetGroup id="FY_ISIM"></targetGroup>
	<targetGroup id="FY_SIFAT"></targetGroup>
	<targetGroup id="FY_FIIL"></targetGroup>
	<targetGroup id="CATI"></targetGroup>
	<targetGroup id="I-FIIL"></targetGroup>
	<targetGroup id="FIIL_ZAMAN"></targetGroup>
	<targetGroup id="FIIL_KIP"></targetGroup>
	<targetGroup id="HIKAYE"></targetGroup>
	<targetGroup id="RIVAYET"></targetGroup>
	<targetGroup id="TASFIR_FIIL"></targetGroup>
	<targetGroup id="OLUMSUZLUK"></targetGroup>
	<targetGroup id="SORU"></targetGroup>
	</source>
	<source id="IY_FIIL_sä">
	<targetGroup id="EMIR"></targetGroup>
	<targetGroup id="FY_ISIM"></targetGroup>
	<targetGroup id="FY_SIFAT"></targetGroup>
	<targetGroup id="FY_FIIL"></targetGroup>
	<targetGroup id="CATI"></targetGroup>
	<targetGroup id="I-FIIL"></targetGroup>
	<targetGroup id="FIIL_ZAMAN"></targetGroup>
	<targetGroup id="FIIL_KIP"></targetGroup>
	<targetGroup id="HIKAYE"></targetGroup>
	<targetGroup id="RIVAYET"></targetGroup>
	<targetGroup id="TASFIR_FIIL"></targetGroup>
	<targetGroup id="OLUMSUZLUK"></targetGroup>
	<targetGroup id="SORU"></targetGroup>
	</source>
	<source id="IY_FIIL_si">
	<targetGroup id="EMIR"></targetGroup>
	<targetGroup id="FY_ISIM"></targetGroup>
	<targetGroup id="FY_SIFAT"></targetGroup>
	<targetGroup id="FY_FIIL"></targetGroup>
	<targetGroup id="CATI"></targetGroup>
	<targetGroup id="I-FIIL"></targetGroup>
	<targetGroup id="FIIL_ZAMAN"></targetGroup>
	<targetGroup id="FIIL_KIP"></targetGroup>
	<targetGroup id="HIKAYE"></targetGroup>
	<targetGroup id="RIVAYET"></targetGroup>
	<targetGroup id="TASFIR_FIIL"></targetGroup>
	<targetGroup id="OLUMSUZLUK"></targetGroup>
	<targetGroup id="SORU"></targetGroup>
	</source>
	<source id="IY_FIIL_sin">
	<targetGroup id="EMIR"></targetGroup>
	<targetGroup id="FY_ISIM"></targetGroup>
	<targetGroup id="FY_SIFAT"></targetGroup>
	<targetGroup id="FY_FIIL"></targetGroup>
	<targetGroup id="CATI"></targetGroup>
	<targetGroup id="I-FIIL"></targetGroup>
	<targetGroup id="FIIL_ZAMAN"></targetGroup>
	<targetGroup id="FIIL_KIP"></targetGroup>
	<targetGroup id="HIKAYE"></targetGroup>
	<targetGroup id="RIVAYET"></targetGroup>
	<targetGroup id="TASFIR_FIIL"></targetGroup>
	<targetGroup id="OLUMSUZLUK"></targetGroup>
	<targetGroup id="SORU"></targetGroup>
	</source>
	<source id="IY_FIIL_sit">
	<targetGroup id="EMIR"></targetGroup>
	<targetGroup id="FY_ISIM"></targetGroup>
	<targetGroup id="FY_SIFAT"></targetGroup>
	<targetGroup id="FY_FIIL"></targetGroup>
	<targetGroup id="CATI"></targetGroup>
	<targetGroup id="I-FIIL"></targetGroup>
	<targetGroup id="FIIL_ZAMAN"></targetGroup>
	<targetGroup id="FIIL_KIP"></targetGroup>
	<targetGroup id="HIKAYE"></targetGroup>
	<targetGroup id="RIVAYET"></targetGroup>
	<targetGroup id="TASFIR_FIIL"></targetGroup>
	<targetGroup id="OLUMSUZLUK"></targetGroup>
	<targetGroup id="SORU"></targetGroup>
	</source>
	<source id="IY_FIIL_sirä">
	<targetGroup id="EMIR"></targetGroup>
	<targetGroup id="FY_ISIM"></targetGroup>
	<targetGroup id="FY_SIFAT"></targetGroup>
	<targetGroup id="FY_FIIL"></targetGroup>
	<targetGroup id="CATI"></targetGroup>
	<targetGroup id="I-FIIL"></targetGroup>
	<targetGroup id="FIIL_ZAMAN"></targetGroup>
	<targetGroup id="FIIL_KIP"></targetGroup>
	<targetGroup id="HIKAYE"></targetGroup>
	<targetGroup id="RIVAYET"></targetGroup>
	<targetGroup id="TASFIR_FIIL"></targetGroup>
	<targetGroup id="OLUMSUZLUK"></targetGroup>
	<targetGroup id="SORU"></targetGroup>
	</source>
	<source id="IY_FIIL_şä">
	<targetGroup id="EMIR"></targetGroup>
	<targetGroup id="FY_ISIM"></targetGroup>
	<targetGroup id="FY_SIFAT"></targetGroup>
	<targetGroup id="FY_FIIL"></targetGroup>
	<targetGroup id="CATI"></targetGroup>
	<targetGroup id="I-FIIL"></targetGroup>
	<targetGroup id="FIIL_ZAMAN"></targetGroup>
	<targetGroup id="FIIL_KIP"></targetGroup>
	<targetGroup id="HIKAYE"></targetGroup>
	<targetGroup id="RIVAYET"></targetGroup>
	<targetGroup id="TASFIR_FIIL"></targetGroup>
	<targetGroup id="OLUMSUZLUK"></targetGroup>
	<targetGroup id="SORU"></targetGroup>
	</source>
	<source id="IY_FIIL_şi">
	<targetGroup id="EMIR"></targetGroup>
	<targetGroup id="FY_ISIM"></targetGroup>
	<targetGroup id="FY_SIFAT"></targetGroup>
	<targetGroup id="FY_FIIL"></targetGroup>
	<targetGroup id="CATI"></targetGroup>
	<targetGroup id="I-FIIL"></targetGroup>
	<targetGroup id="FIIL_ZAMAN"></targetGroup>
	<targetGroup id="FIIL_KIP"></targetGroup>
	<targetGroup id="HIKAYE"></targetGroup>
	<targetGroup id="RIVAYET"></targetGroup>
	<targetGroup id="TASFIR_FIIL"></targetGroup>
	<targetGroup id="OLUMSUZLUK"></targetGroup>
	<targetGroup id="SORU"></targetGroup>
	</source>


	  
	<source id="IC_AITLIK_gi"> 
      <targetGroup id="HAL"></targetGroup>
	  <targetGroup id="SORU"></targetGroup>
	  <targetGroup id="AITLIK"></targetGroup>     
    </source>
 	<source id="IC_AITLIK_Qi"> 
      <targetGroup id="HAL"></targetGroup>
	  <targetGroup id="SORU"></targetGroup>
	  <targetGroup id="AITLIK"></targetGroup>     
    </source>
	<source id="IC_AITLIK_niki"> 
      <targetGroup id="HAL"></targetGroup>
	  <targetGroup id="SORU"></targetGroup>
	  <targetGroup id="AITLIK"></targetGroup>     
    </source>
	
	<source id="SORU_mi"> 
      
    </source>	

    <source id="IC_IYELIK_BEN_(H)m"> 
      <targetGroup id="HAL"></targetGroup>
	  <targetGroup id="SORU"></targetGroup>
	  <targetGroup id="AITLIK"></targetGroup>	  
    </source>
	
	<source id="IC_IYELIK_BIZ_(H)miz">
      <targetGroup id="HAL"></targetGroup>
	  <targetGroup id="SORU"></targetGroup>
	  <targetGroup id="AITLIK"></targetGroup>
    </source>
	
	<source id="IC_IYELIK_SEN_(H)ng">
      <targetGroup id="HAL"></targetGroup>
	  <targetGroup id="SORU"></targetGroup>
	  <targetGroup id="AITLIK"></targetGroup>
    </source>	
	
	<source id="IC_IYELIK_SIZ_(H)ngiz">
      <targetGroup id="HAL"></targetGroup>
	  <targetGroup id="SORU"></targetGroup>
	  <targetGroup id="AITLIK"></targetGroup>
    </source>
	
	<source id="IC_IYELIK_SIZ_(H)nglär">
      <targetGroup id="HAL"></targetGroup>
	  <targetGroup id="SORU"></targetGroup>
	  <targetGroup id="AITLIK"></targetGroup>
    </source>
	
	<source id="IC_IYELIK_SIZ_läring">
      <targetGroup id="HAL"></targetGroup>
	  <targetGroup id="SORU"></targetGroup>
	  <targetGroup id="AITLIK"></targetGroup>
    </source>	
	
	<source id="IC_IYELIK_O_(s)H">
      <targetGroup id="HAL"></targetGroup>
	  <targetGroup id="SORU"></targetGroup>
	  <targetGroup id="AITLIK"></targetGroup>
    </source>	
	
	<source id="IC_IYELIK_ONLAR_läri">
      <targetGroup id="HAL"></targetGroup>
	  <targetGroup id="SORU"></targetGroup>
	  <targetGroup id="AITLIK"></targetGroup>
    </source>
	
	<source id="IC_HAL_BELIRTME_ni">
	  <targetGroup id="SORU"></targetGroup>	

	</source>
	
	<source id="NNI_OBJ_n">
	  <targetGroup id="SORU"></targetGroup>

	  
	</source>
	
	<source id="IC_HAL_YALIN_0">
	  <targetGroup id="SORU"></targetGroup>	
	</source>
	
	<source id="IC_HAL_ILGI_ning">
	  <targetGroup id="SORU"></targetGroup>	
	</source>
	
	<source id="IC_HAL_YONELME_GA">
	  <targetGroup id="SORU"></targetGroup>	
	</source>
	
	<source id="NNI_DAT3_ngä">
	  <targetGroup id="SORU"></targetGroup>	
	</source>
	
	<source id="IC_HAL_BULUNMA_dä">
	  <targetGroup id="AITLIK"></targetGroup>
	  <targetGroup id="SORU"></targetGroup>	
	</source>
	
	<source id="NNI_LOC3_ndä">
	  <targetGroup id="SORU"></targetGroup>	
	</source>
	
	<source id="IC_HAL_AYRILMA_dän">
	  <targetGroup id="SORU"></targetGroup>	
	</source>
	
	<source id="NNI_ABL3_dän">
	  <targetGroup id="SORU"></targetGroup>	
	</source>
	
	<source id="IC_HAL_VASITA_0bilän">
	  <targetGroup id="SORU"></targetGroup>	
	</source>
	
	ŞAHIS EKLERI 1. TIP GRAPHI
	<source id="EKFIIL_SAHIS_BEN_män">
		<targetGroup id="SORU">
		</targetGroup>
	</source>
	<source id="EKFIIL_SAHIS_BIZ_miz">
		<targetGroup id="SORU">
		</targetGroup>	
	</source>
	<source id="EKFIIL_SAHIS_SEN_sän">
		<targetGroup id="SORU">
		</targetGroup>	
	</source>
	<source id="EKFIIL_SAHIS_SIZ_siz">
		<targetGroup id="SORU">
		</targetGroup>	
	</source>
	<source id="EKFIIL_SAHIS_SIZ_sizlär">
		<targetGroup id="SORU">
		</targetGroup>	
	</source>
	<source id="EKFIIL_SAHIS_O_0">
		<targetGroup id="SORU">
		</targetGroup>	
	</source>  
	<source id="EKFIIL_SAHIS_O_di">
		<targetGroup id="SORU">
		</targetGroup>	
	</source>
	<source id="EKFIIL_SAHIS_O_TPROG_(A)yapti">
		<targetGroup id="SORU">
		</targetGroup>	
	</source>
	<source id="EKFIIL_SAHIS_O_di(lär) ">
		<targetGroup id="SORU">
		</targetGroup>	
	</source>
	<source id="EKFIIL_SAHIS_O_(i)ş">
		<targetGroup id="SORU">
		</targetGroup>	
	</source>

	
	
	ŞAHIS EKLERI 2. TIP GRAPHI

	<source id="SAHIS_IYELIK_BEN_m">
		<targetGroup id="SORU">
		</targetGroup>	
	</source>
	<source id="SAHIS_IYELIK_BIZ_k">
		<targetGroup id="SORU">
		</targetGroup>	
	</source>
	<source id="SAHIS_IYELIK_SEN_ng">
		<targetGroup id="SORU">
		</targetGroup>	
	</source>
	<source id="SAHIS_IYELIK_SIZ_ngiz">
		<targetGroup id="SORU">
		</targetGroup>	
	</source>
	<source id="SAHIS_IYELIK_SIZ_ngizlär">
		<targetGroup id="SORU">
		</targetGroup>	
	</source>
	<source id="SAHIS_IYELIK_SIZ_nglär">
		<targetGroup id="SORU">
		</targetGroup>	
	</source>
	<source id="SAHIS_IYELIK_SIZ_läring">
		<targetGroup id="SORU">
		</targetGroup>	
	</source>
	<source id="SAHIS_IYELIK_SIZ_läringiz">
		<targetGroup id="SORU">
		</targetGroup>	
	</source>
	<source id="SAHIS_IYELIK_O_0">
		<targetGroup id="SORU">
		</targetGroup>	
	</source>  
	<source id="EKFIIL_SAHIS_O_(i)ş">
		<targetGroup id="SORU">
		</targetGroup>	
	</source>
	<source id="SAHIS_IYELIK_ONLAR_lär">
		<targetGroup id="SORU">
		</targetGroup>		
	</source>
	  
	<!-- BILDIRME_EKI -->
	<source id="BILDIRME_dir">
		<targetGroup id="SORU">
		</targetGroup>	
	</source>
		<targetGroup id="SORU">
		</targetGroup>	
	
	
	
	
	
	
	
	
	
	


	
   
  </graph>

</morphology>