<?xml version="1.0" encoding="utf-8"?>

<!DOCTYPE orthography SYSTEM "../orthography.dtd">

<orthography lang="Uz-UZ">

  <alphabet>
    <consonants>bdfghjklmnpqrstvzyхshchngg‘DSGĠQKX</consonants>
    <vowels>aeiuoo‘äåUAHJ</vowels>
  </alphabet>

  <srrules>
    <srrule old="aa" new="bb"/>    
  </srrules>

  <!-- operandOne ve operandTwo string tipinde -->

  <rules>

  
  
  
    <rule id="DUSME_UNLU" phase="2">
      <description>Önce gelen ek ünlü ile bitiyorsa bu ekin başındaki ünlüyü düşür</description>
      <transformation morpheme="This" action="DeleteFirstLetter">
        <conditions flag="Or">
          <condition morpheme="Previous" operator="EndsWithVowel" />
        </conditions>
      </transformation>
    </rule>

    <rule id="DUSME_UNSUZ" phase="2">
      <description>Önce gelen ek ünlü ile bitiyorsa bu ekin başındaki Sessiz düşer</description>
      <transformation morpheme="This" action="DeleteFirstLetter">
        <conditions flag="Or">
          <condition morpheme="Previous" operator="EndsWithConsonant" />
        </conditions>
      </transformation>

    </rule>

    <rule id="DONUSUM_D" phase="2">
      <description>Önceki ek sert sessiz ile bitirosa D => t değilse D => d bu özbekçede sadece 
	  CAU_DHr ve CAUS_DAR eki için bir kelimede geçerlidir. kel+DHr=>keltir; aylan+DHr=>aylantir
	  chiqartir, keltir, abadiylaştir, ko‘peytir vb. ???
	  </description>
      <transformation morpheme="This" action="Replace" operandOne="D" operandTwo="t" flag="all">
        <conditions flag="Or">
          <condition morpheme="Previous" operator="LastLetterEquals" operand="lnshy" />
        </conditions>
      </transformation>
      <transformation morpheme="This" action="Replace" operandOne="D" operandTwo="d" flag="all" />
    </rule>
<!-- <DOĞRU ÇALIŞMAYAN AHMET HOCANIN YAZDIĞI DONUSUM_G KURALI -->
    <rule id="DONUSUM_G" phase="2">
      <description>Önceki ekin son harfi g ise G => k, değilse G => g </description>
      <transformation morpheme="This" action="Replace" operandOne="G" operandTwo="k" flag="all">
        <conditions flag="Or">
          <condition morpheme="Previous" operator="LastLetterEquals" operand="g" />
        </conditions>
      </transformation>
      <transformation morpheme="This" action="Replace" operandOne="G" operandTwo="g" flag="all" />
    </rule>

    <rule id="DONUSUM_Q" phase="2">
      <description>Önceki ekin bünyesinde kalın sıralı ses varsa Q => қ değilse Q => к, 
	  </description>
      <transformation morpheme="This" action="Replace" operandOne="Q" operandTwo="q" flag="all">
        <conditions flag="Or">
          <condition morpheme="Previous" operator="LastVowelEquals" operand="oi" />
        </conditions>
      </transformation>
      <transformation morpheme="This" action="Replace" operandOne="Q" operandTwo="k" flag="all" />
    </rule>
<!-- <DOĞRU ÇALIŞMAYAN AHMET HOCANIN IKIZLESME_KK KURALI -->
  <rule id="IKIZLESME_KK" phase="3">
      <description>
        Önceki ekin son sesi g ise önceki ekin sonundaki g => k sonra gelen ekin  başındaki  G => k olarak ikizleşme meydana gelir. 
      </description>
      <transformation morpheme="Previous" action="Replace" operandOne="g" operandTwo="k" flag="last">
        <conditions flag="Or">
          <condition morpheme="Previous" operator="LastLetterEquals" operand="g" />
        </conditions>
      </transformation>
    </rule>


	

   
	<rule id="DONUSUM_A" phase="2">
      <description>Önceki ekin son ünsüzü g‘, q, x harflerinin yanında kalın okunur ama 
	  surface'de A => a dır. değilse sadece okunuşta ince olup lexical A => ä'dir 
	  ama her zaman surface'de A => a dır </description>
      <transformation morpheme="This" action="Replace" operandOne="A" operandTwo="a" flag="all">
        <conditions flag="Or">
          <condition morpheme="Previous" operator="LastVowelEquals" operand="auoo" />
        </conditions>
      </transformation>
      <transformation morpheme="This" action="Replace" operandOne="A" operandTwo="e" flag="all" />
    </rule>
	<rule id="DONUSUM_Å" phase="2">
      <description>Önceki ekin son ünsüzü g‘, q, x harflerinin yanında kalın okunur ama 
	  surface'de A => a dır. değilse sadece okunuşta ince olup lexical A => ä'dir 
	  ama her zaman surface'de A => a dır </description>
      <transformation morpheme="This" action="Replace" operandOne="Å" operandTwo="o" flag="all">
        <conditions flag="Or">
          <condition morpheme="Previous" operator="LastVowelEquals" operand="auooi" />
        </conditions>
      </transformation>
      <transformation morpheme="This" action="Replace" operandOne="Å" operandTwo="a" flag="all" />
    </rule>	

    <rule id="DONUSUM_H" phase="2">
      <description>Önceki ekin son ünsüzü g‘, q, x harflerinin yanında kalın okunur ama 
	  surface'de H => i dir. değilse her zaman surface'de H => i dır  </description>
      <transformation morpheme="This" action="Replace" operandOne="H" operandTwo="i" flag="all">
        <conditions flag="Or">
          <condition morpheme="Previous" operator="LastVowelEquals" operand="og‘qx" />
        </conditions>
      </transformation>
      <transformation morpheme="This" action="Replace" operandOne="H" operandTwo="i" flag="all" />
    </rule>

    <rule id="DONUSUM_U" phase="2">
      <description>Önceki ekin son sesli harfine göre  U => ı, i, u veya ü olur </description>
      <transformation morpheme="This" action="Replace" operandOne="U" operandTwo="ı" flag="all">
        <conditions flag="Or">
          <condition morpheme="Previous" operator="LastVowelEquals" operand="aıâ" />
        </conditions>
      </transformation>
      <transformation morpheme="This" action="Replace" operandOne="U" operandTwo="i" flag="all">
        <conditions flag="Or">
          <condition morpheme="Previous" operator="LastVowelEquals" operand="eiéáî" />
        </conditions>
      </transformation>
      <transformation morpheme="This" action="Replace" operandOne="U" operandTwo="u" flag="all">
        <conditions flag="Or">
          <condition morpheme="Previous" operator="LastVowelEquals" operand="ouû" />
        </conditions>
      </transformation>
      <transformation morpheme="This" action="Replace" operandOne="U" operandTwo="ü" flag="all" />
    </rule>

    <rule id="YUMUSAMA_qg‘" phase="3">
      <description>	Sonraki ek ünlü ile başlıyorsa sondaki q => g'ye yumuşar 	</description>
      <transformation morpheme="This" action="Replace" operandOne="q" operandTwo="g‘" flag="last">
        <conditions flag="Or">
          <condition morpheme="Next" operator="StartsWithVowel" />
        </conditions>
      </transformation>
    </rule>
   
	<rule id="YUMUSAMA_kg" phase="3">
      <description> Sonraki ek ünlü ile başlıyorsa sondaki k => g'ye yumuşar. çelenk => çelengi </description>
      <transformation morpheme="This" action="Replace" operandOne="k" operandTwo="g" flag="last">
        <conditions flag="Or">
          <condition morpheme="Next" operator="StartsWithVowel" />
        </conditions>
      </transformation>
    </rule>

    <rule id="DUSME_SON_UNLU" phase="3">
      <description>
        Gelen ek ünlü ile başlıyorsa son sesli harf düşer.
        ağız =› ağz-a, burun =› burn-um, zehir =› zehr-e
        Ancak ben ağızım ve biz ağızız şeklinde 1. tekil ve çoğul şahıs ekleri geldiğinde bu düşme olmaz.
      </description>
      <transformation morpheme="This" action="DeleteLastVowel">
        <conditions flag="And">
          <condition morpheme="Next" operator="StartsWithVowel" />
          <condition morpheme="Next" operator="MorphemeNotEquals" operand="EKFIIL_SAHIS_BEN_(y)Um" />
          <condition morpheme="Next" operator="MorphemeNotEquals" operand="EKFIIL_SAHIS_BIZ_(y)Uz" />
        </conditions>
      </transformation>
    </rule>
	
    <rule id="ALTTIRE_KALDIR" phase="5">
      <description>
        Alıntı ve kısaltma türündeki kelimelerin okunuşu olan lexical biçimini
      </description>
      <transformation morpheme="This" action="Replace" operandOne="_" operandTwo=" " flag="all" />
    </rule>	

    



<!-- DOĞRU ÇALIŞAN <AHMET ERALP'İN YAZDIĞI TEKLESME_L KURALI	 -->
	<rule id="TEKLESME_L" phase="3">
      <description>
        Sonu çift "ll" ile biten morfemlere "l" ile başlayan morfemler gelince önceki morfemdeki çift "ll"=>"l" olarak tekleşir.
      </description>
      <transformation morpheme="This" action="Replace" operandOne="ll" operandTwo="l" flag="last">
        <conditions flag="Or">
          <condition morpheme="Next" operator="FirstLetterEquals" operand="l" />
        </conditions>
      </transformation>
    </rule>





  </rules>
</orthography>
