"id","lexicalForm","type","Grup","flags","rules","surfaces","Örnekler","yazılacak kuralın açıklaması (description rules)","EKLERİN OFLAZER VARYANTI","diğer açıklamalar"
"IC_COGUL_lär","lar","IC","COCUL","","TEKLESME_L","lar","kitoblar, bolalar, toshlar, tog‘lar, xlorofillar, ","1. sonu çift ""ll"" ile biten morfemlere ""l"" ile başlayan morfemler gelince önceki morfemdeki çift ""ll""=>""l"" olarak tekleşir. Tüm l ile başlayan ekler için geçerlidir. Ve TEKLESME_L kuralı yazılacaktır.","NNI_PLU_lär",""
"IC_IYELIK_BEN_(H)m","im","IC","IYELIK","","DONUSUM_H, DUSME_UNLU","im, m, yim","boshim, bolam, parvoyim, avzoyim, mavqeyim, obro‘yim, mavzuyim","2. İşaret zamirlerinden sonrabu ek gelirse araya ni ses grubu türer. 1. bazı kelimele bu ek gelince ikisinin arasında y sesi türer.  ","NNI_POSS1s_(H)m",""
"IC_IYELIK_BIZ_(H)miz","imiz","IC","IYELIK","","DUSME_UNLU","imiz, miz, yimiz","boshimiz, bolamiz,  ","1. bazı kelimele bu ek gelince ikisinin arasında y sesi türer.","NNI_POSS1p_(H)miz",""
"IC_IYELIK_SEN_(H)ng","ing","IC","IYELIK","","DUSME_UNLU","ing, ng, ying","boshing, bolang, parvoying, avzoying, mavqeying, obro‘ying xudoying, mavzuying","İşaret zamirlerinden sonrabu ek gelirse araya ni ses grubu türer.1. bazı kelimele bu ek gelince ikisinin arasında y sesi türer.","NNI_POSS2s_(H)ng",""
"IC_IYELIK_SIZ_(H)ngiz","ingiz","IC","IYELIK","","DUSME_UNLU","ingiz, ngiz, yingiz","boshingiz, bolangiz","İşaret zamirlerinden sonrabu ek gelirse araya ni ses grubu türer. 1. bazı kelimele bu ek gelince ikisinin arasında y sesi türer.","NNI_POSS2p1_(H)ngiz",""
"IC_IYELIK_SIZ_(H)nglär","inglar","IC","IYELIK","","DUSME_UNLU","inglar, nglar, yinglar","boshinglar, bolanglar","1. bazı kelimele bu ek gelince ikisinin arasında y sesi türer.","NNI_POSS2p2_(H)nglär",""
"IC_IYELIK_SIZ_läring","laring","IC","IYELIK","","","laring, ylaring","boshlaring, bolalaring","1. bazı kelimele bu ek gelince ikisinin arasında y sesi türer.","NNI_POSS2p3_läring",""
"IC_IYELIK_O_(s)H ","si","IC","IYELIK","","DUSME_UNSUZ","si, i, yi","boshi, bolasi, parvoyi, avzoyi, mavqeyi, obro‘yi xudosi, mavzusi, dohiysi","2. İşaret zamirlerinden sonrabu ek gelirse araya ni ses grubu türer.1. bazı kelimele bu ek gelince ikisinin arasında y sesi türer.","NNI_POSS3s_(s)H ",""
"IC_IYELIK_ONLAR_läri","lari","IC","IYELIK","","","lari, ylari","boshlari, bolalari","1. bazı kelimele bu ek gelince ikisinin arasında y sesi türer.","NNI_POSS3p_läri",""
"IC_HAL_BELIRTME_ni","ni","IC","HAL","","","ni","boshni, bolani","","NNI_OBJ_ni",""
"OBJ3_n","n","IC","HAL","","","n","boshin, bolasin","","OBJ3_n",""
"IC_HAL_YALIN_0","0","IC","HAL","","","0","bosh, bola","","NNI_NOM_0",""
"IC_HAL_ILGI_ning","ning","IC","HAL","","","ning","boshning, bolaning","","NNI_GEN_ning",""
"IC_HAL_YONELME_GA","Ga","IC","HAL","","DONUSUM_G","nga, ga, g‘a, ka, qa","boshga, bolaga, boqqa, terakka, buzoqqa, unga","3. sonu g ile biten morfemlere g ile bashayayan morfemler gelince sertleşme ve kk ikizleşmesi oluşur bu duruma ""IKIZLESME_kk"" kuralı yazılsın; 2. sonu  g‘ ile biten morfemlere g ve g‘ ile bashayayan morfemler gelince sertleşme ve qq ikizleşmesi oluşur bu duruma ""IKIZLESME_qq"" kuralı yazılsın;  1. bazı kelimele bu ek gelince ikisinin arasında n sesi türer.","NNI_DAT_GA","g‘a varyantı kalıplaşmış olarak olg‘a ""ileri doğru"" gibi kelimelerde rastlar."
"","","","","","","","","","",""
"IC_HAL_BULUNMA_dä","da","IC","HAL","","","da, nda","boshda, bolada, unda","1. bazı kelimele bu ek gelince ikisinin arasında n sesi türer.","NNI_LOC_dä",""
"","","","","","","","","","",""
"IC_HAL_AYRILMA_dän","dan","IC","HAL","","","dan, ndan","boshdan, boladan, shunda","1. bazı kelimele bu ek gelince ikisinin arasında n sesi türer.","NNI_ABL_dän",""
"","","","","","","","","","",""
"IC_HAL_VASITA_0bilän","_bilan","IC","HAL","","ALTTIRE_KALDIR","_bilan","til bilan, qalam bilan","","NNI_INC_0bilän",""
"IC_AITLIK_gi","gi","IC","AITLIK","","","gi","bahorgi, burungi. kechagi, mendagi","","NNI_REL1_gi",""
"IC_AITLIK_Qi","Qi","IC","AITLIK","","DONUSUM_Q","ki, qi","ichki, tashqi, dastlabki","","NNI_REL2_Qi",""
"IC_AITLIK_niki","niki","IC","AITLIK","","","niki","meniki, uniki, kimniki, kitobniki","","NNI_REL3_niki",""
"IY_ISIM_ä","a","IY_ISIM","IY_ISIM","","","a","erka, beka, yuza","","NND_ä",""
"SY_ISIM_çä","cha","SY_ISIM","SY_ISIM","","","cha","qizilcha, ko‘kcha, olacha","","NJD_çä",""
"IY_ISIM_çä","cha","IY_ISIM","IY_ISIM","","","cha","turkcha, latincha, qopcha, qizcha, kitobcha","","NND_çä",""
"SY_SIFAT_çä","cha","SY_SIFAT","SY_SIFAT","","","cha","qoracha, ko‘kcha, yangicha, olacha","","JJD_çä",""
"IY_ISIM_çi","chi","IY_ISIM","IY_ISIM","","","chi","yolg‘onchi, qiziqchi, sovchi, tankidchi, o‘raqchi","","NND_çi",""
"IY_ISIM_çHQ ","chiQ","IY_ISIM","IY_ISIM","","DONUSUM_Q, YUMUSAMA_qg‘, YUMUSAMA_kg","chik, chiq","irgamchik, qopchik, to‘ychiq, o‘yınchiq, lo‘pchik, kepchik","","NND_çHQ ",""
"SY_ISIM_çHQ ","chiQ","SY_ISIM","SY_ISIM","","DONUSUM_Q, YUMUSAMA_qg‘, YUMUSAMA_kg","chik, chiq","qorachiq","","NJD_çHQ ",""
"IY_ISIM_çAQ","chAQ","IY_ISIM","IY_ISIM","","DONUSUM_Q, DONUSUM_A, YUMUSAMA_qg‘, YUMUSAMA_kg","chak, chaq, choq","kelinchak, qo‘zichoq, irg‘itmachoq, yurtmachoq, kerilmachoq, olchoq, tikmachoq, toychoq, o‘rgimchak, tugunchak, so‘kichak, maymunchak, ko‘mirchak","","NND_çAQ",""
"IY_ISIM_çAN","chaN","IY_ISIM","IY_ISIM","","DONUSUM_N","chang, chan","ishchan, uyatchang","","NND_çAN",""
"IY_ISIM_AQ ","AQ","IY_ISIM","IY_ISIM","","DONUSUM_Q, DONUSUM_A, YUMUSAMA_qg‘, YUMUSAMA_kg","ak, oq","boshoq, ichak, ","","NND_AQ ",""
"IY_SIFAT_çil","chil","IY_SIFAT","IY_SIFAT","","","chil","dardchil, izchil, kamchil, kirchil","","JND_çil",""
"IY_ISIM_dåş","dosh","IY_ISIM","IY_ISIM","","","dosh","tengdosh, yo’ldosh, asrdosh, maslakdosh","","NND_dåş",""
"IY_ZARF_GH ","Gi","IY_ZARF","IY_ZARF","","DONUSUM_G,","gi, ki, g‘i, qi, ","yozgi, kechki, toshqi, ","","АND_GH ",""
"SY_SIFAT_GHnä ","Gina","SY_SIFAT","SY_SIFAT","","DONUSUM_G,","gina, kina, g‘ina, qina, ","sekingina, quruqqina","","JJD_GHnä ",""
"IY_ISIM_GHnä ","Gina","IY_ISIM","IY_ISIM","","DONUSUM_G,","gina, kina, g‘ina, qina, ","bilakkina","","NND_GHnä ",""
"IY_ISIM_låq","loq","IY_ISIM","IY_ISIM","","YUMUSAMA_qg‘, YUMUSAMA_kg","loq","yayloq, qishloq, toshloq, qumloq, o‘tloq, tuzloq","","NND_låq",""
"IY_ISIM_DHq","Diq","IY_ISIM","IY_ISIM","","DONUSUM_D, YUMUSAMA_qg‘, YUMUSAMA_kg","diq, tiq","burundiq, o‘rindiq qo‘ltiq, qoldiq","","NND_DHq",""
"IY_ISIM_Ga","Ga ","IY_ISIM","IY_ISIM","","DONUSUM_G","ga, g‘a, ka, qa","yo‘lka, o‘zga, boshqa, pukka, chikka, ","","NND_Ga",""
"IY_SIFAT_li","li ","IY_SIFAT","IY_SIFAT","","","li","kitapli, dimog‘li, hurmatli, chiroyli","","JND_li",""
"IY_ISIM_lHQ","lHQ","IY_ISIM","IY_ISIM","","DONUSUM_Q, DONUSUM_H, YUMUSAMA_qg‘, YUMUSAMA_kg","lik, liq, luq","nomozlik, tuzluq, botqoqliq, kuyovlik ","","NND_lHQ",""
"IY_SIFAT_lHQ","liQ","IY_SIFAT","IY_SIFAT","","DONUSUM_Q, YUMUSAMA_qg‘, YUMUSAMA_kg","lik, liq","bog‘liq, do’nglik, borliq, yo’qliq,","","JND_lHQ",""
"SY_ISIM_lHQ","liQ","SY_ISIM","SY_ISIM","","DONUSUM_Q, YUMUSAMA_qg‘, YUMUSAMA_kg","lik, liq","ko‘plik, ozliq, yaxshilik","","NJD_lHQ",""
"IY_ISIM_mån","mon ","IY_ISIM","IY_ISIM","","","mon","bilormon, ustomon ","","NND_mån",""
"SY_SIFAT_(H)mtir","imtir ","SY_SIFAT","SY_SIFAT","","DUSME_UNLU","imtir, mtir","oqimtir, qoramtir, sarg‘imtir, qizg‘imtir","","JJD_(H)mtir",""
"SY_SIFAT_råq","roq ","SY_SIFAT","SY_SIFAT","","","roq","yaxshiroq, eskiroq, pastroq","","JJD_råq",""
"IY_SIFAT_simån","simon ","IY_SIFAT","IY_SIFAT","","","simon","oysimon, ignasimon, tuxumsimon","","JND_simån",""
"IY_SIFAT_siz","siz ","IY_SIFAT","IY_SIFAT","","","siz","vafosiz, keraksiz, uyqusiz","","JND_siz",""
"IY_SIFAT_tä","ta ","IY_SIFAT","IY_SIFAT","","","ta","beshta, oltita, to‘qqizta, bitta ","","JND_tä",""
"IY_ISIM_tåy","toy ","IY_ISIM","IY_ISIM","","","toy","shirintoy, kenjatoy, erkatoy ","","NND_tåy",""
"IY_ISIM_dån","don ","IY_ISIM","IY_ISIM","","","don","qalamdon, g’alladon, suvdon, qadrdon","","NND_dån",""
"IY_ISIM_DHrHQ","DHrHQ","IY_ISIM","IY_ISIM","","DONUSUM_D,DONUSUM_Q, DONUSUM_H, YUMUSAMA_qg‘, YUMUSAMA_kg","dirik, diriq, turuq","qiltiriq, bo‘yinturuq, o‘mildiriq ","","NND_DHrHQ",""
"IY_ISIM_(H)n","Hn ","IY_ISIM","IY_ISIM","","DONUSUM_H, DUSME_UNLU","in, un","o‘tin, ustun, ","","NND_(H)n",""
"IY_ISIM_måç","moch ","IY_ISIM","IY_ISIM","","","moch","dilmoch","","NND_måç",""
"IY_ISIM_(H)ldåq","ildoq","IY_ISIM","IY_ISIM","","DUSME_UNLU, YUMUSAMA_qg‘, YUMUSAMA_kg","ildoq, ldoq","shilpildoq, kakildoq, hiqildoq","","NND_(H)ldåq",""
"IY_ISIM_låv","lov ","IY_ISIM","IY_ISIM","","","lov","yoyov, qishlov","","NND_låv",""
"IY_ISIM_zår","zor ","IY_ISIM","IY_ISIM","","","zor","anorzar, ekinzor, uzumzor, gulzor ","","NND_zår",""
"IY_ISIM_(H)stån","iston ","IY_ISIM","IY_ISIM","","DUSME_UNLU","iston, ston","bog’iston, Qozog‘iston, Qirg‘iziston ","","NND_(H)stån",""
"IY_ISIM_xånä","xona ","IY_ISIM","IY_ISIM","","","xona","loyxona, oshxona, muzxona","","NND_xånä",""
"IY_ISIM_gåh","goh ","IY_ISIM","IY_ISIM","","","goh","lashkargoh, janggoh, istinodgoh","","NND_gåh",""
"IY_SIFAT_(v)iy","viy ","IY_SIFAT","IY_SIFAT","","DUSME_UNSUZ","viy, iy","adabiy, partiyaviy, irqiy, irsiy, insoniy","","JND_(v)iy",""
"IY_SIFAT_äki","aki ","IY_SIFAT","IY_SIFAT","","","aki","qalbaki, zo‘raki, dastaki","","JND_äki",""
"IY_ISIM_ik","ik ","IY_ISIM","IY_ISIM","","","ik","biologik, fiziologik, demagogik, geografik","","NND_ik",""
"IY_SIFAT_iv","iv ","IY_SIFAT","IY_SIFAT","","","iv","ob’ektiv, sub’ektiv, konservativ","","JND_iv",""
"IY_SIFAT_al","al ","IY_SIFAT","IY_SIFAT","","","al","genial, kolonial, gorizontal, momental, natsional ","","JND_al",""
"IY_ISIM_ion","ion ","IY_ISIM","IY_ISIM","","","ion","redaksion, kompozitsion, redaksion, revolyutsion","","NND_ion",""
"SY_SIFAT_iş","ish","SY_SIFAT","SY_SIFAT","","","ish","ko’kish, og’ish","","JJD_iş",""
"SY_SIFAT_ġış","g‘ish ","SY_SIFAT","SY_SIFAT","","","g‘ish","sarg‘ish, qizg‘ish","","JJD_ġış",""
"IY_ZARF_läb","lab ","IY_ZARF","IY_ZARF","","","lab","onlab, minglab, yuzlab","","AND_läb",""
"IY_ISIM_älä","ala ","IY_ISIM","IY_ISIM","","DUSME_UNLU","ala","uchala, to’rtala, beşala, ikkala","ikki, yetti gibi sayılara bu sayıların sonlarındaki ünlü düşecek.","NND_älä",""
"IY_ISIM_åv","ov ","IY_ISIM","IY_ISIM","","","ov","yettov, ikkov, uchov","ikki, yetti gibi sayılara bu sayıların sonlarındaki ünlü düşecek.","NND_åv",""
"IY_ISIM_cån","jon","IY_ISIM","IY_ISIM","","","jon","akajon ","","NND_cån",""
"IY_ISIM_xån","xon","IY_ISIM","IY_ISIM","","","xon","duoxon ","","NND_xån",""
"IY_ISIM_åy","oy","IY_ISIM","IY_ISIM","","","oy","Erkinoy","","NND_åy",""
"IY_ISIM_åt","ot","IY_ISIM","IY_ISIM","","","ot","iqtisodiyot","","NND_åt",""
"IY_SIFAT_iy","iy","IY_ISIM","IY_ISIM","","","iy","iqtisodiy","","JND_iy",""
"IY_SIFAT_åniy","oniy","IY_ISIM","IY_ISIM","","","oniy","nuroniy","","JND_åniy",""
"IY_ISIM_dår","dor","IY_ISIM","IY_ISIM","","","dor","dahldor","","NND_dår",""
"IY_ISIM_al","al","IY_ISIM","IY_ISIM","","","al","dialektal","","NND_al",""
"FY_ISIM_(A)Q","AQ","FY_ISIM","FY_ISIM","","DONUSUM_A,DONUSUM_Q, DUSME_UNLU, YUMUSAMA_qg‘, YUMUSAMA_kg","ak, aq, oq","bo‘lak, qo‘noq, qochoq ","","NVD_(A)Q",""
"FY_SIFAT_(A)Q","AQ","FY_SIFAT","FY_SIFAT","","DONUSUM_A,DONUSUM_Q, DUSME_UNLU, YUMUSAMA_qg‘, YUMUSAMA_kg","ak, aq, oq","bo‘lak, boqiroq, qoloq, ","","JVD_(A)Q",""
"FY_ISIM_(H)v","Hv ","FY_ISIM","FY_ISIM","","DUSME_UNLU","ov, uv","sinov, to‘lov, yozuv, so‘rov, o‘quv","","NVD_(H)v",""
"FY_ISIM_(H)nç","Inch","FY_ISIM","FY_ISIM","","DUSME_UNLU","inch, nch","sevinch, qo'rqunch, tiqilinch","","NVD_(H)nç",""
"FY_ISIM_nç","nch","FY_ISIM","FY_ISIM","","DUSME_UNSUZ","nch, ch","o‘kinch, qizg‘onch, tayanch","n sesiyle biten fiillere ch varyantı gelir. ","NVD_nç",""
"FY_SIFAT_çÅQ","chÅQ","FY_SIFAT","FY_SIFAT","","DONUSUM_Å,DONUSUM_Q, YUMUSAMA_qg‘, YUMUSAMA_kg","chak, choq","tortinchoq, urinchoq, erinchak, ilinchoq, yig‘inchoq, maktanchoq, ovunchoq, takinchoq, tiyg‘onchoq, tiqinchoq, toyg‘anchoq, emchak, hayinchak, halinchak, solinchak, ku‘yinchak, kemirchak, belanchak, ","","JVD_çÅQ",""
"FY_ISIM_çHq","chiQ","FY_ISIM","FY_ISIM","","DONUSUM_H,DONUSUM_Q, YUMUSAMA_qg‘, YUMUSAMA_kg","chik, chiq","suyanchiq, sirg‘anchiq, qizg‘onchiq","","NVD_çHq",""
"FY_ISIM_dÅQ","dÅQ","FY_ISIM","FY_ISIM","","DONUSUM_Å,DONUSUM_Q, YUMUSAMA_qg‘, YUMUSAMA_kg","dak, doq","kekirdak, qovurdoq","","NVD_dÅQ",""
"FY_ISIM_dHQ","diQ","FY_ISIM","FY_ISIM","","DONUSUM_Q, YUMUSAMA_qg‘, YUMUSAMA_kg","dik, diq","siydik, tashlIY_ZARFiq, qoldiq, topildiq","","NVD_dHQ",""
"FY_ISIM_GH","GH","FY_ISIM","FY_ISIM","","DONUSUM_G,DONUSUM_H","gi, ki, g‘i, qi,gu, ku, g‘u, qu  ","sezgi, yoqilg‘i, kulgi, sanchqi, tuyg‘u, turtki","","NVD_GH",""
"FY_ISIM_GHç","GHch","FY_ISIM","FY_ISIM","","DONUSUM_G","gich, g‘ich, kich, qich","purkagich, yelpig‘ich ko‘rsatkich, ochqich, eritkich, yirtqich, tutqich, yulg‘ich","","NVD_GHç",""
"FY_ISIM_GHn","GHn","FY_ISIM","FY_ISIM","","DONUSUM_G,DONUSUM_H","gin, g‘in,g‘un kin, qin, gun, qun, kun","sotqin, tur g‘un, tushkun, uchqun, qiz g‘in, to‘sqin, keskin, surgun ","","NVD_GHn",""
"IY_ISIM_qur","qur","IY_ISIM","IY_ISIM","","","qur","yovqur,","","NND_qur",""
"FY_SIFAT_GHr","Gir","FY_SIFAT","FY_SIFAT","","DONUSUM_G,DONUSUM_H","gir, g‘ir, kir, qur, kur, g‘ur, ","sezgir, olg‘ir, o‘tkir, topqir, tinmagur, tushkur, uchqur, ","","JVD_GHr",""
"FY_ISIM_(J)Q","JQ","FY_ISIM","FY_ISIM","","DONUSUM_Q,DONUSUM_J,DUSME_UNLU, YUMUSAMA_qg‘, YUMUSAMA_kg","ik, iq, ak, oq, uq","tilak, kekirik, uzuk, o‘g‘riq, qiliq, yotoq, sovuq, qochiriq, chopiq, qo‘shiq, qiynoq, so‘roq, sanoq, suvoq, to‘lg‘oq, ","","NVD_(J)Q",""
"FY_ISIM_(ĠH)nDH","Gindi","FY_ISIM","FY_ISIM","","DONUSUM_Ġ,DONUSUM_H, DUSME_SESGRUBU","gindi, g‘indi, indi ","kelgindi, yig‘indi, yuvindi, tashIY_ZARFi","","NVD_(ĠH)nDH",""
"FY_ISIM_(J)m","Jm","FY_ISIM","FY_ISIM","","DONUSUM_J,DUSME_UNLU","am, im, um, m","chaynam, siqim, tutam, yutum, kesim, bitim, oqim, tushum, o‘rum ","","NVD_(J)m",""
"FY_ISIM_mä","ma","FY_ISIM","FY_ISIM","","","ma","bo‘lma, birikma, bosma, yo‘llanma, ayirma, ko‘chirma, yozma","","NVD_mä",""
"FY_ISIM_måq","moq","FY_ISIM","FY_ISIM","","","moq","qarmoq, ilmoq, chakmoq, jilmaymoq, dudlamoq, alanglamak","","NVD_måq",""
"FY_ISIM_(H)n","in","FY_ISIM","FY_ISIM","","DONUSUM_H, DUSME_UNLU","in, un","bo‘g‘in, yog‘in, yig‘in, tugun, tutun, ekin, kelin, talon, ","","NVD_(H)n",""
"FY_ISIM_(H)ş","ish","FY_ISIM","FY_ISIM","","DONUSUM_H, DUSME_UNLU","ish, sh","urush, urish, qarg‘ish, burilish, ko‘rinish, o‘xshash, ishlash","","NVD_(H)ş",""
"FY_ISIM_(U)ş","ush","FY_ISIM","FY_ISIM","","DUSME_UNLU","ush","urush","","NVD_(U)ş",""
"FY_ISIM_mHş","mish","FY_ISIM","FY_ISIM","","DONUSUM_H","miş, muş","o‘tmish, kechmish, turmush, yemish","","NVD_mHş",""
"FY_ISIM_ånġHç","ong‘ich","FY_ISIM","FY_ISIM","","","ong‘inch","tepong‘ich, suzong‘ich, qopog‘ich","","NVD_ånġHç",""
"FY_ISIM_åġHç","og‘ich","FY_ISIM","FY_ISIM","","","og‘inch","qopog‘ich","","NVD_åġHç",""
"FY_SIFAT_äġån","ag‘on","FY_SIFAT","FY_SIFAT","","","ag‘on","bilag‘on","","JVD_äġån",""
"FY_SIFAT_äsi","asi","FY_SIFAT","FY_SIFAT","","","asi","o‘lasi, kelasi","","JVD_äsi",""
"FY_SIFAT_(H)Nç","inch","FY_SIFAT","FY_SIFAT","","DONUSUM_H, DUSME_UNLU, DUSME_UNSUZ","inch, nch, ch","qızg’anch, qo'rqınch, ","sonu n ile biten fiillerden sonra ekin ünlüsü de ünsüzü de düşer. ","JVD_(H)Nç",""
"FY_SIFAT_QÅQ","QÅQ","FY_SIFAT","FY_SIFAT","","DONUSUM_Q,DONUSUM_Å, , YUMUSAMA_qg‘","qoq","urishqoq","","JVD_QÅQ",""
"FY_SIFAT_çHQ ","chiQ","FY_SIFAT","FY_SIFAT","","DONUSUM_H,DONUSUM_Q, YUMUSAMA_qg‘, YUMUSAMA_kg","chik, chiq","quvonchiq, qizg‘anchiq, qavarchiq, yupanchiq, tepchik","","JVD_çHQ ",""
"SY_ZARF_çä","cha","SY_ZARF","SY_ZARF","","","ncha, cha","buncha, mardcha, o‘zlaricha, meningcha, o‘zicha, bizningcha","","AJD_çä",""
"SY_ZARF_lärçä","larcha","SY_ZARF","SY_ZARF","","","larcha","mardlarcha, do‘stlarcha, kattalarcha, asrlarcha, bolalarcha","","AJD_lärçä",""
"SY_ZARF_çäsigä","chasiga","SY_ZARF","SY_ZARF","","","chasiga","mardchasiga, harbiychasiga, kahramonchasiga","","AJD_çäsigä",""
"ZY_ZARF_day","day","ZY_ZARF","ZY_ZARF","","","nday, day","bahordagiday, shunday, bunday, cho‘chigIY_ZARFay, ","bazı kelimele bu ek gelince ikisinin arasında n sesi türer.","AAD_day",""
"ZY_ZARF_dAG","dAG","ZY_ZARF","ZY_ZARF","","DONUSUM_G, DONUSUM_A, ","ndak, ndoq, ndek, dak, doq, dek, dog‘, ndog‘","shuningdek, qo‘rg‘oshindek, aylangIY_ZARFek, avvaldagidek, jindak, shundog‘, undoq, shundoq, bundoq,","bazı kelimele bu ek gelince ikisinin arasında n sesi türer.","AAD_dAG",""
"ZY_ZARF_dAQA","daQa","ZY_ZARF","ZY_ZARF","","DONUSUM_Q, ","ndaka, ndaqa, daka, daqa","shundaqa, bundaqa, yolg‘ondaka, kungidaka, ushIY_ZARFaqa, mendaqa","bazı kelimele bu ek gelince ikisinin arasında n sesi türer.","AAD_dAQA",""
"IY_ZARF_ånä","ona","IY_ZARF","IY_ZARF","","","ona","do‘stona, birodorona, okilona, kamtarona, xolisona, ","","AND_ånä",""
"SY_ZARF_(ä/s)igä","asiga","SY_ZARF","SY_ZARF","","","asiga, siga, iga","birdanigä, qatorasiga, rostakamiga, uzunasiga, chinikamiga, shunakasiga","","AJD_(ä/s)igä",""
"SY_ZARF_Gäçä","ngacha","SY_ZARF","SY_ZARF","","","ngacha, gacha","yakingacha, xozirgacha, bungacha, tushgacha, haligacha","","AJD_Gäçä",""
"SY_ZARF_simån","simon ","SY_ZARF","SY_ZARF","","","simon","xafosimon, arazsimon,","","AJD_simån",""
"DONUSLU_(H)n","in","FC","CATI","","DUSME_UNLU","in, n","qaran, taran","","X_(H)n",""
"EDILGEN_(H)l","il","FC","CATI","","DUSME_UNLU","il, l","bezal, qoyil, yig‘il, ko‘mil, yoril, osil, suyil, eshitil, kutil, beril, qoshil, ozgartil, ko‘ril, aytil, yozil","","PASSL_(H)l",""
"EDILGEN_(H)n","in","FC","CATI","","DUSME_UNLU","in, n","ishlan, boshlan, tashlan","","PASSN_(H)n",""
"ISTES_(H)ş","ish","FC","CATI","","DUSME_UNLU","ish, sh","yondash, qarash, boqish, kulish, korishish, uchrash, tartish, qilish, marash, yaqinlash, yubarish, yozish","","RECP_(H)ş",""
"ETTIRGEN_(J)r","Jr","FC","CATI","","DUSME_UNLU, DONUSUM_J","ar, ir, r","chiqar, qaytar, qo‘par, oshir, botir, ichir, qochir, qotir, kechir, ko‘chir, o‘chir, pishir, sishir, toshir, uchir, yitir, yoshir, ","","CAUSR_(J)r",""
"ETTIRGEN_Där","Dar","FC","CATI","","DONUSUM_D","dar, tar","ag‘dar, antar, to‘ntar","","CAUSDAR_Där",""
"ETTIRGEN_DHr","Dir","FC","CATI","","DONUSUM_D","dir, tir ","bildir, sindir, aylantir, o‘ldir, chiqartir, keltir, abadiylaştir, o‘tkazdir, emizdir, uzdir, ko‘peytir, aylantir. ","","CAUSDIR_DHr",""
"ETTIRGEN_GHz","Giz","FC","CATI","","DONUSUM_G","giz, g‘iz, kiz, qiz","yetkiz, ketkiz, kirgiz, kiygiz, mingiz, o‘tkiz, tekkiz, tolg‘iz, toyg‘iz, turg‘ız, tutqiz, yotqiz","","CAUSG‘IZ_GHz",""
"ETTIRGEN_GAz","Gaz","FC","CATI","","DONUSUM_G","gaz, kaz, g‘az, qaz ","ko‘rgaz, yutkqaz, o‘tkaz,","","CAUSG‘AZ_GAz",""
"ETTIRGEN_GJr","GJr","FC","CATI","","DONUSUM_G, DONUSUM_J","gir, g‘ir, kir, qir, gar, kar, g‘ar, qar","ozg‘ir, ot‘kar","","CAUSQAR_GJr",""
"ETTIRGEN_sät","sat","FC","CATI","","","sat","ko‘rsat","","CAUSSAT_sät",""
"ETTIRGEN_t","t","FC","CATI","","","t","qurit, taraqlat, erit, to‘xtat, yarimlat, uzat, oxshat, tirilt, oqart, qorayt, berkit, bekit","","CAUST_t",""
"ETTIRGEN_Hz","iz","FC","CATI","","","iz, z","oqiz, boqiz, emiz, tomiz, tegiz","","CAUSIZ _Hz",""
"OLUMSUZLUK_mä","ma","FC","OLUMSUZLUK","","","ma","kelma, borma, ketma","","NEG_ma",""
"FC_ZAMAN_GENIS_(J)r","Jr","FC","FIIL_ZAMAN","","DONUSUM_H, DUSME_UNLU","ar,r, ur, ","ketar, kelar, yoqar, tegar, qararman","tarihi metinlerle edebi metinlerde bazen -ur varyantına da rastlanmaktadır. ","TAORSA_(H)r",""
"FC_ZAMAN_SIMDIKI_(A)yäp","Ayap","FC","FIIL_ZAMAN","","DUSME_UNLU","ayapti, yapti","ketyapti, kelyapti, yoqyapti, tegyapti, tilayapti, o‘qiyapmiz","","TPROGAYAP_(A)yäp",""
"FC_ZAMAN_SIMDIKI_(A)yåtib","Ayotib","FC","FIIL_ZAMAN","","DUSME_UNLU","ayotib, yotib","ketayotibdi, kelayotibdi, yoqayotibdi, tegayotibdi","","TPROGAYATIB_(A)yåtib",""
"FC_ZAMAN_SIMDIKI_(A)yåtir","Ayotir","FC","FIIL_ZAMAN","","DUSME_UNLU","ayotir, yotir","ketayotir, kelayotir, yoqayotir, tegayotir","","TPROGAYATIR_(A)yåtir",""
"FC_ZAMAN_SIMDIKI_måqdä ","moqda ","FC","FIIL_ZAMAN","","","moqda","ketmoqda, kelmoqda, yoqmoqda, tegmoqda","","TPROGMOQDA_måqdä ",""
"FC_ZAMAN_SIMDIKI_(H)b_0turib","ib_0turib","FC","FIIL_ZAMAN","","DUSME_UNLU, ALTTIRE_KALDIR","ib_turib, b_turib","ketib turibdi, kelib turibdi, yoqib turibdi, tegib turibdi","","PROGIB1_(H)b_0turib",""
"FC_ZAMAN_SIMDIKI_(H)b_0yåtib","ib_0yotib","FC","FIIL_ZAMAN","","DUSME_UNLU, ALTTIRE_KALDIR","ib_yotib, b_yotib","ketib yotibdi, kelib yotibdi, yoqib yotibdi, tegib yotibdi","","PROGIB2 _(H)b_0yåtib",""
"FC_ZAMAN_SIMDIKI_(H)b_0otirib","ib_0o‘tirib","FC","FIIL_ZAMAN","","DUSME_UNLU, ALTTIRE_KALDIR","ib_o‘tirib, b_o‘tirib","ketib o‘tiribdi, kelib o‘tiribdi, yoqib o‘tiribdi, tegib o‘tiribdi ","","PROGIB3 _(H)b_0otirib",""
"FC_ZAMAN_SIMDIKI_(H)b_0yürib","ib_yurib","FC","FIIL_ZAMAN","","DUSME_UNLU,ALTTIRE_KALDIR","ib_yurib, b_yurib","borib yuribdi, olib yuribdi, toqıb yuribdi, kelib yuribdi","","PROGIB4_(H)b_0yürib",""
"FC_ZAMAN_GECMIS_di","di","FC","FIIL_ZAMAN","","","di","ketdi, keldi, yoqdi, tegdi","","TPASTD_di",""
"FC_ZAMAN_GECMIS_GAn","Gan","FC","FIIL_ZAMAN","","DONUSUM_G","gan, qan, kan","ketgan, kelgan, yoqqan, tekkan, qolgan","","TPASTG_GAn",""
"FC_ZAMAN_GECMIS_miş","mish","FC","FIIL_ZAMAN","","","mish","qo‘ymişsen, chetlanmishlar","","XPASTM_miş",""
"FC_ZAMAN_GECMIS_(H)b","ib","FC","FIIL_ZAMAN","","DUSME_UNLU","ib, b","ketibdi, kelibdi, yoqibdi, tegibdi, o‘qibman, ","","TPASTNARR_(H)b",""
"FC_ZAMAN_SIMDIKI_GELECEK_(A)y","Ay","FC","FIIL_ZAMAN","","DUSME_UNLU","ay, y","ketadi, keladi, yoqadi, tegadi, tilaydi","","TFUTRAY_(A)y",""
"FC_ZAMAN_GELECEK_(y)äcäk","yajak","FC","FIIL_ZAMAN","","DUSME_UNSUZ","ajak, yajak","ketajak, kelajak, yoqajak, tegajak, tilayajak","","TFUTRAJAK_(y)äcäk",""
"OLUMSUZLUK_0emäs","_0emas","FC","OLUMSUZLUK","","ALTTIRE_KALDIR","_emas","ketgan emas, kelgan emas, yoqqan emas, tekkan emas","","XNEGE_0emäs",""
"OLUMSUZLUK_0yoq","_0yoq","FC","OLUMSUZLUK","","ALTTIRE_KALDIR","_yoq","ketganim yo‘q, kelganing yo‘q, yoqqani yo‘q, tekkanleri yo‘q","","XNEGY_ 0yoq",""
"FC_FIIL_KIP_SART_sä","sa","FC","FIIL_KIP","","","sa","ketsa, kelsa, yoqsa, tegsa, tilasa","","XCOND_sä",""
"FC_FIIL_KIP_ISTEK_måqçi","moqchi","FC","FIIL_KIP","","","mokchi","ketmoqchi, kelmoqchi, yoqmoqchi, tegmoqchi, tilamoqchi","","TOPTAMÇ_måqçi",""
"FC_FIIL_KIP_ISTEK_GAy","Gay","FC","FIIL_KIP","","DONUSUM_G","gay, g‘ay, kay, qay","topqay, chiqqay, bo’lg‘ay","","TOPTAGY_GАy",""
"FC_FIIL_KIP_ISTEK_GI_si_bar","Gisi_bar","FC","FIIL_KIP","","DONUSUM_G, ALTTIRE_KALDIR","g‘isi_bor, gisi_bor, kisi_bor, qisi_bor","ichkisi bor, chiqqisi bor, yoqqisi bor","","TOPTAGI_GI_si_bar",""
"FC_FIIL_KIP_ISTEK_GI_si_yoq","Gisi_yoq","FC","FIIL_KIP","","DONUSUM_G, ALTTIRE_KALDIR","g‘isi_yoq, gisi_yoq, kisi_yoq, qisi_yoq","ichkisi yo‘q, chiqqisi yo‘q, yoqqisi yo‘q","","TOPTAGI_GI_si_yoq",""
"FC_FIIL_KIP_ISTEK_GI_si_kel","Gisi_kel","FC","FIIL_KIP","","DONUSUM_G, ALTTIRE_KALDIR","g‘isi_kel, gisi_kel, kisi_kel, qisi_kel","ichkisi keladi, chiqqisi keladi, yoqqisi keladi","","TOPTAGI1_GI_si_kel",""
"FC_FIIL_GEREKLILIK_(I)ş_i_keräk","Ishi_kerak","FC","FIIL_KIP","","ALTTIRE_KALDIR","ishi_kerak, shi_kerak","ketishi kerak, tegishi kerak, tilashi kerak","","TNECEŞ_(I)ş_i_keräk",""
"FC_FIIL_GEREKLILIK_(I)ş_i_låzım","Ishi_lozım","FC","FIIL_KIP","","ALTTIRE_KALDIR","ishi_lozim, shi_lozim","yoqishi lozim, ","","TNECEŞ_(I)ş_i_låzım",""
"FC_FIIL_GEREKLILIK_(I)ş_i_zärür","Ishi_zarur","FC","FIIL_KIP","","ALTTIRE_KALDIR","ishi_zarur, shi_zarur"," kelishi zarur","","TNECEŞ_(I)ş_i_zärür",""
"FC_FIIL_GEREKLILIK_måq_keräk","maq_kerak","FC","FIIL_KIP","","ALTTIRE_KALDIR","maq_kerak","ketmoq kerak, tegmoq kerak, tilamoq kerak","","TNECEMQ_måq_keräk",""
"FC_FIIL_GEREKLILIK_måq_låzım","maq_lozim","FC","FIIL_KIP","","ALTTIRE_KALDIR","maq_lozim","yoqmoq lozim","","TNECEMQ_måq_låzım",""
"FC_FIIL_GEREKLILIK_måq_zärur","maq_zarur","FC","FIIL_KIP","","ALTTIRE_KALDIR","maq_zarür","kelmoq zarur","","TNECEMQ_måq_zärür",""
"FC_FIIL_GEREKLILIK_(u)v_keräk","uv_kerak ","FC","FIIL_KIP","","ALTTIRE_KALDIR","uv_kerak, v_kerak","ketuv kerak, keluv kerak, yoquv kerak, teguv kerak, tilоv kerak","","TNECEV_(u)v_keräk ",""
"FC_FIIL_GEREKLILIK_(u)v_låzim","uv_lozim ","FC","FIIL_KIP","","ALTTIRE_KALDIR","uv_lozim, v_lozim","teguv lozim, tilоv lozim","","TNECEV_(u)v_låzim ",""
"FC_FIIL_GEREKLILIK_(u)v_zärur","uv_zarur ","FC","FIIL_KIP","","ALTTIRE_KALDIR","uv_zarur, v_zarur","teguv zarur, tilоv zarur","","TNECEV_(u)v_zärur ",""
"EKFIIL_HIKAYE_edi","_edi","FC","HIKAYE","","ALTTIRE_KALDIR","_edi","ketishim kerak edi, kelmog‘i zarur edi, yoqqaning yoq edi, tegsak kerak edi, tilashlari lozim emas edi","","XDUBTE1_edi",""
"EKFIIL_RIVAYET_ekan","_ekan ","FC","RIVAYET","","ALTTIRE_KALDIR","_edi","ketishim kerak ekan, kelmog‘i zarur ekan, yoqqaning yoq ekan, tegsak kerak ekan, tilashlari lozim emas ekan, bosdim ekan","","XPASTEK1_ekän",""
"EKFIIL_RIVAYET_emiş","_emish","FC","RIVAYET","","ALTTIRE_KALDIR","_emish","ketishim kerak emish, kelmog‘i zarur emish, yoqqaning yoq emish, tegsak kerak emish, tilashlari lozim emas emish","","XPASTEM3_emiş",""
"FC_FIIL_SART_bolsä","_bo‘lsa","FC","FIIL_KIP","","ALTTIRE_KALDIR","_bo‘lsa","ketishim kerak bo‘lsa, kelmog‘i zarur bo‘lsa, yoqqaning yoq bo‘lsa, tilashlari kerak bo‘lsa ","","XPASTEM4_emiş",""
"FC_YF_YETERLILIK_(A)y_ål","ay_ol","FC","TASFIR_FIIL","","DUSME_UNLU, DUSME_UNSUZ, ALTIRE_KALDIR","a_ol, y_ol","ola oldim, ko‘ra olgan edim, topa olasanmi, oqiy olmayman","","XCONDB1_bolsä",""
"FC_YF_YETERSIZLIK_(A)y_ålmä","ay_olma","FC","TASFIR_FIIL","","DUSME_UNLU, DUSME_UNSUZ, ALTIRE_KALDIR","ay_olma, y_olma","ololmadim, ko‘ra olmagan, topa olmaysanmi, oqiy olmayman","","TAYAL_(A)y_0ål",""
"FC_YF_YETERLILIK_(A)y_bil","ay_bil","FC","TASFIR_FIIL","","DUSME_UNLU, DUSME_UNSUZ, ALTIRE_KALDIR","ay_bil, y_bil","boshqara bilish, qila bilish","","TAYALMA_(A)y_0ålmä",""
"FC_YF_TEZLIK_(H)b_yubår","ib_yubor","FC","TASFIR_FIIL","","DUSME_UNLU, ALTIRE_KALDIR","ib_yubor, b_yubor","aytib yubor, kulib yubor, qoyib yubor, deb yubor","","TAYBİL_(A)y_0bil",""
"FC_YF_TEZLIK_(H)b_täşlä","ib_taşla","FC","TASFIR_FIIL","","DUSME_UNLU, ALTIRE_KALDIR","ib_tashla, b_tashla","аytib tashla, olib tashla, yiqib tashla","","BYUBOR_(H)b_0yubår",""
"FC_YF_DEVAMLILIK_äver","aver","FC","TASFIR_FIIL","","","aver","aytaver, olaver, yiqaver, kulaver, boraver,","","TTASHLA_(H)b_0täşlä",""
"FC_YF_SUREKLILIK_(H)b_o‘tir","ib_o‘tir","FC","TASFIR_FIIL","","DUSME_UNLU, ALTIRE_KALDIR","ib_o‘tir, b_o‘tir","aytib o‘tir, kulib o‘tir, qoyib o‘tir, deb o‘tir","","TAVER_äver",""
"FC_YF_SUREKLILIK_(H)b_tur","ib_tur","FC","TASFIR_FIIL","","DUSME_UNLU, ALTIRE_KALDIR","ib_tur, b_tur","аytib tur, kulib dur, qoyib dur, borib tur","","TIBOTUR_(H)b_0o‘tir",""
"FC_YF_YAKLASMA_Аyåz","ayoz","FC","TASFIR_FIIL","","","ayoz","aytayoz, yiqilayoz, kulayoz, ketayoz, tushayoz","","TIBTUR_(H)b_0tur",""
"FC_YF_TEZLIK_A_qål","a_qol","FC","TASFIR_FIIL","","ALTIRE_KALDIR","a_qol","","","AYOZ_Аyåz",""
"FC_YF_TEZLIK_aqål","aqol","FC","TASFIR_FIIL","","","aqol","aytakol, kelaqol, olaqol, tushaqol","","AQAL_А_0qål",""
"EKFIIL_RIVAYET_miş","mish","FC","RIVAYET","","","mish","chekarmish, chiqarmish, bo‘lganmish, o‘ylanganmish, kelganmish","","AQAL_aqål",""
"EKFIIL_SAHIS_män","man","FC","SAHIS1.tip","","","man","ketgan ekanman, kelgan ekanman, yoqqan ekanman, tekkan ekanman, tilagan ekanman","","XDUBT_miş",""
"IYELIK_SAHIS_BEN_m","m","FC","SAHIS2.tip","","","m","ketgan edim, kelgan edim, yoqqan edim, tekkan edim, tilagan edim","","PERS1s1_män",""
"EKFIIL_SAHIS_BIZ_miz","miz","FC","SAHIS1.tip","","","miz","ketganmiz, kelganmiz, yoqqanmiz, tekkanmiz","","PERS1s2_m",""
"SAHIS_IYELIK_BIZ_k","k","FC","SAHIS2.tip","","","k","ketdik, keldik, yoqdik, tegdik","","PERS1p1_miz",""
"EKFIIL_SAHIS_SEN_sän","san","FC","SAHIS2.tip","","","san","ketyapman, kelyapman, yoqyapman, tegyapman","","PERS1p2_k",""
"SAHIS_IYELIK_SEN_ng","ng","FC","SAHIS1.tip","","","ng","ketsang, kelsang, yoqsang, tegsang, tilasang","","PERS2s1_sän",""
"EKFIIL_SAHIS_SIZ_siz","siz","FC","SAHIS1.tip","","","siz","ketamiz, kelamiz, yoqamiz, tegamiz, tilaymiz","","PERS2s2_ng",""
"EKFIIL_SAHIS_SIZ_sizlär","sizlar","FC","SAHIS1.tip","","","sizlar","borib yuribsizlar, olib yuribsizlar, toqıb yuribsizlar, kelib yuribsizlar","","PERS2p1_siz",""
"SAHIS_IYELIK_SIZ_ngiz","ngiz","FC","SAHIS2.tip","","","ngiz","ketdingiz, keldingiz, yoqdingiz, tegdingiz","","PERS2p1_sizlär",""
"SAHIS_IYELIK_SIZ_ngizlär","ngizlar","FC","SAHIS2.tip","","","ngizlar","ketdingizlar, keldingizlar, yoqdingizlar, tegdingizlar","","PERS2p2_ngiz",""
"SAHIS_IYELIK_SIZ_nglär","nglar","FC","SAHIS2.tip","","","nglar","ketdinglar, keldinglar, yoqdinglar, tegdinglar","","PERS2p2_ngizlär",""
"SAHIS_IYELIK_SIZ_läring","laring","FC","SAHIS2.tip","","","laring","ketdilaring, keldilaring, yoqdilaring, tegdilaring","","PERS2p2_nglar",""
"SAHIS_IYELIK_SIZ_läringiz","laringiz","FC","SAHIS2.tip","","","laringiz","ketdilaringiz, keldilaringiz, yoqdilaringiz, tegdilaringiz","","PERS2p2_laring",""
"BILDIRME","dir","FC","BILDIRME_EKI","","","dir","ketgandir, kelgandir, yoqgandir, tekgandir","","PERS2p2_laringiz",""
"SAHIS_IYELIK_O_0  ","0  ","FC","SAHIS2.tip","","","","ketgan, kelgan, yoqqan, tekkan","","VVI_dir",""
"EKFIIL_SAHIS_O_di","di","FC","SAHIS1.tip","","","di","borib yuribdi, olib yuribdi, toqıb yuribdi, kelib yuribdi","","PERS3s1and2_0  ",""
"EKFIIL_SAHIS_O_TPROG_(A)yapti","ayapti","FC","SAHIS1.tip","","DUSME_UNLU","ayapti, yapti","ketyapti, kelyapti, yoqyapti, tegyapti, tilayapti","","PERS3s1_di",""
"EKFIIL_SAHIS_O_di(lär) ","dilar ","FC","SAHIS1.tip","","","dilar, di","ketmabdilar, kelmabdilar, yoqmabdilar, tegmabdilar","","PERS3s1_TPROG_(A)yapti",""
"EKFIIL_SAHIS_O_(i)ş","ish","FC","SAHIS1.,2.tip","","DUSME_UNLU","ish, sh","yoqishgan, yoqishibdi, yoqishiyapti, yoqishdi, tilashdi","","PERS3p1 _di(lär) ",""
"SAHIS_IYELIK_ONLAR_lär","lar","FC","SAHIS1.,2.tip","","","lar","ketyaptilar, keladilar, yoqqanlar, tekkanlari yok, tilabdilar","","PERS3p1and2_(i)ş",""
"EMIR_BEN_(a)y","ay","FC","EMIR","","DUSME_UNLU","ay, y","ketay, kelay, yoqay, tegay, tilay","","PERS3p_lär",""
"EMIR_BEN_(a)yin","ayin","FC","EMIR","","DUSME_UNLU","ayin","ketayin, kelayin, yoqayin, tegayin, tilayin","","IMPAY1s1_(a)y",""
"EMIR_BIZ_(A)ylik","aylik","FC","EMIR","","DUSME_UNLU","aylik","ketaylik, kelaylik, yoqaylik, tegaylik, tilaylik","","IMPAYN1s2_(a)yin",""
"EMIR_SEN_0","0","FC","EMIR","","","","ket, kel, yoq, teg, tila","","IMPAYLK1p_(A)ylik",""
"EMIR_SEN_GHn","Gin","FC","EMIR","","DONUSUM_G","gin, g‘in, qin, kin","ketgin, kelgin, yoqqin, tekkin, tilagin","","IMP02s1_0",""
"EMIR_SIZ_(i)ng","ing","FC","EMIR","","DUSME_UNLU","ing, ng ","keting, keling, yoqing, teging, tilang","","IMPGN2s1_GHn",""
"EMIR_SIZ_(i)ngiz","ingiz","FC","EMIR","","DUSME_UNLU","ingiz, ngiz","ketingiz, kelingiz, yoqingiz, tegingiz, tilangiz","","IMPNG2p1_(i)ng",""
"EMIR_O_sin","sin","FC","EMIR","","","sin","ketsin, kelsin, yoqsin, tegsin, tilasin","","IMPNGZ2p1_(i)ngiz",""
"EMIR_ONLAR_sinlär","sinlar","FC","EMIR","","","sinlar","ketsinlar, kelsinlar, yoqsinlar, tegsinlar, tilasinlar","","IMPSN3s_sin",""
"IY_FIIL_ä","a","IY_FIIL","IY_FIIL","","","a","osha, qona, o‘ta, ata, tuna, oyna, sana, o‘rna, yasha","","IMPSN3p_sinlär",""
"IY_FIIL_(A)r","ar","IY_FIIL","IY_FIIL","","DUSME_UNLU","ar,r","o‘zgar, ko‘kar, qisqar, eskir","","VND_ä",""
"IY_FIIL_(A)y","ay","IY_FIIL","IY_FIIL","","DUSME_UNLU","ay, y","ko‘pay, bukray, ozay, tila ","","VND_(A)r",""
"IY_FIIL_dä","da","IY_FIIL","IY_FIIL","","","da","yonda, izda, alda, hayda","","VND_(A)y",""
"IY_FIIL_GA","Ga","IY_FIIL","IY_FIIL","","DONUSUM_G","ga, g‘a, ka, qa","chulg‘a, iska, loyqa","","VND_dä",""
"IY_FIIL_GAr","GAr","IY_FIIL","IY_FIIL","","DONUSUM_G","gar, g‘ar, kar, qar","sug‘or, boshqar, eskar","","VND_GA",""
"IY_FIIL_ĠH","Ġi","IY_FIIL","IY_FIIL","","DONUSUM_Ġ","gi, ki, g‘i, qi, ","bijg‘i, selgi","","VND_GAr",""
"IY_FIIL_i","i","IY_FIIL","IY_FIIL","","","i","og‘ri, boyi, chalpi, gaji, kami, to‘zi, tinchi","","VND_ĠH",""
"IY_FIIL_(H)Q","iQ","IY_FIIL","IY_FIIL","","DONUSUM_Q,DONUSUM_H, YUMUSAMA_qg‘, YUMUSAMA_kg","ik, iq, ik, iq","birik, jimiq, chiniq, elik, kechik, namik, yo‘liq, zoriq, zo‘riq","","VND_i",""
"IY_FIIL_QHr","Qir","IY_FIIL","IY_FIIL","","DONUSUM_Q","gir, kir, g‘ir, qir","aykir/haykir, chinkir, chushkir, ishqir/ pishqir, kechkir, qiyqir","","VND_(H)Q",""
"IY_FIIL_QHrA","QirA","IY_FIIL","IY_FIIL","","DONUSUM_Q","gira, kira, g‘ira, qira","gurkira, xirqira, sharqira, shirqira","","VND_QHr",""
"IY_FIIL_lä","la ","IY_FIIL","IY_FIIL","","","la","olqishla, arrala, boshla, chambarla, qollab qoltiqla, nikalla, arzanla, camla, taqirla, qarala","","VND_QHrA",""
"IY_FIIL_län","lan","IY_FIIL","IY_FIIL","","","lan","botirlan, jonsizlan, jonlan, norozilan, kayflan, qayg‘ulan, qurollan, shuphalan, uylan","","VND_lä",""
"IY_FIIL_läş","lash","IY_FIIL","IY_FIIL","","","lash","omonlash, birlash, gaplash, xayrlash, ko‘maklash, mashinalash, yuzlash","","VND_län",""
"IY_FIIL_lät","lat","IY_FIIL","IY_FIIL","","","lat","ag‘irlat, alangalat, xalilat, kuchsizlat, yolqinlat, tinclat","","VND_läş",""
"IY_FIIL_(H)r","Ur","IY_FIIL","IY_FIIL","","DONUSUM_H, DUSME_UNLU","ir, r, ur","aqsir, baqir, bo ‘kir, cakir, qiyqir, tupur, ufur","","VND_lät",""
"IY_FIIL_rä","ra","IY_FIIL","IY_FIIL","","","ra","chiyra, guvra, hangra, ingra, qaqra, mara, sayra, ","","VND_(H)r",""
"IY_FIIL_sä","sa","IY_FIIL","IY_FIIL","","","sa","buruqsa, qomsa/ qumsa, suvsa, vaysa.","","VND_rä",""
"IY_FIIL_si","si","IY_FIIL","IY_FIIL","","","si","alaxsi, biliqsi/ biqsi, g‘imirsi/ g‘ivirsi, xamsi, ivirsi, o‘ksi","","VND_sä",""
"IY_FIIL_sin","sin","IY_FIIL","IY_FIIL","","","sin","ajabsin, og‘irsin, ozsin, dardsin, arzonsin, xavfsin, xayfsin, qızıqsın, yotsin, yuraksin.","","VND_si",""
"IY_FIIL_sit","sit","IY_FIIL","IY_FIIL","","","sit","aybsit, tengsit, kamsit","","VND_sin",""
"IY_FIIL_sirä","sira","IY_FIIL","IY_FIIL","","","sira","alahsira, anqavsira, oshsira, ersira, holsira, xavfsira, issiqsira, qonsira, suvsira, sizsira, talmovsira, yotsira","","VND_sit",""
"IY_FIIL_şä","sha","IY_FIIL","IY_FIIL","","","sha","qaqsha, qursha, quruqsha, ting‘sha","","VND_sirä",""
"IY_FIIL_şi","shi","IY_FIIL","IY_FIIL","","","shi","gingshi, shipshi","","VND_şä",""
"IY_FIIL_(J)t","Jt","IY_FIIL","IY_FIIL","","DUSME_UNLU, DONUSUM_J","ot, it, at, t","og‘rit, yo‘qot, berkit, bekit, so‘vqot, uyg‘ot, ","isimden fiil","VND_şi",""
"FY_FIIL_ä","a","FY_FIIL","FY_FIIL","","","a","bura, qura, o‘kra, o‘lcha, taqa, tuta","","VND_(J)t",""
"FY_FIIL_GA","Ga","FY_FIIL","FY_FIIL","","DONUSUM_G","ga, ka, g‘a, qa","chayqa, qo‘zg‘a, surka/ suyka, do‘ngga","fiilden fiil","VVD_ä",""
"FY_FIIL_i","i","FY_FIIL","FY_FIIL","","","i","qalqi, qazi, qizi, qo‘zi, pishi, pishi, singi, shimi, tini, ","","VVD_GA",""
"FY_FIIL_(J)Q","JQ","FY_FIIL","FY_FIIL","","DUSME_UNLU, DONUSUM_J, DONUSUM_Q, YUMUSAMA_qg‘, YUMUSAMA_kg","oq, ik, iq","oshiq, iliq, qoniq, ko‘nik, kuyik, pishik, siniq, so‘liq, toliq, tutaq, tutiliq, uzoq, uzik, yutoq","","VVD_i",""
"FY_FIIL_lä","la","FY_FIIL","FY_FIIL","","","la","to‘ngla, oshala, bo‘ljala, bo‘rala, bukla, bulg‘ala, chimchila, g‘imirsila, qantarla, quvla, niqtala, savala, timisqala, yulqila","","VVD_(J)Q",""
"FY_FIIL_mä","ma","FY_FIIL","FY_FIIL","","","ma","berma, kutilma, qilma, suyilma, kelinma, bo‘lma, milliylashtirma, yema, suvsirama, kuymalanma","","VVD_lä",""
"FY_FIIL_(H)msirä","imsira","FY_FIIL","FY_FIIL","","DUSME_UNLU, DUSME_UNSUZ","msira, msira","qo‘rqimsira, kulimsira, yıg‘lamsira","","VVD_mä",""
"FY_FIIL_(H)nkira","inkira","FY_FIIL","FY_FIIL","","DUSME_UNLU, DUSME_UNSUZ","inkira, nkira","ochinqira, bosinqira, ishaninqira/ ishanqira, qizarinqira, qo‘rqinqira, o‘chinqira, tutilinqira, yotinqira, yuminqira","","VVD_(H)msirä",""
"FY_FIIL_Gila","Gila","FY_FIIL","FY_FIIL","","DONUSUM_G","gila, g‘ila, kila, qila","tortqila, yulqila, chopqila, turtqila, opichqila, ezg‘ila, kutkila, timirskila, timiskila, titkila, ejikila, yugurgila, ","","VVD_(H)nkira",""
"FY_SIFAT_GAn","Gan","FY_SIFAT","FY_SIFAT","","DONUSUM_G","gan, qan, kan","yozmagan, tekkan, chiqqan","","VVD_Gila",""
"FY_SIFAT_(H)Q","HQ","FY_SIFAT","FY_SIFAT","","DONUSUM_H, DUSME_UNLU, DONUSUM_Q, YUMUSAMA_qg‘, YUMUSAMA_kg","ik,iq,uk,uq, k, q ","ochiq, yopiq, o‘lik, tirik, yetik, yotiq, yig‘iq, achchiq, chuchuk, yumuq,  uzuq, buzuq, quruq, yaltiroq, tarqoq, porloq, chanqoq shaldiroq, shildiroq, titroq, ","","JVD_GAn",""
"FY_SIFAT_(J)r","Jr","FY_SIFAT","FY_SIFAT","","DONUSUM_J, DUSME_UNLU","ar,r, ur, ","uchar, ochilur","","JVD_(H)Q",""
"FY_SIFAT_mäs","mas","FY_SIFAT","FY_SIFAT","","","mas","o‘lmas, o‘chmas","","JVD_(J)r",""
"FY_SIFAT_GUsi","Gusi","FY_SIFAT","FY_SIFAT","","DONUSUM_G","gusi, g‘usi","bo‘lg‘usi, kelgusi","","JVD_mäs",""
"FY_SIFAT_(a/y)digän","adigan","FY_SIFAT","FY_SIFAT","","DUSME_UNSUZ,DUSME_UNLU, DUSME_SESGRUBU","adigan, ydigan, digan","qatnaydigan, biladigan","","JVD_GUsi",""
"FY_SIFAT_miş","mish","FY_SIFAT","FY_SIFAT","","","mish","o‘tmish, ","","JVD_(a/y)digän",""
"FY_ISIM_(y)äcäk","yajag","FY_SIFAT","FY_SIFAT","","DUSME_UNSUZ, YUMUSAMA_kg","yajak, ajak, yajag, ajag","kelajak","","JVD_miş",""
"FY_SIFAT_(y)äcäk","yajag","FY_SIFAT","FY_SIFAT","","DUSME_UNSUZ, YUMUSAMA_kg","yajak, ajak, yajag, ajag","ishlayajak, kelajak","","NVD_(y)äcäk",""
"FIILIMSI_(A)Y","ay","FIILIMSI","FIILIMSI","","DUSME_UNLU, DUSME_UNSUZ","ay, y, a","eriy, kela, qarayqaray","","JVD_(y)äcäk",""
"FIILIMSI_(H)b","ib","FIILIMSI","FIILIMSI","","DUSME_UNLU","ib, b","qarab, olib, tilab,","","AVD_(A)Y",""
"FIILIMSI_(H)bån","ibon","FIILIMSI","FIILIMSI","","DUSME_UNLU","ibon, on, bon","qarabon, olibon, tilabon, qaytibon","","AVD_(H)b",""
"FIILIMSI_mäy","may","FIILIMSI","FIILIMSI","","","may","kelmay, ketmay, topmay","","AVD_(H)bån",""
"FIILIMSI_mäyin","mayin","FIILIMSI","FIILIMSI","","","mayin","kelmayin, ketmayin, topmayin","","AVD_mäy",""
"FIILIMSI_GAç","Gach","FIILIMSI","FIILIMSI","","DONUSUM_G","gach, qach, kach","to‘kkach, yoqqach, aytgach, tekkach, tilagach","","AVD_mäyin",""
"FIILIMSI_GUnçä","GUncha","FIILIMSI","FIILIMSI","","DONUSUM_G","kuncha, guncha, quncha","to‘kkuncha, yoqquncha, aytguncha, tekkuncha, tilamaguncha","","AVD_GAç",""
"FIILIMSI_GAni","Gani","FIILIMSI","FIILIMSI","","DONUSUM_G","gani, qani, kani","to‘kkani, yoqqani, aytgani, tekkani, tilagani","","AVD_GUnçä",""
"FIILIMSI_GAli","Gali","FIILIMSI","FIILIMSI","","DONUSUM_G","gali, qali, kali","to‘kkali, yoqqali, aytgali, tekkali, tilagali","","AVD_GAni",""
"SORU_mi","mi","SORU","SORU","","","mi","keldi mi, ketdi mi, oldi mi","","AVD_GAli",""
"ISIM_FIIL_måq","moq","ISIM_FIIL","ISIM_FIIL","","YUMUSAMA_qg‘","moq","kelmoq","","QUE_mi",""
"ISIM_FIIL_måqlik","moqlik","ISIM_FIIL","ISIM_FIIL","","YUMUSAMA_kg","moqlik","bormoqlik","","INF_måq",""
"ISIM_FIIL_måslik","moslik","ISIM_FIIL","ISIM_FIIL","","YUMUSAMA_kg","moslik","kelmoslik","","INF_måqlik",""
"ISIM_FIIL_(H)v","uv","ISIM_FIIL","ISIM_FIIL","","DUSME_UNLU","uv, v","keluv, boruv, biluv, qarov","","INF_måslik",""
"ISIM_FIIL_(H)ş ","ish","ISIM_FIIL","ISIM_FIIL","","DUSME_UNLU","ish, sh","kelish, olish, ","","INF_(H)v",""
"","","","","","","","","","ING_(H)ş ",""
"IY_SIFAT_ser","ser","IY_SIFAT ","IY_SIFAT ","","","ser","sergap, serhosil, serxarxasha, serjahl, serzarda, serunum, serkepak, sertashvish","","",""
"IY_SIFAT_bA","ba","IY_SIFAT","IY_SIFAT","","","ba, bo","badavlat, basavlat, baquvvat, bag‘ayrat, boadab ","","JND_ser",""
"IY_SIFAT_nå","no","IY_SIFAT ","IY_SIFAT ","","","no","noto‘g‘ri, noloyiq, nomuvafiq, notinch, noma’lum, noqulay, norozi, nohaq","","JND_bA",""
"IY_SIFAT_be","be","IY_SIFAT ","IY_SIFAT ","","","be","beg‘ubor, bexabar, besabr, betoqat, befoyda, bemaza, betashvish, beg‘alva, bepul ","","JND_nå",""
"IY_SIFAT_be","be","IY_SIFAT ","IY_SIFAT ","","","be","beg‘ubor, bexabar, besabr, betoqat, befoyda, bemaza, betashvish, beg‘alva, bepul ","","JND_be",""
"","","","","","","","","","",""
"","","","","","","","","","",""
"","","","","","","","","","",""
"","","","","","","","","","",""
"","","","","","","","","","",""
"","","","","","","","","","",""
"","","","","","","","","","",""
"","","","","","","","","","",""
"","","","","","","","","","",""
"","","","","","","","","","",""
"","","","","","","","","","",""
"","","","","","","","","","",""
"","","","","","","","","","",""
"","","","","","","","","","",""
"","","","","","","","","","",""
"","","","","","","","","","",""
"","","","","","","","","","",""
"","","","","","","","","","",""
"","","","","","","","","","",""
"","","","","","","","","","",""
"","","","","","","","","","",""
"","","","","","","","","","",""
"","","","","","","","","","",""
"","","","","","","","","","",""
"","","","","","","","","","",""
"","","","","","","","","","",""
"","","","","","","","","","",""
"","","","","","","","","","",""
"","","","","","","","","","",""
"","","","","","","","","","",""
"","","","","","","","","","",""
"","","","","","","","","","",""
"","","","","","","","","","",""
"","","","","","","","","","",""
"","","","","","","","","","",""
"","","","","","","","","","",""
"","","","","","","","","","",""
"","","","","","","","","","",""
"","","","","","","","","","",""
"","","","","","","","","","",""
"","","","","","","","","","",""
"","","","","","","","","","",""
"","","","","","","","","","",""
"","","","","","","","","","",""
"","","","","","","","","","",""
"","","","","","","","","","",""
"","","","","","","","","","",""
"","","","","","","","","","",""
"","","","","","","","","","",""
"","","","","","","","","","",""
"","","","","","","","","","",""
"","","","","","","","","","",""
"","","","","","","","","","",""
"","","","","","","","","","",""
"","","","","","","","","","",""
"","","","","","","","","","",""
"","","","","","","","","","",""
"","","","","","","","","","",""
"","","","","","","","","","",""
"","","","","","","","","","",""
"","","","","","","","","","",""
"","","","","","","","","","",""
"","","","","","","","","","",""
"","","","","","","","","","",""
"","","","","","","","","","",""
"","","","","","","","","","",""
"","","","","","","","","","",""
"","","","","","","","","","",""
"","","","","","","","","","",""
"","","","","","","","","","",""
"","","","","","","","","","",""
"","","","","","","","","","",""
"","","","","","","","","","",""
"","","","","","","","","","",""
"","","","","","","","","","",""
"","","","","","","","","","",""
"","","","","","","","","","",""
"","","","","","","","","","",""
"","","","","","","","","","",""
"","","","","","","","","","",""
"","","","","","","","","","",""
"","","","","","","","","","",""
"","","","","","","","","","",""
"","","","","","","","","","",""
"","","","","","","","","","",""
"","","","","","","","","","",""
"","","","","","","","","","",""
"","","","","","","","","","",""
"","","","","","","","","","",""
"","","","","","","","","","",""
"","","","","","","","","","",""
"","","","","","","","","","",""
"","","","","","","","","","",""
"","","","","","","","","","",""
"","","","","","","","","","",""
"","","","","","","","","","",""
"","","","","","","","","","",""
"","","","","","","","","","",""
"","","","","","","","","","",""
"","","","","","","","","","",""
"","","","","","","","","","",""
"","","","","","","","","","",""
"","","","","","","","","","",""
"","","","","","","","","","",""
"","","","","","","","","","",""
"","","","","","","","","","",""
"","","","","","","","","","",""
"","","","","","","","","","",""
"","","","","","","","","","",""
"","","","","","","","","","",""
"","","","","","","","","","",""
"","","","","","","","","","",""
"","","","","","","","","","",""
"","","","","","","","","","",""
"","","","","","","","","","",""
"","","","","","","","","","",""
"","","","","","","","","","",""
"","","","","","","","","","",""
"","","","","","","","","","",""
"","","","","","","","","","",""
"","","","","","","","","","",""
"","","","","","","","","","",""
"","","","","","","","","","",""
"","","","","","","","","","",""
"","","","","","","","","","",""
"","","","","","","","","","",""
"","","","","","","","","","",""
"","","","","","","","","","",""
"","","","","","","","","","",""
"","","","","","","","","","",""
"","","","","","","","","","",""
"","","","","","","","","","",""
"","","","","","","","","","",""
"","","","","","","","","","",""
"","","","","","","","","","",""
"","","","","","","","","","",""
"","","","","","","","","","",""
"","","","","","","","","","",""
"","","","","","","","","","",""
"","","","","","","","","","",""
"","","","","","","","","","",""
"","","","","","","","","","",""
"","","","","","","","","","",""
"","","","","","","","","","",""
"","","","","","","","","","",""
"","","","","","","","","","",""
"","","","","","","","","","",""
"","","","","","","","","","",""
"","","","","","","","","","",""
"","","","","","","","","","",""
"","","","","","","","","","",""
"","","","","","","","","","",""
"","","","","","","","","","",""
"","","","","","","","","","",""
"","","","","","","","","","",""
"","","","","","","","","","",""
"","","","","","","","","","",""
"","","","","","","","","","",""
"","","","","","","","","","",""
"","","","","","","","","","",""
"","","","","","","","","","",""
"","","","","","","","","","",""
"","","","","","","","","","",""
"","","","","","","","","","",""
"","","","","","","","","","",""
"","","","","","","","","","",""
"","","","","","","","","","",""
"","","","","","","","","","",""
"","","","","","","","","","",""
"","","","","","","","","","",""
"","","","","","","","","","",""
"","","","","","","","","","",""
"","","","","","","","","","",""
"","","","","","","","","","",""
"","","","","","","","","","",""
"","","","","","","","","","",""
"","","","","","","","","","",""
"","","","","","","","","","",""
"","","","","","","","","","",""
"","","","","","","","","","",""
"","","","","","","","","","",""
"","","","","","","","","","",""
"","","","","","","","","","",""
"","","","","","","","","","",""
"","","","","","","","","","",""
"","","","","","","","","","",""
"","","","","","","","","","",""
"","","","","","","","","","",""
"","","","","","","","","","",""
"","","","","","","","","","",""
"","","","","","","","","","",""
"","","","","","","","","","",""
"","","","","","","","","","",""
"","","","","","","","","","",""
"","","","","","","","","","",""
"","","","","","","","","","",""
"","","","","","","","","","",""
"","","","","","","","","","",""
"","","","","","","","","","",""
"","","","","","","","","","",""
"","","","","","","","","","",""
"","","","","","","","","","",""
"","","","","","","","","","",""
"","","","","","","","","","",""
"","","","","","","","","","",""
"","","","","","","","","","",""
"","","","","","","","","","",""
"","","","","","","","","","",""
"","","","","","","","","","",""
"","","","","","","","","","",""
"","","","","","","","","","",""
"","","","","","","","","","",""
"","","","","","","","","","",""
"","","","","","","","","","",""
"","","","","","","","","","",""
"","","","","","","","","","",""
"","","","","","","","","","",""
"","","","","","","","","","",""
"","","","","","","","","","",""
"","","","","","","","","","",""
"","","","","","","","","","",""
"","","","","","","","","","",""
"","","","","","","","","","",""
"","","","","","","","","","",""
"","","","","","","","","","",""
"","","","","","","","","","",""
"","","","","","","","","","",""
"","","","","","","","","","",""
"","","","","","","","","","",""
"","","","","","","","","","",""
"","","","","","","","","","",""
"","","","","","","","","","",""
"","","","","","","","","","",""
"","","","","","","","","","",""
"","","","","","","","","","",""
"","","","","","","","","","",""
"","","","","","","","","","",""
"","","","","","","","","","",""
"","","","","","","","","","",""
"","","","","","","","","","",""
"","","","","","","","","","",""
"","","","","","","","","","",""
"","","","","","","","","","",""
"","","","","","","","","","",""
"","","","","","","","","","",""
"","","","","","","","","","",""
"","","","","","","","","","",""
"","","","","","","","","","",""
"","","","","","","","","","",""
"","","","","","","","","","",""
"","","","","","","","","","",""
"","","","","","","","","","",""
