<?xml version="1.0" encoding="utf-8"?>

<morphology lang="Uz-UZ">

  <suffixGroups>
    <suffixGroup name="IYELIK">
      <suffix>IC_IYELIK_BEN_Hm</suffix>
	  <suffix>IC_IYELIK_BIZ_Hmiz</suffix>
	  <suffix>IC_IYELIK_SEN_Hng</suffix>
	  <suffix>IC_IYELIK_SIZ_Hngiz</suffix>
	  <suffix>IC_IYELIK_SIZ_Hnglär</suffix>
	  <suffix>IC_IYELIK_SIZ_läring</suffix>
	  <suffix>IC_IYELIK_O_(s)H</suffix>
	  <suffix>IC_IYELIK_ONLAR_läri</suffix>
     </suffixGroup>
	 
	<suffixGroup name="HAL">
	  <suffix>IC_HAL_BELIRTME_ni</suffix>
	  <!-- <suffix>NNI_OBJ_n</suffix> -->
	  <suffix>IC_HAL_YALIN_0</suffix>
	  <suffix>IC_HAL_ILGI_ning</suffix>
	  <suffix>IC_HAL_YONELME_Ga</suffix>
	  <suffix>IC_HAL_BULUNMA_dä</suffix>
	  <suffix>IC_HAL_AYRILMA_dän</suffix>
	  <suffix>IC_HAL_VASITA_bilän</suffix>
	</suffixGroup>
	
	<suffixGroup name="SORU">
      <suffix>SORU_mi</suffix>
	  <suffix>SORU_çi</suffix>

	</suffixGroup>	
	
	<suffixGroup name="AITLIK">
      <suffix>IC_AITLIK_gi</suffix>
	  <suffix>IC_AITLIK_Qi</suffix>
	  <suffix>IC_AITLIK_niki</suffix>
	</suffixGroup>	
	
	<!-- İSİMDEN İSİM YAPAN EK -->	
	<suffixGroup name="IY_ISIM">
            <suffix>IY_ISIM_ä</suffix>
            <suffix>IY_ISIM_çä</suffix>
            <suffix>IY_ISIM_çi</suffix>
            <suffix>IY_ISIM_çHQ</suffix>
            <suffix>IY_ISIM_çAQ</suffix>
            <suffix>IY_ISIM_çan</suffix>
            <suffix>IY_ISIM_çang</suffix>
            <suffix>IY_ISIM_AQ</suffix> 
            <suffix>IY_ISIM_dåş</suffix>
            <suffix>IY_ISIM_GHnä</suffix> 
            <suffix>IY_ISIM_låq</suffix>
            <suffix>IY_ISIM_DHq</suffix>
            <suffix>IY_ISIM_Ga</suffix>
            <suffix>IY_ISIM_lHQ</suffix>
			<suffix>IY_DENEME_EK_lik</suffix>
            <suffix>IY_ISIM_mån</suffix>
            <suffix>IY_ISIM_tåy</suffix>
            <suffix>IY_ISIM_dån</suffix>
            <suffix>IY_ISIM_DHrHQ</suffix>
            <suffix>IY_ISIM_Hn</suffix>
            <suffix>IY_ISIM_måç</suffix>
            <suffix>IY_ISIM_Hldåq</suffix>
            <suffix>IY_ISIM_låv</suffix>
            <suffix>IY_ISIM_zår</suffix>
            <suffix>IY_ISIM_Hstån</suffix>
            <suffix>IY_ISIM_xånä</suffix>
            <suffix>IY_ISIM_gåh</suffix>
            <suffix>IY_ISIM_ik</suffix>
            <suffix>IY_ISIM_iyon</suffix>
            <suffix>IY_ISIM_älä</suffix>
            <suffix>IY_ISIM_åv</suffix>
            <suffix>IY_ISIM_cån</suffix>
            <suffix>IY_ISIM_xån</suffix>
            <suffix>IY_ISIM_åy</suffix>
            <suffix>IY_ISIM_åt</suffix>
            <suffix>IY_ISIM_iy</suffix>
            <suffix>IY_ISIM_åniy</suffix>
            <suffix>IY_ISIM_dår</suffix>
            <suffix>IY_ISIM_al</suffix>
			<suffix>IY_ISIM_çilik</suffix>
			<suffix>IY_ISIM_qur</suffix>
	</suffixGroup>
	<!-- İSİMDEN FİİL YAPAN EK -->		

	<suffixGroup name="IY_FIIL">
  <suffix>IY_FIIL_ä</suffix>
  <suffix>IY_FIIL_Ar</suffix>
  <suffix>IY_FIIL_Ay</suffix>
  <suffix>IY_FIIL_dä</suffix>
  <suffix>IY_FIIL_GA</suffix>
  <suffix>IY_FIIL_GAr</suffix>
  <suffix>IY_FIIL_ĠH</suffix>
  <suffix>IY_FIIL_i</suffix>
  <suffix>IY_FIIL_HQ</suffix>
  <suffix>IY_FIIL_QHr</suffix>
  <suffix>IY_FIIL_QHrA</suffix>
  <suffix>IY_FIIL_lä</suffix>
  <suffix>IY_FIIL_län</suffix>
  <suffix>IY_FIIL_läş</suffix>
  <suffix>IY_FIIL_lät</suffix>
  <suffix>IY_FIIL_Hr</suffix>
  <suffix>IY_FIIL_rä</suffix>
  <suffix>IY_FIIL_sä</suffix>
  <suffix>IY_FIIL_si</suffix>
  <suffix>IY_FIIL_sin</suffix>
  <suffix>IY_FIIL_sit</suffix>
  <suffix>IY_FIIL_sirä</suffix>
  <suffix>IY_FIIL_şä</suffix>
  <suffix>IY_FIIL_şi</suffix>
  <suffix>IY_FIIL_At</suffix>
  <suffix>IY_FIIL_ik</suffix>  
	</suffixGroup>
	
	
	<!-- SIFATTAN İSİM YAPAN EK -->	
	<suffixGroup name="SY_ISIM">
      <suffix>SY_ISIM_çä</suffix>
      <suffix>SY_ISIM_çHQ</suffix>
      <suffix>SY_ISIM_lHQ</suffix>
	</suffixGroup>
<!-- İSİMDEN SIFAT YAPAN EK -->	
	<suffixGroup name="IY_SIFAT">
      <suffix>IY_SIFAT_çil</suffix>
      <suffix>IY_SIFAT_li</suffix>
      <suffix>IY_SIFAT_lHQ</suffix>
      <suffix>IY_SIFAT_simån</suffix>
      <suffix>IY_SIFAT_siz</suffix>
      <suffix>IY_SIFAT_tä</suffix>
      <suffix>IY_SIFAT_(v)iy</suffix>
      <suffix>IY_SIFAT_äki</suffix>
      <suffix>IY_SIFAT_iv</suffix>
      <suffix>IY_SIFAT_al</suffix>
      <suffix>IY_SIFAT_ser</suffix>
      <suffix>IY_SIFAT_bA</suffix>
      <suffix>IY_SIFAT_nå</suffix>
      <suffix>IY_SIFAT_be</suffix>
	  
	</suffixGroup>	
<!-- SIFATTAN SIFAT YAPAN EK -->		
	<suffixGroup name="SY_SIFAT">
      <suffix>SY_SIFAT_çä</suffix>
      <suffix>SY_SIFAT_GHnä</suffix> 
      <suffix>SY_SIFAT_Hmtir</suffix>
      <suffix>SY_SIFAT_råq</suffix>
      <suffix>SY_SIFAT_iş</suffix>
      <suffix>SY_SIFAT_ġış</suffix>
	  <suffix>SY_SIFAT_Inçi</suffix>
	</suffixGroup>
<!-- ZARF YAPAN EKLER -->	
	<suffixGroup name="IY_ZARF">
      <suffix>IY_ZARG_GH</suffix>
      <suffix>IY_ZARF_läb</suffix>
      <suffix>IY_ZARF_ånä</suffix>	
	  <suffix>IY_ZARF_läy</suffix>
	</suffixGroup>
	<suffixGroup name="SY_ZARF">
      <suffix>SY_ZARF_çä</suffix>
      <suffix>SY_ZARF_lärçä</suffix>
      <suffix>SY_ZARF_çäsigä</suffix>
      <suffix>SY_ZARF_(ä/s)igä</suffix>
	  <suffix>SY_ZARF_kan</suffix>
	  <suffix>EKFIIL_ekan</suffix>
      <suffix>SY_ZARF_Gäçä</suffix>
      <suffix>SY_ZARF_simån</suffix>
	</suffixGroup>
	<suffixGroup name="ZY_ZARF">
      <suffix>ZY_ZARF_day</suffix>
      <suffix>ZY_ZARF_dAG</suffix>
      <suffix>ZY_ZARF_dAQA</suffix>	
	</suffixGroup>
	<!-- FİİLLERDEN ISIM YAPAN EKLER -->
	<suffixGroup name="FY_ISIM">
      <suffix>FY_ISIM_AQ</suffix>
      <suffix>FY_ISIM_Hv</suffix>
      <suffix>FY_ISIM_Hnç</suffix>
      <suffix>FY_ISIM_nç</suffix>
      <suffix>FY_ISIM_çHq</suffix>
      <suffix>FY_ISIM_dAQ</suffix>
      <suffix>FY_ISIM_dHQ</suffix>
      <suffix>FY_ISIM_GH</suffix>
      <suffix>FY_ISIM_GHç</suffix>
      <suffix>FY_ISIM_GHn</suffix>
      <suffix>FY_ISIM_IQ</suffix>
      <suffix>FY_ISIM_ĠHnDH</suffix>
      <suffix>FY_ISIM_Im</suffix>
      <suffix>FY_ISIM_am</suffix>	  
      <suffix>FY_ISIM_mä</suffix>
      <suffix>FY_ISIM_måq</suffix>
      <suffix>FY_ISIM_Hn</suffix>
      <suffix>FY_ISIM_Hş</suffix>
      <suffix>FY_ISIM_Uş</suffix>
      <suffix>FY_ISIM_mHr</suffix>
      <suffix>FY_ISIM_mHş</suffix>
      <suffix>FY_ISIM_ånġHç</suffix>
      <suffix>FY_ISIM_åġHç</suffix>		  
	  <suffix>FY_ISIM_mak</suffix> 
	</suffixGroup>
	<!-- FİİLLERDEN SIFAT YAPAN EKLER -->
	<suffixGroup name="FY_SIFAT">	
      <suffix>FY_SIFAT_AQ</suffix>
      <suffix>FY_SIFAT_çAQ</suffix>
      <suffix>FY_SIFAT_GHr</suffix>
      <suffix>FY_SIFAT_äġån</suffix>
      <suffix>FY_SIFAT_äsi</suffix>
      <suffix>FY_SIFAT_HNç</suffix>
      <suffix>FY_SIFAT_QAQ</suffix>
      <suffix>FY_SIFAT_çHQ</suffix>
      <suffix>FY_SIFAT_GAn</suffix>
	  <suffix>FY_SIFAT_HQ</suffix>	  
      <suffix>FY_SIFAT_Ar</suffix>
      <suffix>FY_SIFAT_mäs</suffix>
      <suffix>FY_SIFAT_GUsi</suffix>
      <suffix>FY_SIFAT_aydigän</suffix>
      <suffix>FY_SIFAT_miş</suffix>
      <suffix>FY_SIFAT_yäcäk</suffix>
	</suffixGroup>
<!-- <>FİİLDEN FİİL YAPAN EKLER	 -->
	<suffixGroup name="FY_FIIL">
	  <suffix>FY_FIIL_ä</suffix>
	  <suffix>FY_FIIL_GA</suffix>
	  <suffix>FY_FIIL_i</suffix>
	  <suffix>FY_FIIL_IQ</suffix>
	  <suffix>FY_FIIL_UQ</suffix>		  
	  <suffix>FY_FIIL_lä</suffix>
	  <suffix>FY_FIIL_mä</suffix>
	  <suffix>FY_FIIL_Hmsirä</suffix>
	  <suffix>FY_FIIL_HnQira</suffix>
	  <suffix>FY_FIIL_Ġila</suffix>	  
  	</suffixGroup>	

	<!-- ÇATI EKLERİ -->
	<suffixGroup name="CATI">	
      <suffix>DONUSLU_Hn</suffix>
      <suffix>EDILGEN_Hl</suffix>
      <suffix>EDILGEN_Hn</suffix>
      <suffix>ISTES_Hş</suffix>
      <suffix>ETTIRGEN_Er</suffix>
      <suffix>ETTIRGEN_Där</suffix>
      <suffix>ETTIRGEN_DHr</suffix>
      <suffix>ETTIRGEN_GIz</suffix>
      <suffix>ETTIRGEN_Gaz</suffix>
      <suffix>ETTIRGEN_GEr</suffix>
      <suffix>ETTIRGEN_sät</suffix>
      <suffix>ETTIRGEN_t</suffix>
      <suffix>ETTIRGEN_Hz</suffix>
	  <suffix>ETTIRGEN_GECICI_dir</suffix>
	</suffixGroup>

	<!-- SAHIS1.TİP -->
	<suffixGroup name="SAHIS1tip">
      <suffix>EKFIIL_SAHIS_BEN_män</suffix>
      <suffix>EKFIIL_SAHIS_BIZ_miz</suffix>
      <suffix>EKFIIL_SAHIS_SEN_sän</suffix>
      <suffix>EKFIIL_SAHIS_SIZ_siz</suffix>
      <suffix>EKFIIL_SAHIS_SIZ_sizlär</suffix>
      <suffix>EKFIIL_SAHIS_SIZ_läring</suffix>
      <suffix>EKFIIL_SAHIS_O_</suffix>  
      <suffix>EKFIIL_SAHIS_O_Di</suffix>
      <suffix>EKFIIL_SAHIS_O_Ayapti</suffix>
      <suffix>EKFIIL_SAHIS_O_di(lär)</suffix>
	  <suffix></suffix>
	  
	</suffixGroup>
	
	<suffixGroup name="SAHIS3tip">
	  <suffix>EKFIIL_SAHIS_O_iş</suffix>
	  <suffix>SAHIS_IYELIK_ONLAR_lär</suffix>
	</suffixGroup>

	
	<!-- SAHIS2.TİP -->
	<suffixGroup name="SAHIS2tip">
      <suffix>SAHIS_IYELIK_BEN_m</suffix>
      <suffix>SAHIS_IYELIK_BIZ_k</suffix>
      <suffix>SAHIS_IYELIK_SEN_ng</suffix>
      <suffix>SAHIS_IYELIK_SIZ_ngiz</suffix>
      <suffix>SAHIS_IYELIK_SIZ_ngizlär</suffix>
      <suffix>SAHIS_IYELIK_SIZ_nglär</suffix>
      <suffix>SAHIS_IYELIK_SIZ_läring</suffix>
      <suffix>SAHIS_IYELIK_SIZ_läringiz</suffix>
      <suffix>SAHIS_IYELIK_O_</suffix>  
	  <suffix></suffix>
	  
	</suffixGroup>
	
	<!-- BILDIRME_EKI -->
	<suffixGroup name="BILDIRME_dir">
      <suffix>BILDIRME_dir</suffix>
	</suffixGroup>	
	
	<!-- OLUMSUZLUK -->
	<suffixGroup name="OLUMSUZLUK">
      <suffix>OLUMSUZLUK_mä</suffix>
      <suffix>OLUMSUZLUK_yoq</suffix>
      <suffix>OLUMSUZLUK_emäs</suffix>
      <suffix>OLUMSUZLUK_mäs</suffix>	  
	  
	</suffixGroup>	
	
	<!-- EMIR KIPININ EKLERI -->
	<suffixGroup name="EMIR">
      <suffix>EMIR_BEN_ay</suffix>
      <suffix>EMIR_BEN_ayin</suffix>
      <suffix>EMIR_BIZ_Aylik</suffix>
      <suffix>EMIR_SEN_</suffix>
      <suffix>EMIR_SEN_GHn</suffix>
	  <suffix>EMIR_SIZ_ing</suffix>
	  <suffix>EMIR_SIZ_ingiz</suffix>
	  <suffix>EMIR_O_sin</suffix>
	  <suffix>EMIR_ONLAR_sinlär</suffix>
	</suffixGroup>

	<!-- BILDIRME KIPLERI (ZAMAN ÇEKİMLERİ) -->	
	<suffixGroup name="FIIL_ZAMAN">	
      <suffix>FC_ZAMAN_GENIS_Ur</suffix>
	  <suffix>FC_ZAMAN_GENIS_mäs</suffix>
	  <suffix>FC_ZAMAN_SIMDIKI_yäp</suffix>
      <suffix>FC_ZAMAN_SIMDIKI_Ayåtib</suffix>
      <suffix>FC_ZAMAN_SIMDIKI_Ayåtir</suffix>
      <suffix>FC_ZAMAN_SIMDIKI_måqdä</suffix>
      <suffix>FC_ZAMAN_SIMDIKI_Hb_turib</suffix>
	  <suffix>FC_ZAMAN_SIMDIKI_Hb_yåtib</suffix>
	  <suffix>FC_ZAMAN_SIMDIKI_Hb_otirib</suffix>
	  <suffix>FC_ZAMAN_SIMDIKI_Hb_yürib</suffix>
	  <suffix>FC_ZAMAN_GECMIS_di</suffix>
	  <suffix>FC_ZAMAN_GECMIS_GAn</suffix>
	  <suffix>FC_ZAMAN_GECMIS_miş</suffix>
	  <suffix>FC_ZAMAN_GECMIS_Hb</suffix>
	  <suffix>FC_ZAMAN_SIMDIKI_GELECEK_Ay</suffix>
	  <suffix>FC_ZAMAN_GELECEK_yäcäk</suffix>
	  <suffix>FC_ZAMAN_SIMDIKI_ayåt</suffix>
	  
	</suffixGroup>
	<!-- TASARLAMA KIPLERI  -->	
	<suffixGroup name="FIIL_KIP">
      <suffix>FC_FIIL_KIP_SART_sä</suffix>
      <suffix>FC_FIIL_KIP_ISTEK_måqçi</suffix>
      <suffix>FC_FIIL_KIP_ISTEK_GAy</suffix>
      <suffix>FC_FIIL_KIP_ISTEK_GI_si_bar</suffix>
	  <suffix>FC_FIIL_KIP_ISTEK_GI_si_yoq</suffix>
	  <suffix>FC_FIIL_KIP_ISTEK_GI_si_kel</suffix>
	  <suffix>FC_FIIL_GEREKLILIK_Iş_i_keräk</suffix>
	  <suffix>FC_FIIL_GEREKLILIK_Iş_i_låzım</suffix>
	  <suffix>FC_FIIL_GEREKLILIK_Iş_i_zärür</suffix>
	  <suffix>FC_FIIL_GEREKLILIK_måq_keräk</suffix>
	  <suffix>FC_FIIL_GEREKLILIK_måq_låzım</suffix>
	  <suffix>FC_FIIL_GEREKLILIK_måq_zärur</suffix>	  
	  <suffix>FC_FIIL_GEREKLILIK_uv_keräk</suffix>
	  <suffix>FC_FIIL_GEREKLILIK_uv_låzim</suffix>
	  <suffix>FC_FIIL_GEREKLILIK_uv_zärur</suffix>
	  <suffix>FC_FIIL_GEREKLILIK_keräk</suffix>
 
	</suffixGroup>	
	<!-- HIKAYE ÇEKIMI EKLERI VE KALIPLARI  -->		
	<suffixGroup name="HIKAYE">
      <suffix>EKFIIL_HIKAYE_edi</suffix>
	  <suffix>EKFIIL_HIKAYE_di</suffix>
	</suffixGroup>
	
	<!-- RIVAYET ÇEKIMI EKLERI VE KALIPLARI -->		
	<suffixGroup name="RIVAYET">
      <suffix>EKFIIL_RIVAYET_ekan</suffix>
      <suffix>EKFIIL_RIVAYET_kan</suffix>	  
	  <suffix>EKFIIL_RIVAYET_emiş</suffix>
	  <suffix>EKFIIL_RIVAYET_miş</suffix>  
	</suffixGroup>
	
	<suffixGroup name="SART">
	  <suffix>EKFIIL_SART_bolsä</suffix>
	  <suffix>EKFIIL_SART_esa</suffix> 
	</suffixGroup> 
	
	<!-- TASVIR FIILERININ EKLERI VE KALIPLARI  -->
	<suffixGroup name="TASFIR_FIIL">
      <suffix>FC_YF_YETERLILIK_Ay_ål</suffix>
	  <suffix>FC_YF_YETERSIZLIK_Ay_ålmä</suffix>
	  <suffix>FC_YF_YETERLILIK_Ay_bil</suffix>
	  <suffix>FC_YF_TEZLIK_Hb_yubår</suffix>
	  <suffix>FC_YF_TEZLIK_Hb_täşlä</suffix>
	  <suffix>FC_YF_DEVAMLILIK_ver</suffix>
	  <suffix>FC_YF_SUREKLILIK_Hb_o‘tir</suffix>
	  <suffix>FC_YF_SUREKLILIK_Hb_tur</suffix>
	  <suffix>FC_YF_YAKLASMA_Аyåz</suffix>
	  <suffix>FC_YF_TEZLIK_A_qål</suffix>
	  <suffix>FC_YF_TEZLIK_aqål</suffix>

	</suffixGroup>
	
	<suffixGroup name="FIILIMSI">
      <suffix>FIILIMSI_AY</suffix>
	  <suffix>FIILIMSI_ya</suffix>
	  <suffix>FIILIMSI_Hb</suffix>
	  <suffix>FIILIMSI_Hbån</suffix>
	  <suffix>FIILIMSI_mäy</suffix>
	  <suffix>FIILIMSI_mäyin</suffix>
	  <suffix>FIILIMSI_Gaç</suffix>
	  <suffix>FIILIMSI_GUnçä</suffix>
	  <suffix>FIILIMSI_GAni</suffix>
	  <suffix>FIILIMSI_GAli</suffix>
	  <suffix>FIILIMSI_kan</suffix>	  
	</suffixGroup>
	
	<suffixGroup name="ISIM_FIIL">
	  <suffix>ISIM_FIIL_måq</suffix>
	  <suffix>ISIM_FIIL_måqlik</suffix>
	  <suffix>ISIM_FIIL_mäslik</suffix>
	  <suffix>ISIM_FIIL_Hv</suffix>
	  <suffix>ISIM_FIIL_Hş</suffix>
	  
  
	</suffixGroup>
	


 
	
	
	<suffixGroup name="IY_SIFAT">
      <suffix>IY_SIFAT_ser</suffix>
	  <suffix>IY_SIFAT_bA</suffix>
	  <suffix>IY_SIFAT_nå</suffix>
	  <suffix>IY_SIFAT_be</suffix>
	  <suffix></suffix>
	  <suffix></suffix>
	  <suffix></suffix>
	  <suffix></suffix>
	  <suffix></suffix>
	  <suffix></suffix>
	  <suffix></suffix>	  
	</suffixGroup>

	<suffixGroup name="NOKTALAMA">
      <suffix>SORU_ISARETI_?</suffix>
	  <suffix>NOKTA</suffix>
	  <suffix>CIFT_NOKTA</suffix>
	  <suffix>UC_NOKTA</suffix>
	  <suffix>UNLEM_ISARETI</suffix>
	  <suffix></suffix>
	  <suffix></suffix>
	  <suffix></suffix>
	  <suffix></suffix>
	  <suffix></suffix>
	  <suffix></suffix>	  
	</suffixGroup>

	<suffixGroup name="BIRLESIK_CEKIM">
      <suffix>BIRLESIK_CEKIM_SART_esa</suffix>
	  <suffix>BIRLESIK_CEKIM_SART_bo‘lsa</suffix>
	  <suffix></suffix>
	  <suffix></suffix>
	  <suffix></suffix>
	  <suffix></suffix>
	  <suffix></suffix>
	  <suffix></suffix>
	  <suffix></suffix>
	  <suffix></suffix>
	  <suffix></suffix>	  
	</suffixGroup>


	<suffixGroup name="EDAT_SONA_GELEN">
      <suffix>BAGLAC_yu</suffix>
	  <suffix>PEKISTIRME_ki</suffix>	
	  <suffix>PEKISTIRME_ku</suffix>
	  <suffix>PEKISTIRME_Yäm</suffix>
	  <suffix>PEKISTIRME_Yä</suffix>	  
	  <suffix>PEKISTIRME_oq</suffix>
	  <suffix>RICA_çi</suffix>
	  <suffix>PEKISTIRME_dä</suffix>
	  <suffix></suffix>
	  <suffix></suffix>
	  <suffix></suffix>
	  <suffix></suffix>	  
	</suffixGroup>
	
	</suffixGroups>

  <graph>
  


  
	<source id="ISIM">
		<target id="IC_COGUL_lär"></target>
		<targetGroup id="EDAT_SONA_GELEN"></targetGroup>
		
	<targetGroup id="OLUMSUZLUK">
		<removeTarget id="OLUMSUZLUK_mä"/>	
	</targetGroup>
		<target id="SORU_ISARETI_?"/>
		<target id="PEKISTIRME_ki"/>

			<targetGroup id="SAHIS1tip">
		<removeTarget id="EKFIIL_SAHIS_O_Di"/>
		<removeTarget id="EKFIIL_SAHIS_O_Ayapti"/>
		<removeTarget id="EKFIIL_SAHIS_O_di(lär)"/>
			</targetGroup>
		<targetGroup id="SAHIS3tip">
		<removeTarget id="EKFIIL_SAHIS_O_iş"/>				
		</targetGroup>	
				<targetGroup id="IYELIK"/>

				
	<targetGroup id="HAL">

	  <!-- <source id="NNI_OBJ_n"></source> -->
	  <source id="IC_HAL_YALIN_0">
		<targetGroup id="OLUMSUZLUK">
		<removeTarget id="OLUMSUZLUK_mä"/>
		</targetGroup>	  
	  </source>
	  <targetGroup id="SORU"/>
<source id="IC_HAL_BELIRTME_ni"><copy id="IC_HAL_YALIN_0"/><targetGroup id="SORU"/><target id="BILDIRME_dir"/><targetGroup id="EDAT_SONA_GELEN"/></source>
<source id="IC_HAL_ILGI_ning"><copy id="IC_HAL_YALIN_0"/><targetGroup id="SORU"/></source>
<source id="IC_HAL_YONELME_Ga"><copy id="IC_HAL_YALIN_0"/><targetGroup id="SORU"/></source>
<source id="IC_HAL_BULUNMA_dä"><target id="SY_SIFAT_GHnä"/><copy id="IC_HAL_YALIN_0"/><target id="IC_AITLIK_gi"/><targetGroup id="SAHIS1tip"/><targetGroup id="SORU"/></source>
<source id="IC_HAL_AYRILMA_dän"><copy id="IC_HAL_YALIN_0"/><targetGroup id="SAHIS1tip"/><target id="BILDIRME_dir"/><targetGroup id="SORU"/></source>
<source id="IC_HAL_VASITA_bilän"><copy id="IC_HAL_YALIN_0"/><targetGroup id="SORU"/></source>	
	</targetGroup>
	
				<targetGroup id="IY_ISIM"/>

		<targetGroup id="SY_ISIM">
		</targetGroup>		
		<targetGroup id="IY_SIFAT">
		</targetGroup>	
		<targetGroup id="SY_SIFAT">
		</targetGroup>
		<targetGroup id="IY_ZARF">
		</targetGroup>
		<targetGroup id="SY_ZARF">
		</targetGroup>		
		<targetGroup id="ZY_ZARF">
		</targetGroup>
		
		<targetGroup id="IY_FIIL">
		</targetGroup>

		<targetGroup id="SORU">
		</targetGroup>
		
		<targetGroup id="AITLIK">
	<source id="IC_AITLIK_gi"><copy id="ISIM"/><target id="SY_ZARF_çä"></target></source>
	<source id="IC_AITLIK_Qi"><targetGroup id="IYELIK"/><copy id="ISIM"/></source>
	<source id="IC_AITLIK_niki"><targetGroup id="HAL"/></source>
		</targetGroup>
		<target id="BILDIRME_dir"/>

		<target id="IC_AITLIK_Qi"></target>
		
		<targetGroup id="HIKAYE"></targetGroup>
		<targetGroup id="RIVAYET"></targetGroup>
		<targetGroup id="BIRLESIK_CEKIM"></targetGroup>		

	</source>

	<source id="HAL">

	</source>
	
	<source id="SORU">
	</source>	
	
	<source id="AITLIK">
	
	</source>	
	
	
<source id="">
		
</source>
	  <source id="ISIM_BIRLESIK"><copy id="ISIM"></copy></source>
	  <source id="ISIM_OZEL"><copy id="ISIM"></copy></source>
	  <source id="ISIM_OZEL_BIRLESIK"><copy id="ISIM"></copy></source>
	  <source id="ISIM_TAKLIT"><copy id="ISIM"></copy></source>
	  <source id="ISIM_TAMLAMA"><copy id="ISIM"></copy></source>
	  <source id="ISIM_IKILEME"><copy id="ISIM"></copy></source>	  
	  
	<source id="SIFAT">	
	<copy id="ISIM"/>
	</source>
	
	  <source id="SIFAT_BELIRSIZLIK"><copy id="ISIM"></copy></source>
	  <source id="SIFAT_BIRLESIK"><copy id="ISIM"></copy></source>
	  <source id="SIFAT_PEKISTIRME"><copy id="ISIM"></copy></source>
	  

	
	<source id="ZARF">
		<copy id="ISIM"></copy>
	</source>
	  <source id="ZARF_BELIRSIZLIK"><copy id="ISIM"></copy></source>
	  <source id="ZARF_IKILEME"><copy id="ISIM"></copy></source>
	  <source id="ZARF_ZAMAN"><copy id="ISIM"></copy></source>
	  
	<source id="ZAMIR">
		<copy id="ISIM"></copy>	
	</source>
	
	<source id="ZAMIR_SAHIS">
		<copy id="ISIM"></copy>	
	</source>
	
	<source id="ZAMIR_ISARET">
		<copy id="ISIM"></copy>
	</source>
	
	  <source id="ZAMIR_BELIRSIZLIK"><copy id="ISIM"></copy></source>
	  <source id="ZAMIR_DONUSLU"><copy id="ISIM"></copy></source>	  
	  <source id="ZAMIR_SORU"><copy id="ISIM"></copy></source>
	  
	<source id="SAYI">
		<copy id="ISIM"></copy>
		<targetGroup id="IY_ZARF"/>
	</source>
	
	  <source id="SAYI_BIRLESIK"><copy id="ISIM"></copy></source>

	  <source id="KISALTMA"><copy id="ISIM"></copy></source>
	  <source id="MODAL_SOZ"></source>


	  <source id="UNLEM"></source>


	  <source id=""></source>	  

	<!-- EDATLAR -->
	  <source id="EDAT"><target id="SY_SIFAT_GHnä"/><targetGroup id="EDAT_SONA_GELEN"></targetGroup></source>	
	
	<source id="EDAT_OLUMSUZLUK">
		<target id="IC_COGUL_lär" />
		<targetGroup id= "IYELIK" />
		<targetGroup id= "SAHIS1tip" />		
		<targetGroup id="HAL">
		</targetGroup>
		<targetGroup id="SORU">
		</targetGroup>
		<copy id="ISIM"></copy>
		<target id="SY_SIFAT_GHnä"/>
	</source>
	
	<source id="EDAT_CEKIM">
		<target id="IC_COGUL_lär" />
		<target id="IC_AITLIK_gi" />
		<targetGroup id= "IYELIK" />
		<targetGroup id="HAL">
		</targetGroup>
		<targetGroup id="SORU">
		</targetGroup>  
	</source>	

	  <source id="EDAT_BAGLAMA"></source>
	  <source id="EDAT_CUMLE_BASI"></source>
	
	<source id="EDAT_CEKIM_BAGLAMA">
		<target id="IC_COGUL_lär" />
		<targetGroup id= "IYELIK" />
		<targetGroup id="HAL">
		</targetGroup>
		<targetGroup id="SORU">
		</targetGroup>  
	</source>

    <source id="IC_COGUL_lär">
      <targetGroup id="IYELIK" />
      <targetGroup id="HAL"></targetGroup>
	  <targetGroup id="SORU"></targetGroup>
	  <targetGroup id="AITLIK"></targetGroup>
		<target id="BILDIRME_dir" />	
	<target id="EKFIIL_RIVAYET_miş"></target>		  
    </source>
	
	<source id= "SAHIS1tip" />
	<source id="OLUMSUZLUK_mä"></source>
	<source id="OLUMSUZLUK_emäs">
		<target id="BILDIRME_dir" />		
	</source>
	<source id="OLUMSUZLUK">
		<targetGroup id="BILDIRME"/>		
	</source>
	  <source id="."></source>
	  <source id=""></source>
	  <source id=""></source>
	  <source id=""></source>
	  <source id=""></source>
	  <source id=""></source>
 
	<source id="FIIL">
		<targetGroup id="EMIR">
		</targetGroup>
		<targetGroup id="FY_ISIM">
		</targetGroup>
		<targetGroup id="FY_SIFAT">
		</targetGroup>
		<targetGroup id="FY_FIIL">
		</targetGroup>
		<targetGroup id="CATI">
		</targetGroup>
		<targetGroup id="ISIM_FIIL">
		</targetGroup>
		<targetGroup id="FIIL_ZAMAN">
		</targetGroup>
		<targetGroup id="FIIL_KIP">
		</targetGroup>
		<targetGroup id="HIKAYE">
		</targetGroup>
		<targetGroup id="RIVAYET">
		</targetGroup>
		<targetGroup id="FIILIMSI">
		</targetGroup>
		<targetGroup id="TASFIR_FIIL">
		<source id="FC_YF_YETERLILIK_Ay_ål"></source>
		</targetGroup>
		<targetGroup id="FIIL_YARDIMCI">
		</targetGroup>		
		<targetGroup id="OLUMSUZLUK">
		</targetGroup>
		<targetGroup id="SORU">
		</targetGroup>
		<targetGroup id="EDAT_SONA_GELEN">
		</targetGroup>
		<target id="PEKISTIRME_ki"/>		
	</source>
	
	  <source id="FIIL_BIRLESIK"><copy id="FIIL"></copy><targetGroup id="RIVAYET"></targetGroup></source>
	  <source id="FIIL_YARDIMCI"><copy id="FIIL"></copy><copy id="ISIM"></copy></source>

	  


	
<!-- >!!!!TÜM EKLER TARGETGROUP OLARAK AŞAĞIDA SIRALANMIŞTIR< -->
	<targetGroup id="SORU">
      <source id="SORU_mi"><targetGroup id="HIKAYE"/><targetGroup id="RIVAYET"/><targetGroup id="SAHIS1tip"/></source>
	  <source id="SORU_çi"></source>
	</targetGroup>	
	
	
	<!-- İSİMDEN İSİM YAPAN EK -->	
	<targetGroup id="IY_ISIM">
      <source id="IY_ISIM_ä"><copy id="ISIM"></copy></source>
	  <source id="IY_ISIM_çä"><copy id="ISIM"></copy></source>
	  <source id="IY_ISIM_çi"><copy id="ISIM"><removeTarget id="IY_ISIM_çi"/></copy></source>
	  <source id="IY_ISIM_çHQ"><copy id="ISIM"></copy></source>
	  <source id="IY_ISIM_çAQ"><copy id="ISIM"></copy></source>
	  <source id="IY_ISIM_çan"><copy id="ISIM"></copy></source>
	  <source id="IY_ISIM_çang"><copy id="ISIM"></copy></source>	  
	  <source id="IY_ISIM_cån"><copy id="ISIM"></copy></source>
	  <source id="IY_ISIM_AQ"><copy id="ISIM"></copy></source> 
	  <source id="IY_ISIM_dåş"><copy id="ISIM"></copy></source>
	  <source id="IY_ISIM_GHnä"><copy id="ISIM"></copy></source> 
	  <source id="IY_ISIM_låq"><copy id="ISIM"></copy></source>
	  <source id="IY_ISIM_DHq"><copy id="ISIM"></copy></source>
	  <source id="IY_ISIM_Ga"><copy id="ISIM"></copy></source>
	  <source id="IY_ISIM_qur"><copy id="ISIM"></copy></source>
	  ???? sorunlu ek
???	  <source id="IY_ISIM_lHQ"><copy id="ISIM"></copy></source>
	  
	  <source id="IY_DENEME_EK_lik"><copy id="ISIM"></copy></source>
	  <source id="IY_ISIM_mån"><copy id="ISIM"></copy></source>
	  <source id="IY_ISIM_tåy"><copy id="ISIM"></copy></source>
	  <source id="IY_ISIM_dån"><copy id="ISIM"></copy></source>
	  <source id="IY_ISIM_DHrHQ"><copy id="ISIM"></copy></source>
	  <source id="IY_ISIM_Hn"><copy id="ISIM"></copy></source>
	  <source id="IY_ISIM_måç"><copy id="ISIM"></copy></source>
	  <source id="IY_ISIM_Hldåq"><copy id="ISIM"></copy></source>
	  <source id="IY_ISIM_låv"><copy id="ISIM"></copy></source>
	  <source id="IY_ISIM_zår"><copy id="ISIM"></copy></source>
	  <source id="IY_ISIM_Hstån"><copy id="ISIM"></copy></source>
	  <source id="IY_ISIM_xånä"><copy id="ISIM"></copy></source>
	  <source id="IY_ISIM_gåh"><copy id="ISIM"></copy></source>
	  <source id="IY_ISIM_ik"><copy id="ISIM"></copy></source>
	  <source id="IY_ISIM_iyon"><copy id="ISIM"></copy></source>
	  <source id="IY_ISIM_älä"><copy id="ISIM"></copy></source>
	  <source id="IY_ISIM_åv"><copy id="ISIM"></copy></source>
	  <source id="IY_ISIM_xån"><copy id="ISIM"></copy></source>
	  <source id="IY_ISIM_åy"><copy id="ISIM"></copy></source>
	  <source id="IY_ISIM_åt"><copy id="ISIM"></copy></source>
	  <source id="IY_ISIM_iy"><copy id="ISIM"></copy></source>
	  <source id="IY_ISIM_åniy"><copy id="ISIM"></copy></source>
	  <source id="IY_ISIM_dår"><copy id="ISIM"></copy></source>
	  <source id="IY_ISIM_al"><copy id="ISIM"></copy></source>	
	  <source id="IY_ISIM_çilik"><copy id="ISIM"></copy></source>	  

	</targetGroup>
	<!-- İSİMDEN FİİL YAPAN EK -->		

	<targetGroup id="IY_FIIL">
      <source id="IY_FIIL_ä"><copy id="FIIL"></copy></source>
	  <source id="IY_FIIL_lä"><copy id="FIIL"></copy></source>
	  <source id="IY_FIIL_Ar"><copy id="FIIL"></copy></source>
	  <source id="IY_FIIL_Ay"><copy id="FIIL"></copy></source>
	  <source id="IY_FIIL_dä"><copy id="FIIL"></copy></source>
	  <source id="IY_FIIL_GA"><copy id="FIIL"></copy></source>
	  <source id="IY_FIIL_GAr"><copy id="FIIL"></copy></source>
	  <source id="IY_FIIL_ĠH"><copy id="FIIL"></copy></source>
	  <source id="IY_FIIL_i"><copy id="FIIL"></copy></source>
	  <source id="IY_FIIL_HQ"><copy id="FIIL"></copy></source>
	  <source id="IY_FIIL_QHr"><copy id="FIIL"></copy></source>
	  <source id="IY_FIIL_QHrA"><copy id="FIIL"></copy></source>
	  <source id="IY_FIIL_lä"><copy id="FIIL"></copy></source>
	  <source id="IY_FIIL_län"><copy id="FIIL"></copy></source>
	  <source id="IY_FIIL_läş"><copy id="FIIL"></copy></source>
	  <source id="IY_FIIL_lät"><copy id="FIIL"></copy></source>
	  <source id="IY_FIIL_Hr"><copy id="FIIL"></copy><target id="FY_SIFAT_GAn"></target></source>
	  <source id="IY_FIIL_rä"><copy id="FIIL"></copy></source>
	  <source id="IY_FIIL_sä"><copy id="FIIL"></copy></source>
	  <source id="IY_FIIL_si"><copy id="FIIL"></copy></source>
	  <source id="IY_FIIL_sin"><copy id="FIIL"></copy></source>
	  <source id="IY_FIIL_sit"><copy id="FIIL"></copy></source>
	  <source id="IY_FIIL_sirä"><copy id="FIIL"></copy></source>
	  <source id="IY_FIIL_şä"><copy id="FIIL"></copy></source>
	  <source id="IY_FIIL_şi"><copy id="FIIL"></copy></source>
	  <source id="IY_FIIL_At"><copy id="FIIL"></copy></source>
	  <source id="IY_FIIL_ik"><copy id="FIIL"></copy></source>	  
	  

	</targetGroup>
	
	
	<!-- SIFATTAN İSİM YAPAN EK -->	
	<targetGroup id="SY_ISIM">
      <source id="SY_ISIM_çä"><copy id="ISIM"></copy></source>
      <source id="SY_ISIM_çHQ"><copy id="ISIM"></copy></source>
      <source id="SY_ISIM_lHQ"><copy id="ISIM"></copy></source>
	</targetGroup>
<!-- İSİMDEN SIFAT YAPAN EK -->	
	<targetGroup id="IY_SIFAT">
      <source id="IY_SIFAT_çil"><copy id="ISIM"></copy></source>
      <source id="IY_SIFAT_li"><copy id="ISIM"></copy><targetGroup id="RIVAYET"></targetGroup></source>
      <source id="IY_SIFAT_lHQ"><copy id="ISIM"></copy><copy id="ISIM"><targetGroup id="RIVAYET"></targetGroup></copy></source>
      <source id="IY_SIFAT_simån"><copy id="ISIM"></copy></source>
      <source id="IY_SIFAT_siz"><copy id="ISIM"></copy></source>
      <source id="IY_SIFAT_tä"><copy id="ISIM"></copy></source>
      <source id="IY_SIFAT_(v)iy"><copy id="ISIM"></copy></source>
      <source id="IY_SIFAT_äki"><copy id="ISIM"></copy></source>
      <source id="IY_SIFAT_iv"><copy id="ISIM"></copy></source>
      <source id="IY_SIFAT_al"><copy id="ISIM"></copy></source>
      <source id="IY_SIFAT_ser"><copy id="ISIM"></copy></source>
      <source id="IY_SIFAT_bA"><copy id="ISIM"></copy></source>
      <source id="IY_SIFAT_nå"><copy id="ISIM"></copy></source>
      <source id="IY_SIFAT_be"><copy id="ISIM"></copy></source>
 	  
	</targetGroup>	
<!-- SIFATTAN SIFAT YAPAN EK -->		
	<targetGroup id="SY_SIFAT">
      <source id="SY_SIFAT_çä"><copy id="ISIM"></copy></source>
      <source id="SY_SIFAT_GHnä"><copy id="ISIM"></copy></source> 
      <source id="SY_SIFAT_Hmtir"><copy id="ISIM"></copy></source>
      <source id="SY_SIFAT_råq"><copy id="ISIM"></copy></source>
      <source id="SY_SIFAT_iş"><copy id="ISIM"></copy></source>
      <source id="SY_SIFAT_ġış"><copy id="ISIM"></copy></source>
	  <source id="SY_SIFAT_Inçi"><copy id="ISIM"></copy></source>
	</targetGroup>
<!-- ZARF YAPAN EKLER -->	
	<targetGroup id="IY_ZARF">
      <source id="IY_ZARF_GH"><copy id="ISIM"></copy></source>
      <source id="IY_ZARF_ånä"><copy id="ISIM"></copy></source>	
	  <source id="IY_ZARF_läb"><copy id="ISIM"></copy></source>	
	  <source id="IY_ZARF_läy"><copy id="ISIM"></copy></source>
	</targetGroup>
	<targetGroup id="SY_ZARF">
      <source id="SY_ZARF_çä"></source>
      <source id="SY_ZARF_lärçä"></source>
      <source id="SY_ZARF_çäsigä"></source>
      <source id="SY_ZARF_(ä/s)igä"></source>
      <source id="SY_ZARF_kan"></source>
	  <source id="EKFIIL_ekan"></source>
	  <source id="SY_ZARF_Gäçä"></source>
      <source id="SY_ZARF_simån"></source>
	</targetGroup>
	<targetGroup id="ZY_ZARF">
      <source id="ZY_ZARF_day"></source>
      <source id="ZY_ZARF_dAG"><target id="SORU_mi"></target></source>
      <source id="ZY_ZARF_dAQA"></source>	
	</targetGroup>
	<!-- FİİLLERDEN ISIM YAPAN EKLER -->
	<targetGroup id="FY_ISIM">
      <source id="FY_ISIM_AQ"><copy id="ISIM"></copy></source>
      <source id="FY_ISIM_Hv"><copy id="ISIM"></copy></source>
      <source id="FY_ISIM_Hnç"><copy id="ISIM"></copy></source>
      <source id="FY_ISIM_nç"><copy id="ISIM"></copy></source>
      <source id="FY_ISIM_çHq"><copy id="ISIM"></copy></source>
      <source id="FY_ISIM_dAQ"><copy id="ISIM"></copy></source>
      <source id="FY_ISIM_dHQ"><copy id="ISIM"></copy></source>
      <source id="FY_ISIM_GH"><copy id="ISIM"></copy></source>
      <source id="FY_ISIM_GHç"><copy id="ISIM"></copy></source>
      <source id="FY_ISIM_GHn"><copy id="ISIM"></copy></source>
      <source id="FY_ISIM_IQ"><copy id="ISIM"></copy></source>
      <source id="FY_ISIM_ĠHnDH"><copy id="ISIM"></copy></source>
      <source id="FY_ISIM_Im"><copy id="ISIM"></copy></source>
      <source id="FY_ISIM_am"><copy id="ISIM"></copy></source>	  
      <source id="FY_ISIM_mä"><copy id="ISIM"></copy></source>
      <source id="FY_ISIM_måq"><copy id="ISIM"></copy></source>
      <source id="FY_ISIM_Hn"><copy id="ISIM"></copy></source>
      <source id="FY_ISIM_Hş"><copy id="ISIM"></copy></source>
      <source id="FY_ISIM_Uş"><copy id="ISIM"></copy></source>
      <source id="FY_ISIM_mHr"><copy id="ISIM"></copy></source>
      <source id="FY_ISIM_mHş"><copy id="ISIM"></copy></source>
      <source id="FY_ISIM_(ån)ġHç"><copy id="ISIM"></copy></source>	
	  <source id="FY_ISIM_mak"><copy id="ISIM"></copy></source>
	</targetGroup>
	<!-- FİİLLERDEN SIFAT YAPAN EKLER -->
	<targetGroup id="FY_SIFAT">	
      <source id="FY_SIFAT_AQ"><copy id="ISIM"></copy></source>
      <source id="FY_SIFAT_çAQ"><copy id="ISIM"></copy></source>
      <source id="FY_SIFAT_GHr"><copy id="ISIM"></copy></source>
      <source id="FY_SIFAT_äġån"><copy id="ISIM"></copy></source>
      <source id="FY_SIFAT_äsi"><copy id="ISIM"></copy></source>
      <source id="FY_SIFAT_HNç"><copy id="ISIM"></copy></source>
	  <source id="FY_SIFAT_HQ"><copy id="ISIM"></copy></source>
      <source id="FY_SIFAT_çAQ"><copy id="ISIM"></copy></source>
      <source id="FY_SIFAT_QAQ"><copy id="ISIM"></copy></source>
      <source id="FY_SIFAT_çHQ"><copy id="ISIM"></copy></source>
      <source id="FY_SIFAT_GAn"><copy id="ISIM"><targetGroup id="HIKAYE"></targetGroup></copy></source>
      <source id="FY_SIFAT_Ar"><copy id="ISIM"></copy></source>
      <source id="FY_SIFAT_mäs"><targetGroup id="RIVAYET"></targetGroup><targetGroup id="HIKAYE"></targetGroup><copy id="ISIM"></copy></source>
      <source id="FY_SIFAT_GUsi"><copy id="ISIM"></copy></source>
      <source id="FY_SIFAT_aydigän"><copy id="ISIM"></copy></source>
      <source id="FY_SIFAT_miş"><copy id="ISIM"></copy></source>
      <source id="FY_SIFAT_yäcäk"><copy id="ISIM"></copy></source>
	</targetGroup>
	
<!-- <FİİLDEN FİİL YAPAN EKLER DİZİNİ>	 -->

	<targetGroup id="FY_FIIL">
	  <source id="FY_FIIL_ä"><copy id="FIIL"></copy></source>
	  <source id="FY_FIIL_GA"><copy id="FIIL"></copy></source>
	  <source id="FY_FIIL_i"><copy id="FIIL"></copy></source>
	  <source id="FY_FIIL_IQ"><copy id="FIIL"></copy></source>
	  <source id="FY_FIIL_UQ"><copy id="FIIL"></copy></source>	  
	  <source id="FY_FIIL_UQ"><copy id="FIIL"></copy></source>
	  <source id="FY_FIIL_lä"><copy id="FIIL"></copy></source>
	  <source id="FY_FIIL_mä"><copy id="FIIL"></copy></source>
	  <source id="FY_FIIL_Hmsirä"><copy id="FIIL"></copy></source>
	  <source id="FY_FIIL_HnQira"><copy id="FIIL"></copy></source>
	  <source id="FY_FIIL_Ġila"><copy id="FIIL"></copy></source>
  	</targetGroup>	  

	

	<!-- ÇATI EKLERİ -->
	<targetGroup id="CATI">	
      <source id="DONUSLU_Hn"><copy id="FIIL"/></source>
      <source id="EDILGEN_Hl"><copy id="FIIL"></copy></source>
      <source id="EDILGEN_Hn"><copy id="FIIL"/></source>
      <source id="ISTES_Hş"><copy id="FIIL"></copy></source>
      <source id="ETTIRGEN_Er"><copy id="FIIL"></copy></source>
      <source id="ETTIRGEN_Där"><copy id="FIIL"></copy></source>
      <source id="ETTIRGEN_DHr"><copy id="FIIL"></copy></source>
      <source id="ETTIRGEN_GIz"><copy id="FIIL"></copy></source>
      <source id="ETTIRGEN_Gaz"><copy id="FIIL"></copy></source>
      <source id="ETTIRGEN_GEr"><copy id="FIIL"></copy></source>
      <source id="ETTIRGEN_sät"><copy id="FIIL"></copy></source>
      <source id="ETTIRGEN_t"><copy id="FIIL"></copy></source>
      <source id="ETTIRGEN_Hz"><copy id="FIIL"></copy></source>
	  <source id="ETTIRGEN_GECICI_dir"><copy id="FIIL"></copy></source>
	  
	</targetGroup>

	<source id="CATI"><copy id="FIIL"/></source>
	
	<!-- BILDIRME_EKI -->
	<targetGroup id="BILDIRME">
      <source id="BILDIRME_dir"><targetGroup id="SAHIS1tip"/></source>
	</targetGroup>	
	
	<!-- OLUMSUZLUK -->
	<targetGroup id="OLUMSUZLUK">
      <source id="OLUMSUZLUK_mä"><copy id="FIIL"></copy></source>
      <source id="OLUMSUZLUK_emäs">
	  <target id="BILDIRME_dir"/>
	  </source>
      <source id="OLUMSUZLUK_yoq"></source>
	  <source id="OLUMSUZLUK_mäs"></source>
	</targetGroup>
	
	
	<!-- EMIR KIPININ EKLERI -->
	<targetGroup id="EMIR">
      <source id="EMIR_BEN_ay"><target id="SORU_mi"/><targetGroup id="EDAT_SONA_GELEN"/></source>
      <source id="EMIR_BEN_ayin"><target id="SORU_mi"/><copy id="EMIR_BEN_ay"/></source>
      <source id="EMIR_BIZ_Aylik"><target id="SORU_mi"/><copy id="EMIR_BEN_ay"/></source>
      <source id="EMIR_SEN_"><target id="SORU_mi"/><copy id="EMIR_BEN_ay"/></source>
      <source id="EMIR_SEN_GHn"><target id="SORU_mi"/><copy id="EMIR_BEN_ay"/></source>
	  <source id="EMIR_SIZ_ing"><target id="SORU_mi"/><copy id="EMIR_BEN_ay"/></source>
	  <source id="EMIR_SIZ_ingiz"><target id="SORU_mi"/><copy id="EMIR_BEN_ay"/></source>
	  <source id="EMIR_O_sin"><target id="SORU_mi"/><copy id="EMIR_BEN_ay"/></source>
	  <source id="EMIR_ONLAR_sinlär"><target id="SORU_mi"/><copy id="EMIR_BEN_ay"/></source>
	</targetGroup>

	<!-- BILDIRME KIPLERI (ZAMAN ÇEKİMLERİ) -->	
	<targetGroup id="FIIL_ZAMAN">	
      <source id="FC_ZAMAN_GENIS_Ur"><targetGroup id="FIIL_KIP"/><targetGroup id="SART"/><targetGroup id="EDAT_SONA_GELEN"/><targetGroup id="SORU"/><targetGroup id="HIKAYE"></targetGroup><target id="SY_ZARF_kan"></target><targetGroup id="RIVAYET"></targetGroup><targetGroup id="SAHIStip"></targetGroup></source>
	  <source id="FC_ZAMAN_GENIS_mäs"><targetGroup id="EDAT_SONA_GELEN"/><targetGroup id="SORU"/><targetGroup id="RIVAYET"></targetGroup><targetGroup id="SAHIS1tip"></targetGroup></source>
	  <source id="fc_zaman_simdiki_yäp"><targetGroup id="SAHIS1tip"></targetGroup></source>
      <source id="FC_ZAMAN_SIMDIKI_Ayåtib"><targetGroup id="SAHIS1tip"></targetGroup></source>
      <source id="FC_ZAMAN_SIMDIKI_Ayåtir"><targetGroup id="EDAT_SONA_GELEN"/><targetGroup id="SORU"/><targetGroup id="SAHIS1tip"></targetGroup></source>
      <source id="FC_ZAMAN_SIMDIKI_måqdä"><targetGroup id="EDAT_SONA_GELEN"/><targetGroup id="SORU"/><targetGroup id="SAHIS1tip"></targetGroup></source>
      <source id="FC_ZAMAN_SIMDIKI_Hb_turib"><targetGroup id="SORU"/><targetGroup id="SAHIS1tip"></targetGroup></source>
	  <source id="FC_ZAMAN_SIMDIKI_Hb_yåtib"><targetGroup id="SORU"/><targetGroup id="SAHIS1tip"></targetGroup></source>
	  <source id="FC_ZAMAN_SIMDIKI_Hb_otirib"><targetGroup id="SORU"/><targetGroup id="SAHIS1tip"></targetGroup></source>
	  <source id="FC_ZAMAN_SIMDIKI_Hb_yürib"><targetGroup id="SORU"/><targetGroup id="SAHIS1tip"></targetGroup></source>
	  <source id="FC_ZAMAN_GECMIS_di"><targetGroup id="EDAT_SONA_GELEN"></targetGroup><targetGroup id="SAHIS2tip"></targetGroup><targetGroup id="SORU"/><target id="SAHIS_IYELIK_ONLAR_lär"/></source>
	  <source id="FC_ZAMAN_GECMIS_GAn"><targetGroup id="EDAT_SONA_GELEN"/><targetGroup id="SORU"/><targetGroup id="RIVAYET"></targetGroup><targetGroup id="SAHIS1tip"></targetGroup><target id="BILDIRME_dir"/><targetGroup id="HIKAYE"></targetGroup></source>
	  <source id="FC_ZAMAN_GECMIS_miş"><targetGroup id="EDAT_SONA_GELEN"/><targetGroup id="SORU"/><targetGroup id="SAHIS1tip"></targetGroup></source>
	  <source id="FC_ZAMAN_GECMIS_Hb"><targetGroup id="SORU"/><targetGroup id="SAHIS1tip"></targetGroup></source>
	  <source id="FC_ZAMAN_SIMDIKI_GELECEK_Ay"><targetGroup id="SORU"/><targetGroup id="SAHIS1tip"></targetGroup></source>
	  <source id="FC_ZAMAN_GELECEK_yäcäk"><targetGroup id="SORU"/><targetGroup id="SAHIS1tip"></targetGroup><targetGroup id="BIRLESIK_CEKIM"></targetGroup></source>
	  <source id="FC_ZAMAN_SIMDIKI_ayåt"><copy id="FIIL"></copy></source> 
	</targetGroup>
	
	<source id="FIIL_ZAMAN"><targetGroup id="EDAT_SONA_GELEN"></targetGroup><target id="BILDIRME_dir"/></source>
	
	<!-- TASARLAMA KIPLERI  -->	
	<targetGroup id="FIIL_KIP">
      <source id="FC_FIIL_KIP_SART_sä"><targetGroup id="EDAT_SONA_GELEN"></targetGroup><targetGroup id="SAHIS2tip"/></source>
      <source id="FC_FIIL_KIP_ISTEK_måqçi">
			<targetGroup id="RIVAYET"/><targetGroup id="HIKAYE"/><targetGroup id="EDAT_SONA_GELEN"></targetGroup>
			<targetGroup id="SORU"/>
			<targetGroup id="SAHIS1tip"/></source>
			
      <source id="FC_FIIL_KIP_ISTEK_GAy"><targetGroup id="RIVAYET"/><targetGroup id="HIKAYE"/><targetGroup id="EDAT_SONA_GELEN"></targetGroup><targetGroup id="SAHIS1tip"/></source>
      <source id="FC_FIIL_KIP_ISTEK_GI_si_bar"><targetGroup id="RIVAYET"/><targetGroup id="HIKAYE"/><targetGroup id="EDAT_SONA_GELEN"></targetGroup></source>
	  <source id="FC_FIIL_KIP_ISTEK_GI_si_yoq"><targetGroup id="RIVAYET"/><targetGroup id="HIKAYE"/><targetGroup id="EDAT_SONA_GELEN"></targetGroup><targetGroup id="EDAT_SONA_GELEN"></targetGroup></source>
	  <source id="FC_FIIL_KIP_ISTEK_GI_si_kel"><targetGroup id="RIVAYET"/><targetGroup id="HIKAYE"/><targetGroup id="EDAT_SONA_GELEN"></targetGroup><copy id="FIIL"></copy></source>
	  <source id="FC_FIIL_GEREKLILIK_Iş_i_keräk"><targetGroup id="RIVAYET"/><targetGroup id="HIKAYE"/><targetGroup id="EDAT_SONA_GELEN"></targetGroup></source>
	  <source id="FC_FIIL_GEREKLILIK_Iş_i_låzım"><targetGroup id="RIVAYET"/><targetGroup id="HIKAYE"/><targetGroup id="EDAT_SONA_GELEN"></targetGroup></source>
	  <source id="FC_FIIL_GEREKLILIK_Iş_i_zärür"><targetGroup id="RIVAYET"/><targetGroup id="HIKAYE"/><targetGroup id="EDAT_SONA_GELEN"></targetGroup><targetGroup id="EDAT_SONA_GELEN"></targetGroup></source>
	  <source id="FC_FIIL_GEREKLILIK_måq_keräk"><targetGroup id="RIVAYET"/><targetGroup id="HIKAYE"/><targetGroup id="EDAT_SONA_GELEN"></targetGroup><targetGroup id="EDAT_SONA_GELEN"></targetGroup></source>
	  <source id="FC_FIIL_GEREKLILIK_måq_låzım"><targetGroup id="RIVAYET"/><targetGroup id="HIKAYE"/><targetGroup id="EDAT_SONA_GELEN"></targetGroup></source>
	  <source id="FC_FIIL_GEREKLILIK_måq_zärur"><targetGroup id="RIVAYET"/><targetGroup id="HIKAYE"/><targetGroup id="EDAT_SONA_GELEN"></targetGroup></source>	  
	  <source id="FC_FIIL_GEREKLILIK_uv_keräk"><targetGroup id="RIVAYET"/><targetGroup id="HIKAYE"/><targetGroup id="EDAT_SONA_GELEN"></targetGroup></source>
	  <source id="FC_FIIL_GEREKLILIK_uv_låzim"><targetGroup id="RIVAYET"/><targetGroup id="HIKAYE"/><targetGroup id="EDAT_SONA_GELEN"></targetGroup></source>
	  <source id="FC_FIIL_GEREKLILIK_uv_zärur"><targetGroup id="RIVAYET"/><targetGroup id="HIKAYE"/><targetGroup id="EDAT_SONA_GELEN"></targetGroup><targetGroup id="SORU"/></source>
	  <source id="FC_FIIL_GEREKLILIK_keräk"><targetGroup id="RIVAYET"/><targetGroup id="HIKAYE"/><targetGroup id="EDAT_SONA_GELEN"></targetGroup><targetGroup id="SORU"/></source> 
 
	</targetGroup>
	
	<!-- HIKAYE ÇEKIMI EKLERI VE KALIPLARI  -->		
	<targetGroup id="HIKAYE">
      <source id="EKFIIL_HIKAYE_edi"><targetGroup id="SAHIS2tip"/></source>
      <source id="EKFIIL_HIKAYE_di"><targetGroup id="SAHIS2tip"/></source>	  
	</targetGroup>
	
	<!-- RIVAYET ÇEKIMI EKLERI VE KALIPLARI -->		
	<targetGroup id="RIVAYET">
      <source id="EKFIIL_RIVAYET_ekan"><copy id="ISIM"></copy><copy id="FIIL"></copy></source>
	  <source id="EKFIIL_RIVAYET_kan"><copy id="ISIM"></copy><copy id="FIIL"></copy></source>
	  <source id="EKFIIL_RIVAYET_emiş"><targetGroup id="SAHIS1tip"/></source>
	  <source id="EKFIIL_RIVAYET_miş"><targetGroup id="SAHIS1tip"/></source>  
	</targetGroup>
	
	<targetGroup id="SART">
	  <source id="EKFIIL_SART_bolsä"><targetGroup id="SAHIS2tip"/><targetGroup id="EDAT_SONA_GELEN"></targetGroup><targetGroup id="SORU"/></source>
	  <source id="EKFIIL_SART_esa"><copy id="EKFIIL_SART_bolsä"/></source>
	</targetGroup>	

	
	<!-- TASVIR FIILERININ EKLERI VE KALIPLARI  -->
	<targetGroup id="TASFIR_FIIL">
      <source id="FC_YF_YETERLILIK_Ay_ål"><copy id="FIIL"/><target id="FC_ZAMAN_GECMIS_di"/><target id="FC_ZAMAN_GECMIS_GAn"></target></source>
	  <source id="FC_YF_YETERSIZLIK_Ay_ålmä"><copy id="FIIL"/></source>
	  <source id="FC_YF_YETERLILIK_Ay_bil"><copy id="FIIL"/></source>
	  <source id="FC_YF_TEZLIK_Hb_yubår"><copy id="FIIL"/></source>
	  <source id="FC_YF_TEZLIK_Hb_täşlä"></source>
	  <source id="FC_YF_DEVAMLILIK_ver"><copy id="FIIL"/></source>
	  <source id="FC_YF_SUREKLILIK_Hb_o‘tir"><copy id="FIIL"/></source>
	  <source id="FC_YF_SUREKLILIK_Hb_tur"><copy id="FIIL"/></source>
	  <source id="FC_YF_YAKLASMA_Аyåz"><copy id="FIIL"/></source>
	  <source id="FC_YF_TEZLIK_A_qål"><copy id="FIIL"/></source>
	  <source id="FC_YF_TEZLIK_aqål"><copy id="FIIL"/></source>	  

	</targetGroup>
	
	<targetGroup id="FIILIMSI">
      <source id="FIILIMSI_AY"><copy id="FIIL"/></source>
	  <source id="FIILIMSI_ya"><copy id="FIIL"/></source>
	  <source id="FIILIMSI_Hb"><target id="SY_SIFAT_råq"/><targetGroup id="TASFIR_FIIL"/><copy id="FIIL"/></source>
	  <source id="FIILIMSI_Hbån"></source>
	  <source id="FIILIMSI_mäy"></source>
	  <source id="FIILIMSI_mäyin"><target id="SY_ZARF_çä"></target></source>
	  <source id="FIILIMSI_Gaç"></source>
	  <source id="FIILIMSI_GUnçä"></source>
	  <source id="FIILIMSI_GAni"><target id="SY_ZARF_çä"></target><target id="ZY_ZARF_dAG"></target></source>
	  <source id="FIILIMSI_GAli"></source>
	  <source id="FIILIMSI_kan"><target id="SY_ZARF_çä"></target></source>	  
	</targetGroup>

	<targetGroup id="ISIM_FIIL">
	  <source id="ISIM_FIIL_måq"><copy id="ISIM"/></source>
	  <source id="ISIM_FIIL_måqlik"><copy id="ISIM"/></source>
	  <source id="ISIM_FIIL_mäslik"><copy id="ISIM"/></source>
	  <source id="ISIM_FIIL_Hv"><copy id="ISIM"/><target id="FC_FIIL_GEREKLILIK_keräk"></target></source>
	  <source id="ISIM_FIIL_Hş"><copy id="ISIM"/><target id="FC_FIIL_GEREKLILIK_keräk"></target></source>
  
	</targetGroup>
	
 


	
	
	<targetGroup id="IY_SIFAT">
      <source id="IY_SIFAT_ser"></source>
	  <source id="IY_SIFAT_bA"></source>
	  <source id="IY_SIFAT_nå"></source>
	  <source id="IY_SIFAT_be"></source>
	  <source id=""></source>
	  <source id=""></source>
	  <source id=""></source>
	  <source id=""></source>
	  <source id=""></source>
	  <source id=""></source>
	  <source id=""></source>	  
	</targetGroup>
	
	<!-- <>İYELİK EKLERİNİN DİZİNİ -->
	<targetGroup id="IYELIK">
	<source id="IC_IYELIK_BEN_Hm">
		<targetGroup id="HAL"/>
		<targetGroup id="OLUMSUZLUK">
		<removeTarget id="OLUMSUZLUK_mä"/>
		</targetGroup>
		<targetGroup id="SAHIS1tip"/>
		<targetGroup id="SORU"/>
		<target id="IC_AITLIK_niki"/>
		<target id="BILDIRME_dir"/>
		<targetGroup id="RIVAYET"/>
		<targetGroup id="SY_SIFAT"/>
		<target id="SY_ZARF_çä"></target>
		<target id="FC_FIIL_GEREKLILIK_keräk"></target>
		<targetGroup id="EDAT_SONA_GELEN"></targetGroup>
		<targetGroup id="SART"></targetGroup>		
	</source>
<source id="IC_IYELIK_BIZ_Hmiz"><copy id="IC_IYELIK_BEN_Hm"/></source>
<source id="IC_IYELIK_SEN_Hng"><copy id="IC_IYELIK_BEN_Hm"/></source>
<source id="IC_IYELIK_SIZ_Hngiz"><copy id="IC_IYELIK_BEN_Hm"/></source>
<source id="IC_IYELIK_SIZ_Hnglär"><copy id="IC_IYELIK_BEN_Hm"/></source>
<source id="IC_IYELIK_SIZ_läring"><copy id="IC_IYELIK_BEN_Hm"/></source>
<source id="IC_IYELIK_O_(s)H"><copy id="IC_IYELIK_BEN_Hm"/></source>
<source id="IC_IYELIK_ONLAR_läri"><copy id="IC_IYELIK_BEN_Hm"/></source>
		</targetGroup>

	<!-- <>SAHIS1tip EKLERİNİN DİZİNİ -->
	<!-- <targetGroup id="SAHIS1tip">	 -->
	  <source id="EKFIIL_SAHIS_BEN_män"><targetGroup id="SORU"/></source>
	  <source id="EKFIIL_SAHIS_BIZ_miz"><targetGroup id="SORU"/></source>
	  <source id="EKFIIL_SAHIS_SEN_sän"><targetGroup id="SORU"/></source>
	  <source id="EKFIIL_SAHIS_SIZ_siz"><targetGroup id="SORU"/></source>
	  <source id="EKFIIL_SAHIS_SIZ_sizlär"><targetGroup id="SORU"/></source>
	  <source id="EKFIIL_SAHIS_SIZ_läring"><targetGroup id="SORU"/></source>
	  <source id="EKFIIL_SAHIS_O_"><targetGroup id="SORU"/></source>
	  <source id="EKFIIL_SAHIS_O_Di"><targetGroup id="EDAT_SONA_GELEN"></targetGroup><target id="SAHIS_IYELIK_ONLAR_lär"/><targetGroup id="SORU"/></source>
	  <source id="EKFIIL_SAHIS_O_Ayapti"><targetGroup id="SORU"/></source>
	  <source id="EKFIIL_SAHIS_O_di(lär)"><targetGroup id="SORU"/></source>
	  <source id=""></source>
	<!-- </targetGroup> -->
	
	<targetGroup id="SAHIS3tip">
	  <source id="EKFIIL_SAHIS_O_iş"></source>
	  <source id="SAHIS_IYELIK_ONLAR_lär"><targetGroup id="SORU"/><targetGroup id="HIKAYE"/><targetGroup id="RIVAYET"/></source>
	</targetGroup>

		<!-- SAHIS2.TİP -->
	<targetGroup id="SAHIS2tip">
	  <source id="SAHIS_IYELIK_BEN_m"><targetGroup id="EDAT_SONA_GELEN"></targetGroup><targetGroup id="SORU"/></source>
	  <source id="SAHIS_IYELIK_BIZ_k"><copy id="SAHIS_IYELIK_BEN_m"/></source>
	  <source id="SAHIS_IYELIK_SEN_ng"><copy id="SAHIS_IYELIK_BEN_m"/></source>
	  <source id="SAHIS_IYELIK_SIZ_ngiz"><copy id="SAHIS_IYELIK_BEN_m"/></source>
	  <source id="SAHIS_IYELIK_SIZ_ngizlär"><copy id="SAHIS_IYELIK_BEN_m"/></source>
	  <source id="SAHIS_IYELIK_SIZ_nglär"><copy id="SAHIS_IYELIK_BEN_m"/></source>
	  <source id="SAHIS_IYELIK_SIZ_läring"><copy id="SAHIS_IYELIK_BEN_m"/></source>
	  <source id="SAHIS_IYELIK_SIZ_läringiz"><copy id="SAHIS_IYELIK_BEN_m"/></source>
	  <source id="SAHIS_IYELIK_O_"><copy id="SAHIS_IYELIK_BEN_m"/></source>
	  <source id=""></source>
	</targetGroup>
	

	
	<targetGroup id="NOKTALAMA">
	  <source id="SORU_ISARETI_?"></source>
	  <source id="CIFT_NOKTA"></source>
	  <source id="UNLEM_ISARETI"></source>
	  <source id="UC_NOKTA"></source>
	  <source id="">-</source>
	  <source id="">...</source>
	  <source id=""></source>
	  <source id=""></source>
	  <source id=""></source>
	  <source id=""></source>
	  <source id=""></source>
	  <source id=""></source>
	</targetGroup> 
	
	
  <source id="SAYI_KESIR"><copy id="ISIM"></copy></source>
  
  	  <targetGroup id="BIRLESIK_CEKIM">
	  <source id="BIRLESIK_CEKIM_SART_esa"><targetGroup id="SAHIS2tip"></targetGroup></source>
	  <source id="BIRLESIK_CEKIM_SART_bo‘lsa"><targetGroup id="SAHIS2tip"></targetGroup></source>	  
	  </targetGroup>
	  
	<targetGroup id="EDAT_SONA_GELEN">
	<source id="BAGLAC_yu"></source>
	<source id="PEKISTIRME_ku"></source>
	<source id="PEKISTIRME_ki"></source>
	<source id="PEKISTIRME_Yäm"></source>
	<source id="PEKISTIRME_Yä"></source>
	<source id="PEKISTIRME_oq"></source>
	<source id="RICA_çi"></source>
	<source id="PEKISTIRME_dä"></source>
	</targetGroup>
   
  </graph>

</morphology>