id,lexicalForm,type,isInflectional,flags,Grup,empty,rules,surfaces,Örnekler,yazılacak kuralın açıklaması (description rules),EKLERİN OFLAZER VARYANTI,diğer açıklamalar
IC_COGUL_lär,lar,IC,Y,,COCUL,,,lar,"kitoblar, bolalar, toshlar, tog‘lar, xlorofillar, ","1. sonu çift ""ll"" ile biten morfemlere ""l"" ile başlayan morfemler gelince önceki morfemdeki çift ""ll""=>""l"" olarak tekleşir. Tüm l ile başlayan ekler için geçerlidir. Ve TEKLESME_L kuralı yazılacaktır.",NNI_PLU_lär,
IC_IYELIK_BEN_Hm,im,IC,Y,,IYELIK,,DUSME_UNLU,"im, m, yim","boshim, bolam, parvoyim, avzoyim, mavqeyim, obro‘yim, mavzuyim",2. İşaret zamirlerinden sonrabu ek gelirse araya ni ses grubu türer. 1. bazı kelimelere bu ek gelince ikisinin arasında y sesi türer.  ,NNI_POSS1s_Hm,
IC_IYELIK_BIZ_Hmiz,imiz,IC,Y,,IYELIK,,DUSME_UNLU,"imiz, miz, yimiz","boshimiz, bolamiz,  ",1. bazı kelimelere bu ek gelince ikisinin arasında y sesi türer.,NNI_POSS1p_Hmiz,
IC_IYELIK_SEN_Hng,ing,IC,Y,,IYELIK,,DUSME_UNLU,"ing, ng, ying","boshing, bolang, parvoying, avzoying, mavqeying, obro‘ying xudoying, mavzuying",İşaret zamirlerinden sonrabu ek gelirse araya ni ses grubu türer.1. bazı kelimelere bu ek gelince ikisinin arasında y sesi türer.,NNI_POSS2s_Hng,
IC_IYELIK_SIZ_Hngiz,ingiz,IC,Y,,IYELIK,,DUSME_UNLU,"ingiz, ngiz, yingiz","boshingiz, bolangiz",İşaret zamirlerinden sonrabu ek gelirse araya ni ses grubu türer. 1. bazı kelimelere bu ek gelince ikisinin arasında y sesi türer.,NNI_POSS2p1_Hngiz,
IC_IYELIK_SIZ_Hnglär,inglar,IC,Y,,IYELIK,,DUSME_UNLU,"inglar, nglar, yinglar","boshinglar, bolanglar",1. bazı kelimelelere bu ek gelince ikisinin arasında y sesi türer.,NNI_POSS2p2_Hnglär,
IC_IYELIK_SIZ_läring,laring,IC,Y,,IYELIK,,,"laring, ylaring","boshlaring, bolalaring",1. bazı kelimelelere bu ek gelince ikisinin arasında y sesi türer.,NNI_POSS2p3_läring,
IC_IYELIK_O_(s)H ,si,IC,Y,,IYELIK,,DUSME_UNSUZ,"si, i, yi","boshi, bolasi, parvoyi, avzoyi, mavqeyi, obro‘yi xudosi, mavzusi, dohiysi",2. İşaret zamirlerinden sonrabu ek gelirse araya ni ses grubu türer.1. bazı kelimelere bu ek gelince ikisinin arasında y sesi türer.,NNI_POSS3s_(s)H ,
IC_IYELIK_ONLAR_läri,lari,IC,Y,,IYELIK,,,"lari, ylari","boshlari, bolalari",1. bazı kelimelere bu ek gelince ikisinin arasında y sesi türer.,NNI_POSS3p_läri,
IC_HAL_BELIRTME_ni,ni,IC,Y,,HAL,,,ni,"boshni, bolani",,NNI_OBJ_ni,
OBJ3_n,n,IC,Y,,HAL,,,n,"boshin, bolasin",,OBJ3_n,
IC_HAL_YALIN_,0,IC,Y,,HAL,,,0,"bosh, bola",,NNI_NOM_,
IC_HAL_ILGI_ning,ning,IC,Y,,HAL,,dek,ning,"boshning, bolaning, mening, sening",,NNI_GEN_ning,
IC_HAL_YONELME_Ga,Ga,IC,Y,,HAL,,DONUSUM_G,"nga, ga, g‘a, ka, qa","boshga, bolaga, boqqa, terakka, buzoqqa, unga","3. sonu g ile biten morfemlere g ile bashayayan morfemler gelince sertleşme ve kk ikizleşmesi oluşur bu duruma ""IKIZLESME_kk"" kuralı yazılsın; 2. sonu  g‘ ile biten morfemlere g ve g‘ ile bashayayan morfemler gelince sertleşme ve qq ikizleşmesi oluşur bu duruma ""IKIZLESME_qq"" kuralı yazılsın;  1. bazı kelimelelere bu ek gelince ikisinin arasında n sesi türer.",NNI_DAT_GA,"g‘a varyantı kalıplaşmış olarak olg‘a ""ileri doğru"" gibi kelimelerde rastlar."
,,,,,,,,,,,,
IC_HAL_BULUNMA_dä,da,IC,Y,,HAL,,,"da, nda","boshda, bolada, unda",1. bazı kelimelelere bu ek gelince ikisinin arasında n sesi türer.,NNI_LOC_dä,
,,,,,,,,,,,,
IC_HAL_AYRILMA_dän,dan,IC,Y,,HAL,,,"dan, ndan","boshdan, boladan, shunda",1. bazı kelimelelere bu ek gelince ikisinin arasında n sesi türer.,NNI_ABL_dän,
,,,,,,,,,,,,
IC_HAL_VASITA_bilän,_bilan,IC,Y,,HAL,,ALTTIRE_KALDIR,_bilan,"til bilan, qalam bilan",,NNI_INC_bilän,
IC_AITLIK_gi,gi,IC,Y,,AITLIK,,dek,gi,"bahorgi, burungi. kechagi, mendagi",,NNI_REL1_gi,
IC_AITLIK_Qi,Qi,IC,Y,,AITLIK,,DONUSUM_Q,"ki, qi","ichki, tashqi, dastlabki","Önceki morfemde kalın sıralı ses varsa istisnaları dışında hep ""qi""; diğer durumlarda ""ki""",NNI_REL2_Qi,
IC_AITLIK_niki,niki,IC,Y,,AITLIK,,,niki,"meniki, uniki, kimniki, kitobniki",,NNI_REL3_niki,
IY_ISIM_ä,a,IY_ISIM,N,,IY_ISIM,,,a,"erka, beka, yuza",,NND_ä,
SY_ISIM_çä,cha,SY_ISIM,N,,SY_ISIM,,,cha,"qizilcha, ko‘kcha, olacha",,NJD_çä,
IY_ISIM_çä,cha,IY_ISIM,N,,IY_ISIM,,,cha,"turkcha, latincha, qopcha, qizcha, kitobcha",,NND_çä,
SY_SIFAT_çä,cha,SY_SIFAT,N,,SY_SIFAT,,,cha,"qoracha, ko‘kcha, yangicha, olacha",,JJD_çä,
IY_ISIM_çi,chi,IY_ISIM,N,,IY_ISIM,,,chi,"yolg‘onchi, qiziqchi, sovchi, tankidchi, o‘raqchi",,NND_çi,
IY_ISIM_çHQ ,chiQ,IY_ISIM,N,,IY_ISIM,,"DONUSUM_Q, YUMUSAMA_qg‘, YUMUSAMA_kg","chik, chiq","qopchiq, to‘ychiq, o‘yınchiq, lo‘pchik, kepchik, ","önceki morfemin bünyesinde kalın sıralı sesler varsa istisnaları dışında hep ""chiq""; diğer durumlarda chik.",NND_çHQ ,
SY_ISIM_çHQ ,chiQ,SY_ISIM,N,,SY_ISIM,,"DONUSUM_Q, YUMUSAMA_qg‘, YUMUSAMA_kg","chik, chiq",qorachiq,"önceki morfemin bünyesinde kalın sıralı sesler varsa istisnaları dışında hep ""chiq""; diğer durumlarda chik.",NJD_çHQ ,
IY_ISIM_çAQ,chAQ,IY_ISIM,N,,IY_ISIM,,"DONUSUM_Q, DONUSUM_A, YUMUSAMA_qg‘, YUMUSAMA_kg","chak, chaq, choq, çag, çag‘, çog‘","kelinchak, qo‘zichoq, irg‘itmachoq, yurtmachoq, kerilmachoq, olchoq, tiqmachoq, toychoq, o‘rgimchak, tugunchak, so‘kichak, maymunchak, ko‘mirchak, tiqinchoq,","önceki morfemin bünyesinde kalın sıralı sesler varsa istisnaları dışında hep ""choq""tur; diğer durumlarda chak. ",NND_çAQ,
IY_ISIM_çan,chan,IY_ISIM,N,,IY_ISIM,,,chan,"ishchan, uyatchan",,NND_çAN,
IY_ISIM_çang,chang,IY_ISIM,N,,IY_ISIM,,,chang,"ishchan, uyatchang",,NND_çAN,
IY_ISIM_AQ ,AQ,IY_ISIM,N,,IY_ISIM,,"DUSME_UNLU, DONUSUM_Q, DONUSUM_A, YUMUSAMA_qg‘, YUMUSAMA_kg","ak, oq, q, k, g‘, g, ag, og‘","boshoq, ichak, ","önceki morfemin bünyesinde kalın sıralı sesler varsa istisnaları dışında hep ""oq""tur; diğer durumlarda ak.",NND_AQ ,
IY_SIFAT_çil,chil,IY_SIFAT,N,,IY_SIFAT,,,chil,"dardchil, izchil, kamchil, kirchil",,JND_çil,
IY_ISIM_dåş,dosh,IY_ISIM,N,,IY_ISIM,,,dosh,"tengdosh, yo’ldosh, asrdosh, maslakdosh",,NND_dåş,
IY_ZARF_GH,Gi,IY_ZARF,N,,IY_ZARF,,DONUSUM_G,"gi, ki, g‘i, qi, ","yozgi, kechki, toshqi, ",,АND_GH ,Giz eki gibi tanımlandı.
SY_SIFAT_GHnä ,Gina,SY_SIFAT,N,,SY_SIFAT,,"DONUSUM_G,","gina, kina, g‘ina, qina, ","sekingina, quruqqina, kichkina, ",,JJD_GHnä ,Giz eki gibi tanımlandı.
IY_ISIM_GHnä ,Gina,IY_ISIM,N,,IY_ISIM,,"DONUSUM_G,","gina, kina, g‘ina, qina, ","bilakkina, bolagina, ",,NND_GHnä ,Giz eki gibi tanımlandı.
IY_ISIM_låq,loq,IY_ISIM,N,,IY_ISIM,,"YUMUSAMA_qg‘, YUMUSAMA_kg",loq,"yayloq, qishloq, toshloq, qumloq, o‘tloq, tuzloq",,NND_låq,
IY_ISIM_DHq,Diq,IY_ISIM,N,,IY_ISIM,,"DONUSUM_D, YUMUSAMA_qg‘, YUMUSAMA_kg","diq, tiq","burundiq, o‘rindiq qo‘ltiq, qoldiq","""tiq""; diğer durumlarda diq. ",NND_DHq,
IY_ISIM_Ga,Ga ,IY_ISIM,N,,IY_ISIM,,DONUSUM_G,"ga, g‘a, ka, qa","yo‘lka, o‘zga, boshqa, pukka, chikka, ",,NND_Ga,Giz eki gibi tanımlanabilir mi?
IY_SIFAT_li,li ,IY_SIFAT,N,,IY_SIFAT,,,li,"kitapli, dimog‘li, hurmatli, chiroyli",,JND_li,
IY_ISIM_lHQ,lIQ,IY_ISIM,N,,IY_ISIM,,"DONUSUM_Q, DONUSUM_I, YUMUSAMA_qg‘, YUMUSAMA_kg","lik, liq, luq, lig, lig‘, , lug, lug‘","nomozlik, tuzluq, botqoqliq, kuyovlik ","önceki morfemin bünyesinde kalın sıralı sesler varsa istisnaları dışında hep ""liq""; diğer durumlarda lik. ",NND_lHQ,
IY_SIFAT_lHQ,liQ,IY_SIFAT,N,,IY_SIFAT,,"DONUSUM_Q, YUMUSAMA_qg‘, YUMUSAMA_kg","lik, liq, lig‘, lig","bog‘liq, do’nglik, borliq, yo’qliq,","önceki morfemin bünyesinde kalın sıralı sesler varsa istisnaları dışında hep ""liq""; diğer durumlarda lik. ",JND_lHQ,
SY_ISIM_lHQ,liQ,SY_ISIM,N,,SY_ISIM,,"DONUSUM_Q, YUMUSAMA_qg‘, YUMUSAMA_kg","lik, liq, lig‘, lig","ko‘plik, ozliq, yaxshilik","önceki morfemin bünyesinde kalın sıralı sesler varsa istisnaları dışında hep ""liq""; diğer durumlarda lik. ",NJD_lHQ,
IY_ISIM_mån,mon ,IY_ISIM,N,,IY_ISIM,,,mon,"bilormon, ustomon ",,NND_mån,
SY_SIFAT_Hmtir,imtir ,SY_SIFAT,N,,SY_SIFAT,,DUSME_UNLU,"imtir, mtir","oqimtir, qoramtir, sarg‘imtir, qizg‘imtir",,JJD_Hmtir,
SY_SIFAT_råq,iroq ,SY_SIFAT,N,,SY_SIFAT,,"YUMUSAMA_qg‘k, DUSME_UNLU","roq, rog‘, iroq, irog‘","yaxshiroq, eskiroq, pastroq",,JJD_råq,
IY_SIFAT_simån,simon ,IY_SIFAT,N,,IY_SIFAT,,,simon,"oysimon, ignasimon, tuxumsimon",,JND_simån,
IY_SIFAT_siz,siz ,IY_SIFAT,N,,IY_SIFAT,,,siz,"vafosiz, keraksiz, uyqusiz",,JND_siz,
IY_SIFAT_tä,ta ,IY_SIFAT,N,,IY_SIFAT,,,ta,"beshta, oltita, to‘qqizta, bitta ",,JND_tä,
IY_ISIM_tåy,toy ,IY_ISIM,N,,IY_ISIM,,,toy,"shirintoy, kenjatoy, erkatoy ",,NND_tåy,
IY_ISIM_dån,don ,IY_ISIM,N,,IY_ISIM,,,don,"qalamdon, g’alladon, suvdon, qadrdon",,NND_dån,
IY_ISIM_DHrHQ,DHrHQ,IY_ISIM,N,,IY_ISIM,,"DONUSUM_D,DONUSUM_Q, DONUSUM_H, YUMUSAMA_qg‘, YUMUSAMA_kg","dirik, diriq, turuq","qiltiriq, bo‘yinturuq, o‘mildiriq ","önceki morfemin bünyesinde kalın sıralı sesler varsa istisnaları dışında hep ""diriq""; diğer durumlarda ""dirik""; özel durumlarda ""turuq"".",NND_DHrHQ,
IY_ISIM_Hn,Hn ,IY_ISIM,N,,IY_ISIM,,"DONUSUM_H, DUSME_UNLU","in, un","o‘tin, ustun, ",,NND_Hn,
IY_ISIM_måç,moch ,IY_ISIM,N,,IY_ISIM,,,moch,dilmoch,,NND_måç,
IY_ISIM_Hldåq,ildoq,IY_ISIM,N,,IY_ISIM,,"DUSME_UNLU, YUMUSAMA_qg‘, YUMUSAMA_kg","ildoq, ldoq","shilpildoq, kakildoq, hiqildoq",,NND_Hldåq,
IY_ISIM_låv,lov ,IY_ISIM,N,,IY_ISIM,,,lov,"yoyov, qishlov",,NND_låv,
IY_ISIM_zår,zor ,IY_ISIM,N,,IY_ISIM,,,zor,"anorzar, ekinzor, uzumzor, gulzor ",,NND_zår,
IY_ISIM_Hstån,iston ,IY_ISIM,N,,IY_ISIM,,DUSME_UNLU,"iston, ston","bog’iston, Qozog‘iston, Qirg‘iziston ",,NND_Hstån,
IY_ISIM_xånä,xona ,IY_ISIM,N,,IY_ISIM,,,xona,"loyxona, oshxona, muzxona",,NND_xånä,
IY_ISIM_gåh,goh ,IY_ISIM,N,,IY_ISIM,,,goh,"lashkargoh, janggoh, istinodgoh",,NND_gåh,
IY_SIFAT_(v)iy,viy ,IY_SIFAT,N,,IY_SIFAT,,DUSME_UNSUZ,"viy, iy","adabiy, partiyaviy, irqiy, irsiy, insoniy",,JND_(v)iy,
IY_SIFAT_äki,aki ,IY_SIFAT,N,,IY_SIFAT,,,aki,"qalbaki, zo‘raki, dastaki",,JND_äki,
IY_ISIM_ik,ik ,IY_ISIM,N,,IY_ISIM,,,ik,"biologik, fiziologik, demagogik, geografik",,NND_ik,
IY_SIFAT_iv,iv ,IY_SIFAT,N,,IY_SIFAT,,,iv,"ob’ektiv, sub’ektiv, konservativ",,JND_iv,
IY_SIFAT_al,al ,IY_SIFAT,N,,IY_SIFAT,,,al,"genial, kolonial, gorizontal, momental, natsional ",,JND_al,
IY_ISIM_ion,ion ,IY_ISIM,N,,IY_ISIM,,,ion,"redaksion, kompozitsion, redaksion, revolyutsion",,NND_ion,
SY_SIFAT_iş,ish,SY_SIFAT,N,,SY_SIFAT,,,ish,"ko’kish, og’ish",,JJD_iş,
SY_SIFAT_ġış,g‘ish ,SY_SIFAT,N,,SY_SIFAT,,,g‘ish,"sarg‘ish, qizg‘ish",,JJD_ġış,
IY_ZARF_läb,lab ,IY_ZARF,N,,IY_ZARF,,,lab,"onlab, minglab, yuzlab",,AND_läb,
IY_ISIM_älä,ala ,IY_ISIM,N,,IY_ISIM,,,ala,"uchala, to’rtala, beşala, ikkala","ikki, yetti gibi sayılara bu sayıların sonlarındaki ünlü düşecek.",NND_älä,
IY_ISIM_åv,ov ,IY_ISIM,N,,IY_ISIM,,,ov,"yettov, ikkov, uchov","ikki, yetti gibi sayılara bu sayıların sonlarındaki ünlü düşecek.",NND_åv,
IY_ISIM_cån,jon,IY_ISIM,N,,IY_ISIM,,,jon,akajon ,,NND_cån,
IY_ISIM_xån,xon,IY_ISIM,N,,IY_ISIM,,,xon,duoxon ,,NND_xån,
IY_ISIM_åy,oy,IY_ISIM,N,,IY_ISIM,,,oy,Erkinoy,,NND_åy,
IY_ISIM_åt,ot,IY_ISIM,N,,IY_ISIM,,,ot,iqtisodiyot,,NND_åt,
IY_SIFAT_iy,iy,IY_ISIM,N,,IY_ISIM,,,iy,iqtisodiy,,JND_iy,
IY_SIFAT_åniy,oniy,IY_ISIM,N,,IY_ISIM,,,oniy,nuroniy,,JND_åniy,
IY_ISIM_dår,dor,IY_ISIM,N,,IY_ISIM,,,dor,dahldor,,NND_dår,
IY_ISIM_al,al,IY_ISIM,N,,IY_ISIM,,,al,dialektal,,NND_al,
FY_ISIM_AQ,AQ,FY_ISIM,N,,FY_ISIM,,"DONUSUM_A,DONUSUM_Q, DUSME_UNLU, YUMUSAMA_qg‘, YUMUSAMA_kg","ak, aq, oq, q, k, g‘, g, ag‘, ag, og‘","bo‘lak, tilak, qo‘noq, qochoq, yotoq, qiynoq, so‘roq, sanoq, suvoq, to‘lg‘oq, ","önceki morfemin bünyesinde kalın sıralı sesler varsa istisnaları dışında hep ""oq""tur; diğer durumlarda ak.",NVD_AQ,
FY_ISIM_IQ,IQ,FY_ISIM,N,,FY_ISIM,,"DONUSUM_Q,DONUSUM_I, DONUSUM_A,DUSME_UNLU, YUMUSAMA_qg‘, YUMUSAMA_kg, SERTLESME_g‘q, At_ot, SILME_SONSES,","ik, iq, uq, k, q, g‘, g"," kekirik, uzuq, o‘g‘riq, qiliq, sovuq, qochiriq, chopiq, qo‘shiq","önceki morfemin bünyesinde kalın sıralı sesler varsa uyuma göre ""iq"" veya ""oq""; değer durumlarda ""ik"" ve ""ak""; özel durumlarda ""uq"". ",NVD_AQ,
FY_SIFAT_AQ,AQ,FY_SIFAT,N,,FY_SIFAT,,"DONUSUM_A,DONUSUM_Q, DUSME_UNLU, YUMUSAMA_qg‘, YUMUSAMA_kg, ","ak, oq, q, k, g‘, g","bo‘lak, boqiroq, qoloq,  yaltiroq, tarqoq, porloq, chanqoq shaldiroq, shildiroq, titroq, ","önceki morfemin bünyesinde kalın sıralı sesler varsa istisnaları dışında hep ""oq""tur; diğer durumlarda ak.",JVD_AQ,
FY_ISIM_Hv,uv ,FY_ISIM,N,,FY_ISIM,,DUSME_UNLU,"ov, uv","sinov, to‘lov, yozuv, so‘rov, o‘quv",,NVD_Hv,
FY_ISIM_Hnç,inch,FY_ISIM,N,,FY_ISIM,,DUSME_UNLU,"inch, nch","sevinch, qo'rqunch, tiqilinch",,NVD_Hnç,
FY_ISIM_nç,nch,FY_ISIM,N,,FY_ISIM,,DUSME_UNSUZ,"nch, ch","o‘kinch, qizg‘onch, tayanch",n sesiyle biten fiillere ch varyantı gelir. ,NVD_nç,
FY_SIFAT_çAQ,chAQ,FY_SIFAT,N,,FY_SIFAT,,"DONUSUM_A,DONUSUM_Q, YUMUSAMA_qg‘, YUMUSAMA_kg","chak, choq, chag, chog‘","tortinchoq, urinchoq, erinchak, ilinchoq, yig‘inchoq, maqtanchoq, ovunchoq, taqinchoq, tiyg‘onchoq, toyg‘anchoq, emchak, hayinchak, halinchak, solinchak, ku‘yinchak, kemirchak, belanchak","önceki morfemin bünyesinde kalın sıralı sesler varsa istisnaları dışında hep ""choq""tur; diğer durumlarda chak. ",JVD_çAQ,
FY_ISIM_çHq,chiQ,FY_ISIM,N,,FY_ISIM,,"DONUSUM_H,DONUSUM_Q, YUMUSAMA_qg‘, YUMUSAMA_kg","chik, chiq","suyanchiq, sirg‘anchiq, qizg‘onchiq","önceki morfemin bünyesinde kalın sıralı sesler varsa istisnaları dışında hep ""chiq""; diğer durumlarda chik.",NVD_çHq,
FY_ISIM_dAQ,dAQ,FY_ISIM,N,,FY_ISIM,,"DONUSUM_A,DONUSUM_Q, YUMUSAMA_qg‘, YUMUSAMA_kg","dak, doq, dag, dog‘","kekirdak, qovurdoq","önceki morfemin bünyesinde kalın sıralı sesler varsa istisnaları dışında hep ""doq""; diğer durumlarda dak. ",NVD_dAQ,
FY_ISIM_dHQ,diQ,FY_ISIM,N,,FY_ISIM,,"DONUSUM_Q, YUMUSAMA_qg‘, YUMUSAMA_kg","dik, diq","siydik, tashlandiq, qoldiq, topildiq","önceki morfemin bünyesinde kalın sıralı sesler varsa istisnaları dışında hep ""diq""; diğer durumlarda dik. ",NVD_dHQ,
FY_ISIM_GH,GI,FY_ISIM,N,,FY_ISIM,,"DONUSUM_G,DONUSUM_I","gi, ki, g‘i, qi,gu, ku, g‘u, qu  ","sezgi, yoqilg‘i, kulgi, sanchqi, tuyg‘u, turtki",,NVD_GH,Giz eki gibi tanımlandı. 
FY_ISIM_GHç,Gich,FY_ISIM,N,,FY_ISIM,,DONUSUM_G,"gich, g‘ich, kich, qich","purkagich, yelpig‘ich ko‘rsatkich, ochqich, eritkich, yirtqich, tutqich, yulg‘ich","Sonu sert ünsüzlerle biten ve bünyesinde kalın sesler bulunan morfemlere bu ek gelince GHch=>qich olarak gerçeklenir. Sonu sert ünsüzlerle biten ve bünyesinde ince sesler bulunan morfemlere bu ek gelince GHch=>kich olarak gerçeklenir. Sonu ünlüler ve yumuşak ünsüzlerle biten, bünyesinde kalın sesler bulunan morfemlere bu ek gelince GHch=> g‘ich olarak gerçeklenir; Sonu ünlüler ve yumuşak ünsüzlerle biten, bünyesinde ince sesler bulunan morfemlere bu ek gelince GHch=>gich olarak gerçeklenir.",NVD_GHç,Giz eki gibi tanımlandı. 
FY_ISIM_GHn,GIn,FY_ISIM,N,,FY_ISIM,,"DONUSUM_G,DONUSUM_I","gin, g‘in,g‘un kin, qin, gun, qun, kun","sotqin, tur g‘un, tushkun, uchqun, qizg‘in, to‘sqin, keskin, surgun ","Sonu sert ünsüzlerle biten ve bünyesinde kalın sesler bulunan morfemlere bu ek gelince GHn=>qin olarak gerçeklenir. Sonu sert ünsüzlerle biten ve bünyesinde ince sesler bulunan morfemlere bu ek gelince GHn=>kin olarak gerçeklenir. Sonu ünlüler ve yumuşak ünsüzlerle biten, bünyesinde kalın sesler bulunan morfemlere bu ek gelince GHn=> g‘in olarak gerçeklenir; Sonu ünlüler ve yumuşak ünsüzlerle biten, bünyesinde ince sesler bulunan morfemlere bu ek gelince GHn=>gin olarak gerçeklenir.",NVD_GHn,Giz eki gibi tanımlandı. 
IY_ISIM_qur,qur,IY_ISIM,N,,IY_ISIM,,,qur,"yovqur,",,NND_qur,
FY_SIFAT_GHr,GIr,FY_SIFAT,N,,FY_SIFAT,,"DONUSUM_G,DONUSUM_I","gir, g‘ir, kir, qur, kur, g‘ur, ","sezgir, olg‘ir, o‘tkir, topqir, tinmagur, tushkur, uchqur,","Sonu sert ünsüzlerle biten ve bünyesinde kalın sesler bulunan morfemlere bu ek gelince GHr=>qir olarak gerçeklenir. Sonu sert ünsüzlerle biten ve bünyesinde ince sesler bulunan morfemlere bu ek gelince GHr=>kir olarak gerçeklenir. Sonu ünlüler ve yumuşak ünsüzlerle biten, bünyesinde kalın sesler bulunan morfemlere bu ek gelince GHr=> g‘ir olarak gerçeklenir; Sonu ünlüler ve yumuşak ünsüzlerle biten, bünyesinde ince sesler bulunan morfemlere bu ek gelince GHr=>gir olarak gerçeklenir.",JVD_GHr,Giz eki gibi tanımlandı. 
,,,,,,,,,,,,
FY_ISIM_ĠHnDH,Gindi,FY_ISIM,N,,FY_ISIM,,"DONUSUM_G, DUSME_UNLU, i_","gindi, g‘indi, indi, ndi ","kelgindi, yig‘indi, yuvindi, tashlandi",,NVD_(ĠH)nDH,Giz eki gibi tanımlanabilir mi?
FY_ISIM_Im,Im,FY_ISIM,N,,FY_ISIM,,"DONUSUM_I, DUSME_UNLU","im,um, m","chaynam, siqim, yutum, kesim, bitim, oqim, tushum, o‘rum ",,NVD_Im,
FY_ISIM_am,am,FY_ISIM,N,,FY_ISIM,,DUSME_UNLU,am," tutam,","önceki morfem ünlü ile bitiyorsa ""m"", önceki morfemin bünyesindeki geniş ünlü varsa istisnaları dışında ""am""; değilse ""im""; özel durumlarda um",NVD_am,
FY_ISIM_mä,ma,FY_ISIM,N,,FY_ISIM,,choq,ma,"bo‘lma, birikma, bosma, yo‘llanma, ayirma, ko‘chirma, yozma",,NVD_mä,
FY_ISIM_måq,moq,FY_ISIM,N,,FY_ISIM,,,moq,"qarmoq, ilmoq, chakmoq, jilmaymoq, dudlamoq, alanglamak",,NVD_måq,
FY_ISIM_Hn,In,FY_ISIM,N,,FY_ISIM,,"DONUSUM_I, DUSME_UNLU, chak","in, un, n","bo‘g‘in, yog‘in, yig‘in, tugun, tutun, ekin, kelin, talon, ",,NVD_Hn,
FY_ISIM_Hş,ish,FY_ISIM,N,,FY_ISIM,,"DONUSUM_H, DUSME_UNLU","ish, sh","urish, qarg‘ish, burilish, ko‘rinish, o‘xshash, ishlash",,NVD_Hş,
FY_ISIM_Uş,ush,FY_ISIM,N,,FY_ISIM,,DUSME_UNLU,ush,urush,,NVD_Uş,
FY_ISIM_mHş,mish,FY_ISIM,N,,FY_ISIM,,DONUSUM_H,"miş, muş","o‘tmish, kechmish, turmush, yemish",,NVD_mHş,
FY_ISIM_ånġHç,ong‘ich,FY_ISIM,N,,FY_ISIM,,,"ong‘inch, ng‘inch","tepong‘ich, suzong‘ich, qopog‘ich","önceki morfem ünü ile bitiyorsa ""ng‘inch"", değilse ""ong‘inch"", özel durumlarda ""og‘inch"". ",NVD_ånġHç,
FY_ISIM_åġHç,og‘ich,FY_ISIM,N,,FY_ISIM,,,og‘inch,qopog‘ich,,NVD_åġHç,
FY_SIFAT_äġån,ag‘on,FY_SIFAT,N,,FY_SIFAT,,,ag‘on,bilag‘on,,JVD_äġån,
FY_SIFAT_äsi,asi,FY_SIFAT,N,,FY_SIFAT,,,asi,"o‘lasi, kelasi",,JVD_äsi,
FY_SIFAT_Hnç,inch,FY_SIFAT,N,,FY_SIFAT,,"DONUSUM_H, DUSME_UNLU, DUSME_UNSUZ","inch, nch, ch","qızg’anch, qo'rqınch, ",sonu n ile biten fiillerden sonra ekin ünlüsü de ünsüzü de düşer. ,JVD_HNç,
FY_SIFAT_QAQ,QAQ,FY_SIFAT,N,,FY_SIFAT,,"DONUSUM_Q,DONUSUM_A, YUMUSAMA_kg, YUMUSAMA_qg‘","qoq, qog‘, kak, kag","urishqoq, pishkak","önceki morfemin bünyesinde kalın sıralı sesler varsa istisnaları dışında hep ""qoq""; diğer durumlarda ""kak"".",JVD_QAQ,
FY_SIFAT_çHQ ,chiQ,FY_SIFAT,N,,FY_SIFAT,,"DONUSUM_H,DONUSUM_Q, YUMUSAMA_qg‘, YUMUSAMA_kg","chik, chiq","quvonchiq, qizg‘anchiq, qavarchiq, yupanchiq, tepchik","önceki morfemin bünyesinde kalın sıralı sesler varsa istisnaları dışında hep ""chiq""; diğer durumlarda ""chik"".",JVD_çHQ ,
SY_ZARF_çä,cha,SY_ZARF,N,,SY_ZARF,,,"ncha, cha","buncha, mardcha, o‘zlaricha, meningcha, o‘zicha, bizningcha",,AJD_çä,
SY_ZARF_lärçä,larcha,SY_ZARF,N,,SY_ZARF,,,larcha,"mardlarcha, do‘stlarcha, kattalarcha, asrlarcha, bolalarcha",,AJD_lärçä,
SY_ZARF_çäsigä,chasiga,SY_ZARF,N,,SY_ZARF,,,chasiga,"mardchasiga, harbiychasiga, kahramonchasiga",,AJD_çäsigä,
ZY_ZARF_day,day,ZY_ZARF,N,,ZY_ZARF,,,"nday, day","bahordagiday, shunday, bunday, cho‘chiganday, ",bazı kelimelelere bu ek gelince ikisinin arasında n sesi türer.,AAD_day,
ZY_ZARF_dAG,dAG,ZY_ZARF,N,,ZY_ZARF,,"DONUSUM_G, DONUSUM_A","ndak, ndoq, ndek, dak, doq, dek, ndag, ndog‘, ndeg, dag, dog‘, deg ","shuningdek, qo‘rg‘oshindek, aylangandek, avvaldagidek, jindak, shundog‘, undoq, shundoq, bundoq,",bazı kelimelelere bu ek gelince ikisinin arasında n sesi türer.,AAD_dAG,
ZY_ZARF_dAQA,daQa,ZY_ZARF,N,,ZY_ZARF,,"DONUSUM_Q, ","ndaka, ndaqa, daka, daqa","shundaqa, bundaqa, yolg‘ondaka, kungidaka, ushandaqa, mendaqa",bazı kelimelelere bu ek gelince ikisinin arasında n sesi türer.,AAD_dAQA,
IY_ZARF_ånä,ona,IY_ZARF,N,,IY_ZARF,,,ona,"do‘stona, birodorona, okilona, kamtarona, xolisona, ",,AND_ånä,
SY_ZARF_(ä/s)igä,asiga,SY_ZARF,N,,SY_ZARF,,,"asiga, siga, iga","birdanigä, qatorasiga, rostakamiga, uzunasiga, chinikamiga, shunakasiga","önceki morfem bulunma hali eki almış veya sonu ünsüz ile biten ekleri alan bazı kalıplaşmış morfemlerden sonra ""iga""; önceki morfem ünlü ile bitiyorsa ""siga""; önceki morfem ünsüz ile bitiyorsa ""asiga""",AJD_(ä/s)igä,
SY_ZARF_kan,kan,SY_ZARF,N,,SY_ZARF,,,kan,"turarkan, kelarkan",,,
EKFIIL_ekan,_ekan ,SY_ZARF,N,,SY_ZARF,,ALTTIRE_KALDIR,_ekan,"tarar ekan, kelar ekan",,,
SY_ZARF_Gäçä,gacha,SY_ZARF,N,,SY_ZARF,,,"ngacha, gacha","yakingacha, xozirgacha, bungacha, tushgacha, haligacha",,AJD_Gäçä,
SY_ZARF_simån,simon ,SY_ZARF,N,,SY_ZARF,,,simon,"xafosimon, arazsimon,",,AJD_simån,
DONUSLU_Hn,in,FC,,,CATI,,DUSME_UNLU,"in, n","qaran, taran",,X_Hn,
EDILGEN_Hl,il,FC,,,CATI,,DUSME_UNLU,"il, l","bezal, qoyil, yig‘il, ko‘mil, yoril, osil, suyil, eshitil, kutil, beril, qoshil, ozgartil, ko‘ril, aytil, yozil",,PASSL_Hl,
EDILGEN_Hn,in,FC,,,CATI,,DUSME_UNLU,"in, n","ishlan, boshlan, tashlan",,PASSN_Hn,
ISTES_Hş,ish,FC,,,CATI,,DUSME_UNLU,"ish, sh","yondash, qarash, boqish, kulish, korishish, uchrash, tartish, qilish, marash, yaqinlash, yubarish, yozish",,RECP_Hş,
ETTIRGEN_Er,Er,FC,,,CATI,,"DUSME_UNLU, DONUSUM_E","ar, ir, r","chiqar, qaytar, qo‘par, oshir, botir, ichir, qochir, qotir, kechir, ko‘chir, o‘chir, pishir, sishir, toshir, uchir, yitir, yoshir, ","önceki imorfem ünlü ile bitiyorsa ""r""; önceki morfemin bünyesinde geniş ünlüler varsa istisnaları dışında ""ar""; değilse ""ir""",CAUSR_Ar,
ETTIRGEN_Där,Dar,FC,,,CATI,,DONUSUM_D,"dar, tar","ag‘dar, antar, to‘ntar",,CAUSDAR_Där,
ETTIRGEN_DHr,Dir,FC,,,CATI,,DONUSUM_D,"dir, tir ","bildir, sindir, aylantir, o‘ldir, chiqartir, keltir, abadiylaştir, o‘tkazdir, emizdir, uzdir, ko‘peytir, aylantir. ","fsktqch ve l  ile biten tek heceli morfemlerden (sadece tek heceli kel- fiilinden) sonra ""tir""; sonu ln sesleriyle biten eklerden sonra ""tir""; diğer durumlarda ""dir""",CAUSDIR_DHr,
ETTIRGEN_GIz,Giz,FC,,,CATI,,"DONUSUM_G, IKIZLESME_kk,IKIZLESME_qq","giz, g‘iz, kiz, qiz","yetkiz, ketkiz, kirgiz, kiygiz, mingiz, o‘tkiz, tekkiz, tolg‘iz, toyg‘iz, turg‘ız, tutqiz, yotqiz","Sonu sert ünsüzlerle biten ve bünyesinde kalın sesler bulunan morfemlere bu ek gelince Giz=>qiz olarak gerçeklenir. Sonu sert ünsüzlerle biten ve bünyesinde ince sesler bulunan morfemlere bu ek gelince Giz=>kiz olarak gerçeklenir. Sonu ünlüler ve yumuşak ünsüzlerle biten, bünyesinde kalın sesler bulunan morfemlere bu ek gelince Giz=>g‘iz olarak gerçeklenir; Sonu ünlüler ve yumuşak ünsüzlerle biten, bünyesinde ince sesler bulunan morfemlere bu ek gelince Giz=>giz olarak gerçeklenir.",CAUSG‘IZ_GHz,Giz eki gibi tanımlandı. 
ETTIRGEN_Gaz,Gaz,FC,,,CATI,,DONUSUM_G,"gaz, kaz, g‘az, qaz ","ko‘rgaz, yutkqaz, o‘tkaz,","Sonu sert ünsüzlerle biten ve bünyesinde kalın sesler bulunan morfemlere bu ek gelince Gaz=>qaz olarak gerçeklenir. Sonu sert ünsüzlerle biten ve bünyesinde ince sesler bulunan morfemlere bu ek gelince Gaz=>kaz olarak gerçeklenir. Sonu ünlüler ve yumuşak ünsüzlerle biten, bünyesinde kalın sesler bulunan morfemlere bu ek gelince Gaz=> g‘az olarak gerçeklenir; Sonu ünlüler ve yumuşak ünsüzlerle biten, bünyesinde ince sesler bulunan morfemlere bu ek gelince Gaz=>gaz olarak gerçeklenir.",CAUSG‘AZ_GAz,Giz eki gibi tanımlandı. 
ETTIRGEN_GEr,GEr,FC,,,CATI,,"DONUSUM_G, DONUSUM_E","gir, g‘ir, kir, qir, gar, kar, g‘ar, qar","ozg‘ir, ot‘kar","önceki morfemin bünyesinde geniş ünlüler varsa istisnaları dışında ""ar""; değilse ""ir""",CAUSQAR_GJr,Giz eki gibi tanımlandı. 
ETTIRGEN_sät,sat,FC,,,CATI,,,sat,ko‘rsat,,CAUSSAT_sät,
ETTIRGEN_t,it,FC,,,CATI,,"G_k, DUSME_UNLU","t, it","qurit, taraqlat, erit, to‘xtat, yarimlat, uzat, oxshat, tirilt, oqart, qorayt, berkit, bekit",,CAUST_t,
ETTIRGEN_t,it,FC,,,CATI,,DUSME_UNLU,"t, it","qurit, taraqlat, erit, to‘xtat, yarimlat, uzat, oxshat, tirilt, oqart, qorayt, berkit, bekit",,CAUST_t,
ETTIRGEN_Hz,iz,FC,,,CATI,,,"iz, z","oqiz, boqiz, emiz, tomiz, tegiz",,CAUSIZ _Hz,
OLUMSUZLUK_mä,ma,FC,Y,,OLUMSUZLUK,,"GHr, EKLE_y",ma,"kelma, borma, ketma",,NEG_ma,
FC_ZAMAN_GENIS_Ur,ar,FC,Y,,FIIL_ZAMAN,,DUSME_UNLU,"ar,r, ur, ","ketar, kelar, yoqar, tegar, qararman","Önceki morfem ünlüyle bitiyorsa ""r""; değilse ""ar""; özel durumlarda ""ur"". ",TAORSA_Hr,tarihi metinlerle edebi metinlerde bazen -ur varyantına da rastlanmaktadır.
FC_ZAMAN_GENIS_mäs,mas,FC,Y,,FIIL_ZAMAN,,,mas ,"ketmas, kelmas, yoqmas",,,
FC_ZAMAN_SIMDIKI_yäp,yap,FC,Y,,FIIL_ZAMAN,,,"ayap, yap","ketyapti, kelyapti, yoqyapti, tegyapti, tilayapti, o‘qiyapmiz",,TPROGAYAP_Ayäp,
FC_ZAMAN_SIMDIKI_Ayåtib,ayotib,FC,Y,,FIIL_ZAMAN,,DUSME_UNLU,"ayotib, yotib","ketayotibdi, kelayotibdi, yoqayotibdi, tegayotibdi",,TPROGAYATIB_Ayåtib,
FC_ZAMAN_SIMDIKI_Ayåtir,ayotir,FC,Y,,FIIL_ZAMAN,,DUSME_UNLU,"ayotir, yotir","ketayotir, kelayotir, yoqayotir, tegayotir",,TPROGAYATIR_Ayåtir,
FC_ZAMAN_SIMDIKI_måqdä ,moqda ,FC,Y,,FIIL_ZAMAN,,,moqda,"ketmoqda, kelmoqda, yoqmoqda, tegmoqda",,TPROGMOQDA_måqdä ,
FC_ZAMAN_SIMDIKI_Hb_turib,ib_turib,FC,Y,,FIIL_ZAMAN,,"DUSME_UNLU, ALTTIRE_KALDIR","ib_turib, b_turib","ketib turibdi, kelib turibdi, yoqib turibdi, tegib turibdi",,PROGIB1_Hb_turib,
FC_ZAMAN_SIMDIKI_Hb_yåtib,ib_yotib,FC,Y,,FIIL_ZAMAN,,"DUSME_UNLU, ALTTIRE_KALDIR","ib_yotib, b_yotib","ketib yotibdi, kelib yotibdi, yoqib yotibdi, tegib yotibdi",,PROGIB2 _Hb_yåtib,
FC_ZAMAN_SIMDIKI_Hb_otirib,ib_o‘tirib,FC,Y,,FIIL_ZAMAN,,"DUSME_UNLU, ALTTIRE_KALDIR","ib_o‘tirib, b_o‘tirib","ketib o‘tiribdi, kelib o‘tiribdi, yoqib o‘tiribdi, tegib o‘tiribdi ",,PROGIB3 _Hb_otirib,
FC_ZAMAN_SIMDIKI_Hb_yürib,ib_yurib,FC,Y,,FIIL_ZAMAN,,"DUSME_UNLU,ALTTIRE_KALDIR","ib_yurib, b_yurib","borib yuribdi, olib yuribdi, toqıb yuribdi, kelib yuribdi",,PROGIB4_Hb_yürib,
FC_ZAMAN_GECMIS_di,di,FC,Y,,FIIL_ZAMAN,,,di,"ketdi, keldi, yoqdi, tegdi",,TPASTD_di,
FC_ZAMAN_GECMIS_GAn,Gan,FC,Y,,FIIL_ZAMAN,,"DONUSUM_G, IKIZLESME_kk,IKIZLESME_qq","gan, qan, kan","ketgan, kelgan, yoqqan, tekkan, qolgan",,TPASTG_GAn,
FC_ZAMAN_GECMIS_miş,mish,FC,Y,,FIIL_ZAMAN,,,mish,"qo‘ymişsen, chetlanmishlar",,XPASTM_miş,
FC_ZAMAN_GECMIS_Hb,ib,FC,Y,,FIIL_ZAMAN,,DUSME_UNLU,"ib, b","ketibdi, kelibdi, yoqibdi, tegibdi, o‘qibman, ",,TPASTNARR_Hb,
FC_ZAMAN_SIMDIKI_GELECEK_Ay,ay,FC,Y,,FIIL_ZAMAN,,"DUSME_UNLU, ay_a, ","a, y,","ketadi, keladi, yoqadi, tegadi, tilaydi",,TFUTRAY_Ay,
FC_ZAMAN_GELECEK_yäcäk,yajak,FC,Y,,FIIL_ZAMAN,,DUSME_UNSUZ,"ajak, yajak","ketajak, kelajak, yoqajak, tegajak, tilayajak",,TFUTRAJAK_yäcäk,
OLUMSUZLUK_emäs,_emas,FC,Y,,OLUMSUZLUK,,ALTTIRE_KALDIR,_emas,"ketgan emas, kelgan emas, yoqqan emas, tekkan emas",,XNEGE_emäs,
OLUMSUZLUK_yoq,_yoq,FC,Y,,OLUMSUZLUK,,ALTTIRE_KALDIR,_yoq,"ketganim yo‘q, kelganing yo‘q, yoqqani yo‘q, tekkanleri yo‘q",,XNEGY_ 0yoq,
FC_FIIL_KIP_SART_sä,sa,FC,Y,,FIIL_KIP,,,sa,"ketsa, kelsa, yoqsa, tegsa, tilasa",,XCOND_sä,
BIRLESIK_SART_esa,,,,,,,,,,,,
FC_FIIL_KIP_ISTEK_måqçi,moqchi,FC,Y,,FIIL_KIP,,,moqchi,"ketmoqchi, kelmoqchi, yoqmoqchi, tegmoqchi, tilamoqchi",,TOPTAMÇ_måqçi,
FC_FIIL_KIP_ISTEK_GAy,Gay,FC,Y,,FIIL_KIP,,"DONUSUM_G, IKIZLESME_kk,IKIZLESME_qq","gay, g‘ay, kay, qay","topqay, chiqqay, bo’lg‘ay",,TOPTAGY_GАy,
FC_FIIL_KIP_ISTEK_GI_si_bar,Gisi_bar,FC,Y,,FIIL_KIP,,"DONUSUM_G, ALTTIRE_KALDIR","g‘isi_bor, gisi_bor, kisi_bor, qisi_bor","ichkisi bor, chiqqisi bor, yoqqisi bor",,TOPTAGI_GI_si_bar,
FC_FIIL_KIP_ISTEK_GI_si_yoq,Gisi_yoq,FC,Y,,FIIL_KIP,,"DONUSUM_G, ALTTIRE_KALDIR","g‘isi_yoq, gisi_yoq, kisi_yoq, qisi_yoq","ichkisi yo‘q, chiqqisi yo‘q, yoqqisi yo‘q",,TOPTAGI_GI_si_yoq,
FC_FIIL_KIP_ISTEK_GI_si_kel,Gisi_kel,FC,Y,,FIIL_KIP,,"DONUSUM_G, ALTTIRE_KALDIR","g‘isi_kel, gisi_kel, kisi_kel, qisi_kel","ichkisi keladi, chiqqisi keladi, yoqqisi keladi",,TOPTAGI1_GI_si_kel,
FC_FIIL_GEREKLILIK_Iş_i_keräk,ishi_kerak,FC,Y,,FIIL_KIP,,ALTTIRE_KALDIR,"ishi_kerak, shi_kerak","ketishi kerak, tegishi kerak, tilashi kerak",,TNECEŞ_Iş_i_keräk,
FC_FIIL_GEREKLILIK_Iş_i_låzım,ishi_lozım,FC,Y,,FIIL_KIP,,ALTTIRE_KALDIR,"ishi_lozim, shi_lozim","yoqishi lozim, ",,TNECEŞ_Iş_i_låzım,
FC_FIIL_GEREKLILIK_Iş_i_zärür,ishi_zarur,FC,Y,,FIIL_KIP,,ALTTIRE_KALDIR,"ishi_zarur, shi_zarur", kelishi zarur,,TNECEŞ_Iş_i_zärür,
FC_FIIL_GEREKLILIK_måq_keräk,maq_kerak,FC,Y,,FIIL_KIP,,ALTTIRE_KALDIR,maq_kerak,"ketmoq kerak, tegmoq kerak, tilamoq kerak",,TNECEMQ_måq_keräk,
FC_FIIL_GEREKLILIK_måq_låzım,maq_lozim,FC,Y,,FIIL_KIP,,ALTTIRE_KALDIR,maq_lozim,yoqmoq lozim,,TNECEMQ_måq_låzım,
FC_FIIL_GEREKLILIK_måq_zärur,maq_zarur,FC,Y,,FIIL_KIP,,ALTTIRE_KALDIR,maq_zarür,kelmoq zarur,,TNECEMQ_måq_zärür,
FC_FIIL_GEREKLILIK_uv_keräk,uv_kerak ,FC,Y,,FIIL_KIP,,ALTTIRE_KALDIR,"uv_kerak, v_kerak","ketuv kerak, keluv kerak, yoquv kerak, teguv kerak, tilоv kerak",,TNECEV_uv_keräk ,
FC_FIIL_GEREKLILIK_uv_låzim,uv_lozim ,FC,Y,,FIIL_KIP,,ALTTIRE_KALDIR,"uv_lozim, v_lozim","teguv lozim, tilоv lozim",,TNECEV_uv_låzim ,
FC_FIIL_GEREKLILIK_uv_zärur,uv_zarur ,FC,Y,,FIIL_KIP,,ALTTIRE_KALDIR,"uv_zarur, v_zarur","teguv zarur, tilоv zarur",,TNECEV_uv_zärur ,
EKFIIL_HIKAYE_edi,_edi,FC,Y,,HIKAYE,,ALTTIRE_KALDIR,_edi,"ketishim kerak edi, kelmog‘i zarur edi, yoqqaning yoq edi, tegsak kerak edi, tilashlari lozim emas edi",,XDUBTE1_edi,
EKFIIL_HIKAYE_di,di,FC,Y,,HIKAYE,,,di,qorqardi,,,
EKFIIL_RIVAYET_ekan,_ekan ,FC,Y,,RIVAYET,,ALTTIRE_KALDIR,_ekan,"ketishim kerak ekan, kelmog‘i zarur ekan, yoqqaning yoq ekan, tegsak kerak ekan, tilashlari lozim emas ekan, bosdim ekan",,XPASTEK1_ekän,
EKFIIL_RIVAYET_kan,kan ,FC,Y,,RIVAYET,,,kan,"kelarkan, olirkan, ketarkan",,XPASTEK1_ekän,
EKFIIL_RIVAYET_emiş,_emish,FC,Y,,RIVAYET,,ALTTIRE_KALDIR,_emish,"ketishim kerak emish, kelmog‘i zarur emish, yoqqaning yoq emish, tegsak kerak emish, tilashlari lozim emas emish",,XPASTEM3_emiş,
EKFIIL_SART_esa,_esa,FC,Y,,SART,,ALTTIRE_KALDIR,_esa,"men esam, sen esang, kishilari esa",,,
EKFIIL_SART_bolsä,_bo‘lsa,FC,Y,,SART,,ALTTIRE_KALDIR,_bo‘lsa,"ketishim kerak bo‘lsa, kelmog‘i zarur bo‘lsa, yoqqaning yoq bo‘lsa, tilashlari kerak bo‘lsa ",,XCONDB1_bolsä,
FC_YF_YETERLILIK_Ay_ål,ay_ol,FC,Y,,TASFIR_FIIL,,"DUSME_UNLU, DUSME_UNSUZ, ALTTIRE_KALDIR","a_ol, y_ol","ola oldim, ko‘ra olgan edim, topa olasanmi, oqiy olmayman",,TAYAL_Ay_ål,
FC_YF_YETERSIZLIK_Ay_ålmä,ay_olma,FC,Y,,TASFIR_FIIL,,"DUSME_UNLU, DUSME_UNSUZ, ALTTIRE_KALDIR","ay_olma, y_olma","ololmadim, ko‘ra olmagan, topa olmaysanmi, oqiy olmayman",,TAYALMA_Ay_ålmä,
FC_YF_YETERLILIK_Ay_bil,ay_bil,FC,Y,,TASFIR_FIIL,,"DUSME_UNLU, DUSME_UNSUZ, ALTTIRE_KALDIR","ay_bil, y_bil","boshqara bilish, qila bilish",,TAYBİL_Ay_bil,
FC_YF_TEZLIK_Hb_yubår,ib_yubor,FC,Y,,TASFIR_FIIL,,"DUSME_UNLU, ALTTIRE_KALDIR","ib_yubor, b_yubor","aytib yubor, kulib yubor, qoyib yubor, deb yubor",,BYUBOR_Hb_yubår,
FC_YF_TEZLIK_Hb_täşlä,ib_taşla,FC,Y,,TASFIR_FIIL,,"DUSME_UNLU, ALTTIRE_KALDIR","ib_tashla, b_tashla","аytib tashla, olib tashla, yiqib tashla",,TTASHLA_Hb_täşlä,
FC_YF_DEVAMLILIK_ver,ver,FC,Y,,TASFIR_FIIL,,,ver,"aytaver, olaver, yiqaver, kulaver, boraver,",,TAVER_äver,
FC_YF_SUREKLILIK_Hb_o‘tir,ib_o‘tir,FC,Y,,TASFIR_FIIL,,DUSME_UNLU,"ib_o‘tir, b_o‘tir","aytib o‘tir, kulib o‘tir, qoyib o‘tir, deb o‘tir",,TIBOTUR_Hb_o‘tir,
FC_YF_SUREKLILIK_Hb_tur,ib_tur,FC,Y,,TASFIR_FIIL,,"DUSME_UNLU, ALTTIRE_KALDIR","ib_tur, b_tur","аytib tur, kulib dur, qoyib dur, borib tur",,TIBTUR_Hb_tur,
FC_YF_YAKLASMA_Аyåz,ayoz,FC,Y,,TASFIR_FIIL,,,ayoz,"aytayoz, yiqilayoz, kulayoz, ketayoz, tushayoz",,AYOZ_Аyåz,
FC_YF_TEZLIK_A_qål,a_qol,FC,Y,,TASFIR_FIIL,,ALTTIRE_KALDIR,a_qol,,,AQAL_А_qål,
FC_YF_TEZLIK_aqål,aqol,FC,Y,,TASFIR_FIIL,,,aqol,"aytakol, kelaqol, olaqol, tushaqol",,AQAL_aqål,
EKFIIL_RIVAYET_miş,mish,FC,Y,,RIVAYET,,,mish,"chekarmish, chiqarmish, bo‘lganmish, o‘ylanganmish, kelganmish",,XDUBT_miş,
EKFIIL_SAHIS_BEN_män,man,FC,Y,,SAHIS1tip,,,man,"ketgan ekanman, kelgan ekanman, yoqqan ekanman, tekkan ekanman, tilagan ekanman",,PERS1s1_män,
SAHIS_IYELIK_BEN_m,m,FC,Y,,SAHIS2tip,,,m,"ketgan edim, kelgan edim, yoqqan edim, tekkan edim, tilagan edim",,PERS1s2_m,
EKFIIL_SAHIS_BIZ_miz,miz,FC,Y,,SAHIS1tip,,,miz,"ketganmiz, kelganmiz, yoqqanmiz, tekkanmiz",,PERS1p1_miz,
SAHIS_IYELIK_BIZ_k,k,FC,Y,,SAHIS2tip,,,k,"ketdik, keldik, yoqdik, tegdik",,PERS1p2_k,
EKFIIL_SAHIS_SEN_sän,san,FC,Y,,SAHIS1tip,,,san,"ketsang, kelsang, yoqsang, tegsang, tilasang",,PERS2s2_ng,
EKFIIL_SAHIS_SIZ_siz,siz,FC,Y,,SAHIS1tip,,,siz,"ketamiz, kelamiz, yoqamiz, tegamiz, tilaymiz",,PERS2p1_siz,
EKFIIL_SAHIS_SIZ_sizlär,sizlar,FC,Y,,SAHIS1tip,,,sizlar,"borib yuribsizlar, olib yuribsizlar, toqıb yuribsizlar, kelib yuribsizlar",,PERS2p1_sizlär,
SAHIS_IYELIK_SEN_ng,ng,FC,Y,,SAHIS2tip,,,ng,"ketyapman, kelyapman, yoqyapman, tegyapman",,PERS2s1_sän,
SAHIS_IYELIK_SIZ_ngiz,ngiz,FC,Y,,SAHIS2tip,,,ngiz,"ketdingiz, keldingiz, yoqdingiz, tegdingiz",,PERS2p2_ngiz,
SAHIS_IYELIK_SIZ_ngizlär,ngizlar,FC,Y,,SAHIS2tip,,,ngizlar,"ketdingizlar, keldingizlar, yoqdingizlar, tegdingizlar",,PERS2p2_ngizlär,
SAHIS_IYELIK_SIZ_nglär,nglar,FC,Y,,SAHIS2tip,,,nglar,"ketdinglar, keldinglar, yoqdinglar, tegdinglar",,PERS2p2_nglar,
SAHIS_IYELIK_SIZ_läring,laring,FC,Y,,SAHIS2tip,,,laring,"ketdilaring, keldilaring, yoqdilaring, tegdilaring",,PERS2p2_laring,
SAHIS_IYELIK_SIZ_läringiz,laringiz,FC,Y,,SAHIS2tip,,,laringiz,"ketdilaringiz, keldilaringiz, yoqdilaringiz, tegdilaringiz",,PERS2p2_laringiz,
BILDIRME_dir,dir,FC,Y,,BILDIRME_EKI,,,dir,"ketgandir, kelgandir, yoqgandir, tekgandir",,VVI_dir,
SAHIS_IYELIK_O_,0  ,FC,Y,,SAHIS2tip,,,,"ketgan, kelgan, yoqqan, tekkan",,PERS3s1and2_  ,
EKFIIL_SAHIS_O_Di,Di,FC,Y,,SAHIS1tip,,DONUSUM_D,"di, ti","borib yuribdi, olib yuribdi, toqıb yuribdi, kelib yuribdi",,PERS3s1_di,
EKFIIL_SAHIS_O_Ayapti,ayapti,FC,Y,,SAHIS1tip,,DUSME_UNLU,"ayapti, yapti","ketyapti, kelyapti, yoqyapti, tegyapti, tilayapti",,PERS3s1_TPROG_Ayapti,
EKFIIL_SAHIS_O_di(lär) ,dilar ,FC,Y,,SAHIS1tip,,,"dilar, di","ketmabdilar, kelmabdilar, yoqmabdilar, tegmabdilar",,PERS3p1 _di(lär) ,
EKFIIL_SAHIS_O_iş,ish,FC,Y,,SAHIS3tip,,DUSME_UNLU,"ish, sh","yoqishgan, yoqishibdi, yoqishiyapti, yoqishdi, tilashdi",,PERS3p1and2_iş,
SAHIS_IYELIK_ONLAR_lär,lar,FC,Y,,SAHIS3tip,,,lar,"ketyaptilar, keladilar, yoqqanlar, tekkanlari yok, tilabdilar",,PERS3p_lär,
EMIR_BEN_ay,ay,FC,Y,,EMIR,,DUSME_UNLU,"ay, y","ketay, kelay, yoqay, tegay, tilay",,IMPAY1s1_ay,
EMIR_BEN_ayin,ayin,FC,Y,,EMIR,,DUSME_UNLU,"ayin, yin","ketayin, kelayin, yoqayin, tegayin, tilayin",,IMPAYN1s2_ayin,
EMIR_BIZ_Aylik,aylik,FC,Y,,EMIR,,DUSME_UNLU,"aylik, ylik","ketaylik, kelaylik, yoqaylik, tegaylik, tilaylik",,IMPAYLK1p_Aylik,
EMIR_SEN_,0,FC,Y,,EMIR,,,,"ket, kel, yoq, teg, tila",,IMP02s1_,
EMIR_SEN_GHn,Gin,FC,Y,,EMIR,,DONUSUM_G,"gin, g‘in, qin, kin","ketgin, kelgin, yoqqin, tekkin, tilagin",,IMPGN2s1_GHn,Giz eki gibi tanımlandı. 
EMIR_SIZ_ing,ing,FC,Y,,EMIR,,DUSME_UNLU,"ing, ng ","keting, keling, yoqing, teging, tilang",,IMPNG2p1_ing,
EMIR_SIZ_ingiz,ingiz,FC,Y,,EMIR,,DUSME_UNLU,"ingiz, ngiz","ketingiz, kelingiz, yoqingiz, tegingiz, tilangiz",,IMPNGZ2p1_ingiz,
EMIR_O_sin,sin,FC,Y,,EMIR,,,sin,"ketsin, kelsin, yoqsin, tegsin, tilasin",,IMPSN3s_sin,
EMIR_ONLAR_sinlär,sinlar,FC,Y,,EMIR,,,sinlar,"ketsinlar, kelsinlar, yoqsinlar, tegsinlar, tilasinlar",,IMPSN3p_sinlär,
IY_FIIL_ä,a,IY_FIIL,N,,IY_FIIL,,,"a,o","osha, qona, o‘ta, ata, tuna, oyna, sana, o‘rna, yasha",,VND_ä,
IY_FIIL_Ar,ar,IY_FIIL,N,,IY_FIIL,,DUSME_UNLU,"ar,r","o‘zgar, ko‘kar, qisqar, eskir",,VND_Ar,
IY_FIIL_Ay,ay,IY_FIIL,N,,IY_FIIL,,DUSME_UNLU,"ay, y","ko‘pay, bukray, ozay, tila ",,VND_Ay,
IY_FIIL_dä,da,IY_FIIL,N,,IY_FIIL,,,da,"yonda, izda, alda, hayda",,VND_dä,
IY_FIIL_GA,Ga,IY_FIIL,N,,IY_FIIL,,DONUSUM_G,"ga, g‘a, ka, qa","chulg‘a, iska, loyqa",Giz eki gibi tanımlandı.,VND_GA,
IY_FIIL_GAr,GAr,IY_FIIL,N,,IY_FIIL,,DONUSUM_G,"gar, g‘ar, kar, qar, g‘or","sug‘or, boshqar, eskar",Giz eki gibi tanımlandı.,VND_GAr,
IY_FIIL_ĠH,Gi,IY_FIIL,N,,IY_FIIL,,DONUSUM_G,"gi, ki, g‘i, qi, ","bijg‘i, selgi",Giz eki gibi tanımlandı.,VND_ĠH,
IY_FIIL_i,i,IY_FIIL,N,,IY_FIIL,,,i,"og‘ri, boyi, chalpi, gaji, kami, to‘zi, tinchi",,VND_i,
IY_FIIL_HQ,iQ,IY_FIIL,N,,IY_FIIL,,"DONUSUM_Q,DONUSUM_H, YUMUSAMA_qg‘, YUMUSAMA_kg","ik, iq, ig, ig‘, k, q, g‘, g ","birik, jimiq, chiniq, elik, kechik, namik, yo‘liq, zoriq, zo‘riq","önceki morfemin bünyesinde kalın sıralı sesler varsa istisnaları dışında ""iq""; diğer durumlarda ""ik""",VND_HQ,
IY_FIIL_QHr,Qir,IY_FIIL,N,,IY_FIIL,,DONUSUM_Q,"gir, kir, g‘ir, qir","aykir/haykir, chinkir, chushkir, ishqir/ pishqir, kechkir, qiyqir","Önceki morfemde kalın sıralı ses varsa istisnaları dışında hep ""qir""; diğer durumlarda ""kir""",VND_QHr,
IY_FIIL_QHrA,Qira,IY_FIIL,N,,IY_FIIL,,DONUSUM_Q,"gira, kira, g‘ira, qira","gurkira, xirqira, sharqira, shirqira","Önceki morfemde kalın sıralı ses varsa istisnaları dışında hep ""qira""; diğer durumlarda ""kira""",VND_QHrA,
IY_FIIL_lä,la ,IY_FIIL,N,,IY_FIIL,,,la,"olqishla, arrala, boshla, chambarla, qollab qoltiqla, nikalla, arzanla, camla, taqirla, qarala",,VND_lä,
IY_FIIL_län,lan,IY_FIIL,N,,IY_FIIL,,,lan,"botirlan, jonsizlan, jonlan, norozilan, kayflan, qayg‘ulan, qurollan, shuphalan, uylan",,VND_län,
IY_FIIL_läş,lash,IY_FIIL,N,,IY_FIIL,,,lash,"omonlash, birlash, gaplash, xayrlash, ko‘maklash, mashinalash, yuzlash",,VND_läş,
IY_FIIL_lät,lat,IY_FIIL,N,,IY_FIIL,,,lat,"ag‘irlat, alangalat, xalilat, kuchsizlat, yolqinlat, tinclat",,VND_lät,
IY_FIIL_Hr,Ir,IY_FIIL,N,,IY_FIIL,,"DONUSUM_I, DUSME_UNLU","ir, r, ur","aksir, baqir, bo ‘kir, cakir, qiyqir, tupur, ufur","önceki morfem ünlüyle bitiyorsa ""r"" değilse ""ir""; özel durumlarda ""ur"".",VND_Hr,
IY_FIIL_rä,ra,IY_FIIL,N,,IY_FIIL,,,ra,"chiyra, guvra, hangra, ingra, qaqra, mara, sayra, ",,VND_rä,
IY_FIIL_sä,sa,IY_FIIL,N,,IY_FIIL,,,sa,"buruqsa, qomsa/ qumsa, suvsa, vaysa.",,VND_sä,
IY_FIIL_si,si,IY_FIIL,N,,IY_FIIL,,,si,"alaxsi, biliqsi/ biqsi, g‘imirsi/ g‘ivirsi, xamsi, ivirsi, o‘ksi",,VND_si,
IY_FIIL_sin,sin,IY_FIIL,N,,IY_FIIL,,,sin,"ajabsin, og‘irsin, ozsin, dardsin, arzonsin, xavfsin, xayfsin, qızıqsın, yotsin, yuraksin.",,VND_sin,
IY_FIIL_sit,sit,IY_FIIL,N,,IY_FIIL,,,sit,"aybsit, tengsit, kamsit",,VND_sit,
IY_FIIL_sirä,sira,IY_FIIL,N,,IY_FIIL,,,sira,"alahsira, anqavsira, oshsira, ersira, holsira, xavfsira, issiqsira, qonsira, suvsira, sizsira, talmovsira, yotsira",,VND_sirä,
IY_FIIL_şä,sha,IY_FIIL,N,,IY_FIIL,,,sha,"qaqsha, qursha, quruqsha, ting‘sha",,VND_şä,
IY_FIIL_şi,shi,IY_FIIL,N,,IY_FIIL,,,shi,"gingshi, shipshi",,VND_şi,
IY_FIIL_At,At,IY_FIIL,N,,IY_FIIL,,"DUSME_UNLU, DONUSUM_A","ot, it, at, t","og‘rit, yo‘qot, berkit, bekit, sovqot, uyg‘ot,","önceki morfem ünlü ile bitiyorsa ""t""; önceki morfemin bünyesinde yuvarlak kalın ünlü ya da kalın sıralı sesler varsa istisnaları dışında ""ot""; önceki morfemin bünyesinde ince geniş yuvarlak ünlüler varsa istisnaları dışında ""at""; önceki morfemin bünyesinde geniş ünlüler varsa istisnaları dışında ""it"". ",VND_At,
FY_FIIL_ä,a,FY_FIIL,N,,FY_FIIL,,,a,"bura, qura, o‘kra, o‘lcha, taqa, tuta",,VVD_ä,
FY_FIIL_GA,Ga,FY_FIIL,N,,FY_FIIL,,DONUSUM_G,"ga, ka, g‘a, qa","chayqa, qo‘zg‘a, surka, suyka, do‘ngga",Giz eki gibi tanımlandı.,VVD_GA,
FY_FIIL_i,i,FY_FIIL,N,,FY_FIIL,,,i,"qalqi, qazi, qizi, qo‘zi, pishi, pishi, singi, shimi, tini, ",,VVD_i,
FY_FIIL_IQ,IQ,FY_FIIL,N,,FY_FIIL,,"DUSME_UNLU, DONUSUM_I, DONUSUM_Q, YUMUSAMA_qg‘, YUMUSAMA_kg","ik, iq, q, k, g‘, g","oshiq, iliq, qoniq, ko‘nik, kuyik, pishik, siniq, so‘liq, toliq, tutiliq, uzik,","önceki morfemin bünyesinde kalın geniş ve kalın  sıralı sesler varsa uyuma göre ""iq; önceki morfemin bünyesinde geniş ince ve inse sıralı sesler varsa ""ik""; önceki morfemin son ünlüsü kalın dar yuvarlak ünlü ise ""oq"" veya özel durum olarak aq, olur.  ",VVD_AQ,"""tutaq"" ""mec. için için yanmak; dert yanmak"" tütmek fiilinde türeyen isim olup, belki gövde olarak tanımlanabilir. "
FY_FIIL_UQ,UQ,FY_FIIL,N,,FY_FIIL,,"DUSME_UNLU, DONUSUM_U, DONUSUM_Q, YUMUSAMA_qg‘, YUMUSAMA_kg","oq, aq, q, g‘, ag‘, og‘","tutaq, uzoq, yutoq","önceki morfemin bünyesinde kalın geniş ve kalın  sıralı sesler varsa uyuma göre ""iq; önceki morfemin bünyesinde geniş ince ve inse sıralı sesler varsa ""ik""; önceki morfemin son ünlüsü kalın dar yuvarlak ünlü ise ""oq"" veya özel durum olarak aq, olur.  ",VVD_AQ,"""tutaq"" ""mec. için için yanmak; dert yanmak"" tütmek fiilinde türeyen isim olup, belki gövde olarak tanımlanabilir. "
FY_FIIL_lä,la,FY_FIIL,N,,FY_FIIL,,,la,"to‘ngla, oshala, bo‘ljala, bo‘rala, bukla, bulg‘ala, chimchila, g‘imirsila, qantarla, quvla, niqtala, savala, timisqala, yulqila",,VVD_lä,
FY_FIIL_mä,ma,FY_FIIL,N,,FY_FIIL,,,ma,"berma, kutilma, qilma, suyilma, kelinma, bo‘lma, milliylashtirma, yema, suvsirama, kuymalanma",,VVD_mä,
FY_FIIL_Hmsirä,imsira,FY_FIIL,N,,FY_FIIL,,DUSME_UNLU,"imsira, msira, sira","qo‘rqimsira, kulimsira, yıg‘lamsira",,VVD_Hmsirä,
FY_FIIL_HnQira,inQira,FY_FIIL,N,,FY_FIIL,,DUSME_UNLU,"inkira, nkira","ochinqira, bosinqira, ishaninqira/ ishanqira, qizarinqira, qo‘rqinqira, o‘chinqira, tutilinqira, yotinqira, yuminqira",,VVD_Hnkira,
FY_FIIL_Ġila,Ġila,FY_FIIL,N,,FY_FIIL,,"DONUSUM_Ġ, IKIZLESME_kk,IKIZLESME_qq","gila, g‘ila, kila, qila","tortqila, yulqila, chopqila, turtkila, opichqila, ezg‘ila, kutkila, timirskila, timiskila, titkila, ejikila, yugurgila, ",,VVD_Gila,
FY_SIFAT_GAn,Gan,FY_SIFAT,N,,FY_SIFAT,,"DONUSUM_G,DONUSUM_G, IKIZLESME_kk,IKIZLESME_qq, dek","gan, qan, kan","yozmagan, tekkan, chiqqan",,JVD_GAn,
FY_SIFAT_HQ,HQ,FY_SIFAT,N,,FY_SIFAT,,"DONUSUM_H, DUSME_UNLU, DONUSUM_Q, YUMUSAMA_qg‘, YUMUSAMA_kg, SERTLESME_g‘q, SILME_SONSES, At_ot","ik,iq,uk,uq, k, q, ig‘, ig, ug‘, ug, g‘, g ","ochiq, yopiq, o‘lik, tirik, yetik, yotiq, yig‘iq, achchiq, chuchuk, yumuq,  uzuq, buzuq, quruq,",,JVD_HQ,
FY_SIFAT_Ar,ar,FY_SIFAT,N,,FY_SIFAT,,DUSME_UNLU,"ar,r, ur, ","uchar, ochilur","önceki morfem ünlüyle bitiyorsa ""r""; değilse ""ar""; özel durumlarda ""ur"". ",JVD_Ar,
FY_SIFAT_mäs,mas,FY_SIFAT,N,,FY_SIFAT,,,mas,"o‘lmas, o‘chmas",,JVD_mäs,
FY_SIFAT_GUsi,Gusi,FY_SIFAT,N,,FY_SIFAT,,"DONUSUM_G,DONUSUM_G, IKIZLESME_kk,IKIZLESME_qq","gusi, g‘usi","bo‘lg‘usi, kelgusi, Тўпа холи ўзи-ни шунча тетик тутгиси, ҳориган кўзларини очгуси, табиатга тўйиб боққуси келади, аммо дармони йўқ.","önceki morfemin bünyesinde kalın sıralı ses varsa ""g‘usi"", değilse ""gusi"". ",JVD_GUsi,
FY_SIFAT_aydigän,aydigan,FY_SIFAT,N,,FY_SIFAT,,"y_a, DUSME_UNSUZ, DUSME_UNLU","adigan, ydigan","qatnaydigan, biladigan, bo‘lmaydigan yashaydigan","önceki morfemin sonu ünlüye bitiyorsa bazen a/y sesgrubu düşerek bazen ""digan"" bazen ""ydigan"" olur; diğer durumlarda ""aydigan""",JVD_(a/y)digän,belki iki tane ek olarak tanımlamak daha doğru olur. 
FY_SIFAT_miş,mish,FY_SIFAT,N,,FY_SIFAT,,,mish,"o‘tmish, ",,JVD_miş,
FY_ISIM_yäcäk,yajag,FY_SIFAT,N,,FY_SIFAT,,"DUSME_UNSUZ, YUMUSAMA_kg","yajak, ajak, yajag, ajag",kelajak,,NVD_yäcäk,
FY_SIFAT_yäcäk,yajag,FY_SIFAT,N,,FY_SIFAT,,"DUSME_UNSUZ, YUMUSAMA_kg","yajak, ajak, yajag, ajag","ishlayajak, kelajak",,JVD_yäcäk,
FIILIMSI_AY,ay,FIILIMSI,N,,FIILIMSI,,"DUSME_UNLU, ay_a","ay, y, a","eriy, kela, qarayqaray",,AVD_AY,
FIILIMSI_Hb,ib,FIILIMSI,N,,FIILIMSI,,DUSME_UNLU,"ib, b","qarab, olib, tilab,",,AVD_Hb,
FIILIMSI_Hbån,ibon,FIILIMSI,N,,FIILIMSI,,DUSME_UNLU,"ibon, on, bon","qarabon, olibon, tilabon, qaytibon",,AVD_Hbån,
FIILIMSI_mäy,may,FIILIMSI,N,,FIILIMSI,,,may,"kelmay, ketmay, topmay",,AVD_mäy,
FIILIMSI_mäyin,mayin,FIILIMSI,N,,FIILIMSI,,,mayin,"kelmayin, ketmayin, topmayin",,AVD_mäyin,
FIILIMSI_Gaç,Gach,FIILIMSI,N,,FIILIMSI,,"DONUSUM_G,DONUSUM_G, IKIZLESME_kk,IKIZLESME_qq","gach, qach, kach","to‘kkach, yoqqach, aytgach, tekkach, tilagach",Giz eki gibi tanımlandı.,AVD_GAç,
FIILIMSI_GUnçä,Guncha,FIILIMSI,N,,FIILIMSI,,"DONUSUM_G,DONUSUM_G, IKIZLESME_kk,IKIZLESME_qq","kuncha, guncha, quncha","to‘kkuncha, yoqquncha, aytguncha, tekkuncha, tilamaguncha",Giz eki gibi tanımlandı.,AVD_GUnçä,
FIILIMSI_GAni,Gani,FIILIMSI,N,,FIILIMSI,,"DONUSUM_G,DONUSUM_G, IKIZLESME_kk,IKIZLESME_qq","gani, qani, kani","to‘kkani, yoqqani, aytgani, tekkani, tilagani",Giz eki gibi tanımlandı.,AVD_GAni,
FIILIMSI_GAli,Gali,FIILIMSI,N,,FIILIMSI,,"DONUSUM_G,DONUSUM_G, IKIZLESME_kk,IKIZLESME_qq","gali, qali, kali","to‘kkali, yoqqali, aytgali, tekkali, tilagali",Giz eki gibi tanımlandı.,AVD_GAli,
FIILIMSI_kan,kan,FIILIMSI,N,,FIILIMSI,,,kan,"turarkan, kelarkan",,,
SORU_mi,mi,SORU,Y,,SORU,,,mi,"keldi mi, ketdi mi, oldi mi",,QUE_mi,
ISIM_FIIL_måq,moq,ISIM_FIIL,N,,ISIM_FIIL,,YUMUSAMA_qg‘,"moq, mog‘",kelmoq,,INF_måq,
ISIM_FIIL_måqlik,moqlik,ISIM_FIIL,N,,ISIM_FIIL,,YUMUSAMA_kg,"moqlik, moqlig",bormoqlik,,INF_måqlik,
ISIM_FIIL_mäslik,maslik,ISIM_FIIL,N,,ISIM_FIIL,,YUMUSAMA_kg,"maslik, maslig",kelmaslik,,INF_måslik,
ISIM_FIIL_Hv,uv,ISIM_FIIL,N,,ISIM_FIIL,,DUSME_UNLU,"uv, v","keluv, boruv, biluv, qarov",,INF_Hv,
ISIM_FIIL_Hş ,ish,ISIM_FIIL,N,,ISIM_FIIL,,DUSME_UNLU,"ish, sh","kelish, olish, ",,ING_Hş ,
,,,,,,,,,,,,
IY_SIFAT_ser,ser,IY_SIFAT ,N,,IY_SIFAT ,,,ser,"sergap, serhosil, serxarxasha, serjahl, serzarda, serunum, serkepak, sertashvish",,JND_ser,
IY_SIFAT_bA,ba,IY_SIFAT,N,,IY_SIFAT,,,"ba, bo","badavlat, basavlat, baquvvat, bag‘ayrat, boadab ",,JND_bA,
IY_SIFAT_nå,no,IY_SIFAT ,N,,IY_SIFAT ,,,no,"noto‘g‘ri, noloyiq, nomuvafiq, notinch, noma’lum, noqulay, norozi, nohaq",,JND_nå,
IY_SIFAT_be,be,IY_SIFAT ,N,,IY_SIFAT ,,,be,"beg‘ubor, bexabar, besabr, betoqat, befoyda, bemaza, betashvish, beg‘alva, bepul ",,JND_be,
IY_SIFAT_be,be,IY_SIFAT ,N,,IY_SIFAT ,,,be,"beg‘ubor, bexabar, besabr, betoqat, befoyda, bemaza, betashvish, beg‘alva, bepul ",,,
SORI_ISARETI,?,NOKTALAMA,,,NOKTALAMA,,,?,,,,
,,,,,,,,,,,,
,,,,,,,,,,,,
ETTIRGEN_GECICI_dir,dir,FC,,,CATI,,DONUSUM_D,dir,"bildir, sindir, o‘ldir,  o‘tkazdir, emizdir, uzdir,",asıl ettirgen DHr ekinin kuralı tamamlanamadığından ben geçici olarak bu eki d ile başlayan varyantları için öylesine yazdım. 05.08.2019,CAUSDIR_DHr,
IY_FIIL_ik,ik ,IY_FIIL,N,,IY_FIIL,,,"ik, k",,,,
FIILIMSI_ya,ya,FIILIMSI,N,,FIILIMSI,,DUSME_UNSUZ,"ya, a","kela, deya",,,
IY_DENEME_EK_lik,lik,IY_ISIM,N,,IY_ISIM,,YUMUSAMA_kg,"lik, lig, g‘",,,,
SY_SIFAT_Inçi,inchi,SY_SIFAT,N,,SY_SIFAT,,DUSME_UNLU,"inchi, nchi",oltinchi,,,
IY_ISIM_çilik,chilik,IY_ISIM,N,,IY_ISIM,,YUMUSAMA_kg,"chilik, chilig","ko‘pchilik, ozchilik",,,
FC_ZAMAN_SIMDIKI_ayåt,ayot,FC,Y,,FIIL_ZAMAN,,DUSME_UNLU,"ayot, yot","ketayotaman, kelayotibdi, yoqayotadi, tegotgan, qarayotgan",,,
FY_ISIM_mak,mak,FY_ISIM,N,,FY_ISIM,,YUMUSAMA_kg,"mak, mag",turmak,,,
,,,,,,,,,,,,
SORU_çi,_-chi,SORU,Y,,SORU,,ALTTIRE_KALDIR,"_-chi, chi","it-chi, men-chi",,,
,,,,,,,,,,,,
FC_FIIL_GEREKLILIK_keräk,_kerak,FC,Y,,FIIL_KIP,,ALTTIRE_KALDIR,_kerak,"ketishi kerak, tegishi kerak, tilashi kerak",,TNECEŞ_Iş_i_keräk,
,,,,,,,,,,,,
OLUMSUZLUK_mäs ,mas,OLUMSUZLUK,N,,OLUMSUZLUK,,,mas,"kitobmas, menmas, senmas",,,
PEKISTIRME_ki,ki,EDAT_SONA_GELEN,Y,,edat,,,ki,"ki, ya",,ki,
PEKISTIRME_ku,ku,EDAT_SONA_GELEN,Y,,edat,,"ALTTIRE_KALDIR, TUREME_-,CIZGI",_ku,ki,bu pekiştirme edatının hem çizgiyle hem çizgisiz bitişik yazıldığı durumlara rastlanmıştır. ,,
PEKISTIRME_Yäm,yam,EDAT_SONA_GELEN,Y,,edat,,DUSME_UNSUZ,"yam, am","o‘zingniyam, senham, menham, bo‘lganingdayam, shunisigayam, itingniyam",,,"ünlü ile bitenlerde yam, ünsüz ile bitenlerde ham"
PEKISTIRME_Yä,ya,EDAT_SONA_GELEN,Y,,edat,,DUSME_UNSUZ,"ya, a",,,,
PEKISTIRME_oq,oq,EDAT_SONA_GELEN,Y,,edat,,,oq,,,,
PEKISTIRME_dä,da,EDAT_SONA_GELEN,Y,,edat,,,da,,,,
BAGLAC_yu,yu,EDAT_SONA_GELEN,Y,,edat,,DUSME_UNSUZ,"u, yu, -u, -yu","ayol-u, aytaman-u, tortdim-u, turdim-u",,,
RICA_çi,_-chi,EDAT_SONA_GELEN,Y,,,,ALTTIRE_KALDIR,"_-chi, chi",qilsangiz-chi,,,