﻿<?xml version="1.0" encoding="utf-8"?>

<morphology lang="Kg-KG">

<suffixGroups>
    <suffixGroup name="ISIM_SAHIPLIK">
      <suffix>IC_SAHIPLIK_BEN_(I)m</suffix>
      <suffix>IC_SAHIPLIK_SEN_(I)ň</suffix>
      <suffix>IC_SAHIPLIK_SEN_(I)ňIz</suffix>
	  <suffix>IC_SAHIPLIK_O_(s)I</suffix>
      <suffix>IC_SAHIPLIK_BIZ_(I)bIz</suffix>
      <suffix>IC_SAHIPLIK_SIZ_(I)ňAr</suffix>
	  <suffix>IC_SAHIPLIK_SIZ_(I)ňIzdAr</suffix>
      <suffix>IC_SAHIPLIK_ONLAR_LArI</suffix>	 
    </suffixGroup>
	
	<suffixGroup name="ISIM_HAL">
      <suffix>IC_HAL_ILGI_NIn</suffix>
	  <suffix>IC_HAL_ILGI_In</suffix>
      <suffix>IC_HAL_BELIRTME_NI</suffix>
	  <suffix>IC_HAL_BELIRTME_I</suffix>
	  <suffix>IC_HAL_AYRILMA_An</suffix>
      <suffix>IC_HAL_YONELME_GA</suffix>	  
      <suffix>IC_HAL_BULUNMA_DA</suffix>
      <suffix>IC_HAL_AYRILMA_DAn</suffix>
      <suffix>IC_HAL_ESITLIK1_çA</suffix>
	  <suffix>IC_HAL_ESITLIK2_DAy</suffix>
	  <suffix>IC_HAL_VASITA_menen</suffix>     
	  <suffix>IC_HAL_BELIRTME_N(3)</suffix>
	  <suffix>IC_HAL_YONELME_nA(3)</suffix>
      <suffix>IC_HAL_BULUNMA_(I)ndA</suffix>	  
	  <suffix>IC_HAL_AYRILMA_nAn(3)</suffix>	  
    </suffixGroup>
	
	<suffixGroup name="SORU" >
      <suffix>SORU_BI</suffix>
	  <suffix>EKFIIL_ZAMAN_HIKAYE_SORU_bele</suffix>
	  <suffix>EKFIIL_ZAMAN_RIVAYET_SORU_beken</suffix>
	</suffixGroup> 
	
	<suffixGroup name="SAHIS_ZAMIR">
	<suffix>SAHIS_ZAMIR_BEN_mIn</suffix>
	<suffix>SAHIS_ZAMIR_SEN_sIň</suffix>
	<suffix>SAHIS_ZAMIR_SEN(nez.)_sIz</suffix>
	<suffix>SAHIS_ZAMIR_O_0</suffix>
	<suffix>SAHIS_ZAMIR_BIZ_BIz</suffix>
	<suffix>SAHIS_ZAMIR_SIZ_sIңAr</suffix>
	<suffix>SAHIS_ZAMIR_SIZ(nez.)_sIzdAr</suffix>
	<suffix>SAHIS_ZAMIR_ONLAR_0</suffix>	
	</suffixGroup>	

	<suffixGroup name="SAHIS_IYELIK">
	<suffix>SAHIS_IYELIK_BEN_m</suffix>
	<suffix>SAHIS_IYELIK_SEN_ň</suffix>
	<suffix>SAHIS_IYELIK_SEN(nez.)_ňIz</suffix>
	<suffix>SAHIS_IYELIK_O_0</suffix>
	<suffix>SAHIS_IYELIK_BIZ_k</suffix>
	<suffix>SAHIS_IYELIK_SIZ_ňAr</suffix>
	<suffix>SAHIS_IYELIK_SIZ(nez.)_(I)ňIzdAr</suffix>
	<suffix>SAHIS_IYELIK_ONLAR_(I)ş_0</suffix>
	</suffixGroup>
	
	<suffixGroup name="FIIL_KIP" >
	<suffix>FC_KIP_SART_sA</suffix>
	<suffix>FC_KIP_GEREKLILIK_1_(I)ş_gerek</suffix>
	<suffix>FC_KIP_GEREKLILIK_2_YY_gerek</suffix>
	<suffix>FC_KIP_GEREKLILIK_3_YY_GA_tiyiş</suffix>
	<suffix>FC_KIP_EMIR_SAHIS_BEN_AyIn</suffix>
	<suffix>FC_KIP_EMIR_SAHIS_SEN_0</suffix>
	<suffix>FC_KIP_EMIR_SEN_GIn</suffix>
	<suffix>FC_KIP_EMIR_SEN(nez.)_(I)ňIz</suffix>
	<suffix>FC_KIP_EMIR_SAHIS_O_sIn</suffix>
	<suffix>FC_KIP_EMIR_SAHIS_BIZ_ylI</suffix>
	<suffix>FC_KIP_EMIR_SAHIS_BIZ_AlI</suffix>
	<suffix>FC_KIP_EMIR_SAHIS_BIZ_AlI(k)</suffix>
	<suffix>FC_KIP_EMIR_SAHIS_SIZ_GIlA</suffix>
	<suffix>FC_KIP_EMIR_SIZ(nez.)_(I)ňIzdAr</suffix>
	<suffix>FC_KIP_EMIR_SAHIS_ONLAR_(I)şsIn</suffix>	
	<suffix>FC_KIP_ISTEK_1_GI</suffix>
	<suffix>FC_KIP_ISTEK_2_mAkçI</suffix>
	<suffix>FC_KIP_ISTEK_3_GAy_ele</suffix>
	<suffix>FC_KIP_ISTEK_4_mAk</suffix>
	</suffixGroup>
	<suffixGroup name="YF_BILESIK" >
	<suffix>FC_YF_TEZLIK_A_tüş</suffix>
	<suffix>FC_YF_TEZLIK_(I)p_ciber</suffix>
	<suffix>FC_YF_TEZLIK_A_ber</suffix>
	<suffix>FC_YF_TEZLIK_(I)p_ber</suffix>
	<suffix>FC_YF_YETERLILIK_A_al</suffix>

	</suffixGroup>
	
	<suffixGroup name="EKFIIL_ZAMAN">
	<suffix>EKFIIL_ZAMAN_RIVAYET_eken</suffix>
	<suffix>EKFIIL_ZAMAN_RIVAYET_imiş</suffix>
	<suffix>EKFIIL_ZAMAN_HIKAYE_ele</suffix>
	<suffix>EKFIIL_ZAMAN_HIKAYE_bolçu</suffix>
	<suffix>EKFIIL_ZAMAN_HIKAYE_boldu</suffix>
	<suffix>EKFIIL_ZAMAN_SART_bolso</suffix>
	</suffixGroup>
	
	<suffixGroup name="FIIL_ZAMAN">
	<suffix>FC_ZAMAN_OGRENILEN_GECMIS_(I)ptIr</suffix>
	<suffix>FC_ZAMAN_GORULEN_GECMIS_DI</suffix>
	<suffix>FC_ZAMAN_GORULEN_UZAK_GECMIS_GAn</suffix>
	<suffix>FC_ZAMAN_GORULEN_UZAK_GECMIS_GA_ben</suffix>
	<suffix>FC_ZAMAN_GORULEN_UZAK_GECMIS_GA_ben2</suffix>
	<suffix>FC_ZAMAN_ADET_GECMIS_çU</suffix>
	<suffix>FC_ZAMAN_SIMDIKI_1_(I)p_cat</suffix>
	<suffix>FC_ZAMAN_SIMDIKI_1_(I)p_cür</suffix>
	<suffix>FC_ZAMAN_SIMDIKI_1_(I)p_otur</suffix>
	<suffix>FC_ZAMAN_SIMDIKI_1_(I)p_tur</suffix>
	<suffix>FC_ZAMAN_SIMDIKI_2_YYdA</suffix>
	<suffix>FC_ZAMAN_GELECEK_A</suffix>
	<suffix>FC_ZAMAN_GELECEK_2_A_elek</suffix>
	<suffix>FC_ZAMAN_GENIS_(A)r</suffix>
	<suffix>FC_ZAMAN_SIMDIKI_1_OLUMSUZ_BAy</suffix>
	<suffix>FC_ZAMAN_GENIS_OLUMSUZ_BAs</suffix>
	</suffixGroup>
	
	

	<suffixGroup name= "FY_FIIL">
	<suffix>FY_FIIL_ImsIrA</suffix>
	<suffix>FY_FIIL_I</suffix>
	<suffix>FY_FIIL_çı</suffix>
	<suffix>FY_FIIL_A</suffix>
	<suffix>FY_FIIL_AlA</suffix>
	<suffix>FY_ETTIRGEN_DIr</suffix>
	<suffix>FY_ETTIRGEN_GIz</suffix>
	<suffix>FY_ETTIRGEN_(I)r</suffix>
	<suffix>FY_ETTIRGEN_(I)t</suffix>
	<suffix>FY_ETTIRGEN_tAr</suffix>
	<suffix>FY_ETTIRGEN_GIr</suffix>
	<suffix>FY_ETTIRGEN_(I)z</suffix>
	<suffix>FY_EDILGEN_(I)l</suffix>
	<suffix>FY_SUREKLILIK_GIlA</suffix>
	<suffix>FY_DONUSLULUK_(I)n</suffix>
	<suffix>FY_ISTES_(I)ş</suffix>
	<suffix>FY_OLUMSUZLUK_BA</suffix>
	</suffixGroup>
	
	
	
	<suffixGroup name="FY_ISIM">
	<suffix>FY_ISIM_(I)t</suffix>
	<suffix>FY_ISIM_u</suffix>
	<suffix>FY_ISIM_(I)ş</suffix>
	<suffix>FY_ISIM_pa</suffix>
	<suffix>FY_ISIM_Ot</suffix>
	<suffix>FY_ISIM_(YY)çU</suffix>
	<suffix>FY_ISIM_(I)m</suffix>
	<suffix>FY_ISIM_mAl</suffix>
	<suffix>FY_ISIM_mAç</suffix>
	<suffix>FY_ISIM_l</suffix>
	<suffix>FY_ISIM_kIl</suffix>
	<suffix>FY_ISIM_(I)ňkI</suffix>
	<suffix>FY_ISIM_GAn</suffix>
	<suffix>FY_ISIM_GAlAk</suffix>
	<suffix>FY_ISIM_GAk</suffix>
	<suffix>FY_ISIM_dAk</suffix>
	<suffix>FY_ISIM_çük</suffix>
	<suffix>FY_ISIM_AşA</suffix>
	<suffix>FY_ISIM_AsA</suffix>
	<suffix>FY_ISIM_AlAk</suffix>
	<suffix>FY_ISIM_AAnAk</suffix>
	<suffix>FY_ISIM_AnAk</suffix>
	<suffix>FY_ISIM_AAn</suffix>	
	<suffix>FY_ISIM_Ak</suffix>
	<suffix>FY_ISIM_çAk</suffix>
	<suffix>FY_ISIM_çAAk</suffix>
	<suffix>FY_ISIM_dI</suffix>
	<suffix>FY_ISIM_gA</suffix>
	<suffix>FY_ISIM_GI</suffix>
	<suffix>FY_ISIM_GIç</suffix>
	<suffix>FY_ISIM_GIn</suffix>
	<suffix>FY_ISIM_(I)ç</suffix>
	<suffix>FY_ISIM_(I)k</suffix>
	<suffix>FY_ISIM_mA</suffix>
	<suffix>FY_ISIM_mAk</suffix>
	<suffix>FY_ISIM_mIş</suffix>
	</suffixGroup>

	<!-- İSİMDEN İSİM YAPAN EK -->
	<suffixGroup name="IY_ISIM">
	<suffix>IY_ISIM_çA</suffix>
	<suffix>IY_ISIM_çAk</suffix>
	<suffix>IY_ISIM_çI</suffix>
	<suffix>IY_ISIM_çIk</suffix>
	<suffix>IY_ISIM_LAş</suffix>
	<suffix>IY_ISIM_OO</suffix>
	<suffix>IY_ISIM_Ay</suffix>
	<suffix>IY_ISIM_LIk</suffix>	
	<suffix>IY_ISIM_cIn</suffix>
	<suffix>IY_ISIM_çAr</suffix>
	<suffix>IY_ISIM_Dak</suffix>
	<suffix>IY_ISIM_ek</suffix>	
	<suffix>IY_ISIM_gıç</suffix>
	<suffix>IY_ISIM_GIl</suffix>
	<suffix>IY_ISIM_gıy</suffix>
	<suffix>IY_ISIM_gü</suffix>
	<suffix>IY_ISIM_ke</suffix>
	<suffix>IY_ISIM_kek</suffix>
	<suffix>IY_ISIM_sön</suffix>
	<suffix>IY_ISIM_mAç</suffix>
	<suffix>IY_ISIM_y</suffix>
	<suffix>IY_ISIM_ban</suffix>	
	<suffix>IY_ISIM_ger</suffix>
	<suffix>IY_ISIM_iy</suffix>
	<suffix>IY_ISIM_mAr</suffix>
	<suffix>IY_ISIM_stan</suffix>
	<suffix>IY_ISIM_zar</suffix>
	</suffixGroup>
	
<!-- İSİMDEN SIFAT YAPAN EK -->
	<suffixGroup name="IY_SIFAT">
	<suffix>IY_SIFAT_çAn</suffix>
	<suffix>IY_SIFAT_çIl</suffix>
	<suffix>IY_SIFAT_gIlt</suffix>
	<suffix>IY_SIFAT_IrAAk</suffix>	
	<suffix>IY_SIFAT_LUU</suffix>
	<suffix>IY_SIFAT_sIz</suffix>	
	<suffix>IY_SIFAT_gun</suffix>
	<suffix>IY_SIFAT_ker</suffix>
	<suffix>IY_SIFAT_man</suffix>
	<suffix>IY_SIFAT_keç</suffix>	
	<suffix>IY_SIFAT_Dar</suffix>
	<suffix>IY_SIFAT_tay</suffix>
	<suffix>IY_SIFAT_sAk</suffix>
	<suffix>IY_SIFAT_mık</suffix>
	<suffix>IY_SIFAT_omtuk</suffix>
	<suffix>IY_SIFAT_omuk</suffix>	
	<suffix>IY_SIFAT_(I)nçI</suffix>
	<suffix>IY_SIFAT_gök</suffix>
	<suffix>IY_SIFAT_gIltIm</suffix>
	<suffix>IY_SIFAT_GAy</suffix>
	<suffix>IY_SIFAT_Aň</suffix>
	</suffixGroup>
	<!-- İSİMDEN FİİL YAPAN EK -->
	<suffixGroup name="IY_FIIL">
	<suffix>IY_FIIL_A</suffix>
	<suffix>IY_FIIL_Ay</suffix>
	<suffix>IY_FIIL_GAr</suffix>	
	<suffix>IY_FIIL_LA</suffix>
	<suffix>IY_FIIL_LAş</suffix>
	<suffix>IY_FIIL_(A)r</suffix>
	<suffix>IY_FIIL_rA</suffix>
	<suffix>IY_FIIL_sI</suffix>
	<suffix>IY_FIIL_sIrA</suffix>	
	<suffix>IY_FIIL_şI</suffix>
	<suffix>IY_FIIL_şA</suffix>
	<suffix>IY_FIIL_sA</suffix>
	<suffix>IY_FIIL_(I)rka</suffix>
	<suffix>IY_FIIL_ölö</suffix>
	<suffix>IY_FIIL_ol</suffix>
	<suffix>IY_FIIL_LAt</suffix>
	<suffix>IY_FIIL_LAn</suffix>
	<suffix>IY_FIIL_kIr</suffix>
	<suffix>IY_FIIL_kAz</suffix>
	<suffix>IY_FIIL_(I)k</suffix>
	<suffix>IY_FIIL_I</suffix>
	<suffix>IY_FIIL_GA</suffix>
	<suffix>IY_FIIL_çı</suffix>
	<suffix>IY_FIIL_çA</suffix>
	</suffixGroup>

<!-- FİİLİMSİDEN İSİM YAPAN EK -->
	<suffixGroup name= "FIILIMSI_ISIM">
	<suffix>FIILIMSI_ISIM_YY</suffix>
	<suffix>FIILIMSI_ISIM_(I)ş</suffix>
	<suffix>FIILIMSI_ISIM_Oş</suffix>
	</suffixGroup>	
	
	<!-- FİİLİMSİDEN SIFAT YAPAN EK -->
	<suffixGroup name= "FIILIMSI_SIFAT">
	<suffix>FIILIMSI_SIFAT_AçAk</suffix>
	<suffix>FIILIMSI_SIFAT_(A)r</suffix>
	<suffix>FIILIMSI_SIFAT_BAs</suffix>
	<suffix>FIILIMSI_SIFAT_dık</suffix>
	<suffix>FIILIMSI_SIFAT_GAn</suffix>
	<suffix>FIILIMSI_SIFAT_GIdAy</suffix>
	<suffix>FIILIMSI_SIFAT_(YY)çU</suffix>
	<suffix>FIILIMSI_SIFAT_A</suffix>
	<suffix>FIILIMSI_SIFAT_GIs</suffix>
	</suffixGroup>	

	<!-- FİİLİMSİDEN ZARF YAPAN EK -->
	<suffixGroup name= "FIILIMSI_ZARF" >
	<suffix>FIILIMSI_ZARF_A</suffix>
	<suffix>FIILIMSI_ZARF_A_elekte</suffix>
	<suffix>FIILIMSI_ZARF_(A)rdA</suffix>
	<suffix>FIILIMSI_ZARF_bAstAn</suffix>
	<suffix>FIILIMSI_ZARF_çUday</suffix>
	<suffix>FIILIMSI_ZARF_GAnçA</suffix>
	<suffix>FIILIMSI_ZARF_GAndA</suffix>
	<suffix>FIILIMSI_ZARF_GAnI</suffix>
	<suffix>FIILIMSI_ZARF_GIçA</suffix>
	<suffix>FIILIMSI_ZARF_mAyInçA</suffix>
	<suffix>FIILIMSI_ZARF_(I)p</suffix>
	</suffixGroup>
	
<!-- YARDIMCI FIILER -->
	<suffixGroup name= "FY_YARDIMCI">
	<suffix>FY_YARDIMCI_ele</suffix>
	<suffix>FY_YARDIMCI_elek</suffix>
	<suffix>FY_YARDIMCI_otur</suffix>
	<suffix>FY_YARDIMCI_cat</suffix>
	<suffix>FY_YARDIMCI_cür</suffix>
	<suffix>FY_YARDIMCI_tur</suffix>
	<suffix>FY_YARDIMCI_OLUMSUZLUK_cok</suffix>
	<suffix>FY_YARDIMCI_kel</suffix>
	<suffix>FY_YARDIMCI_keldi</suffix>
	<suffix>FY_YARDIMCI_kelet</suffix>
	<suffix>FY_YARDIMCI_eken</suffix>
	<suffix>FY_YARDIMCI_OLUMSUZLUK_emes</suffix>
	<suffix>FY_YARDIMCI_bar</suffix>
	<suffix>FY_YARDIMCI_bolçu</suffix>
	<suffix>FY_YARDIMCI_bolso</suffix>
	</suffixGroup>
	
	<suffixGroup name="FY_YARDIMCI_GEREKLILIK">
	<suffix>FY_YARDIMCI_GEREKLILIK_kerek</suffix>		
	<suffix>FY_YARDIMCI_GEREKLILIK_zarıl</suffix>	
	<suffix>FY_YARDIMCI_GEREKLILIK_laazım</suffix>
	<suffix>FY_YARDIMCI_GEREKLILIK_tiyiş</suffix>
	</suffixGroup>
	</suffixGroups>
	
  <graph>
  
  <!--******** -->
 <!-- ISIM ÇEKİMİ--> 
	<source id="ISIM">
		<target id="IC_COGUL_LAr" />
		<targetGroup id= "ISIM_SAHIPLIK" />
		<targetGroup id="ISIM_HAL">
			<removeTarget id="IC_HAL_ILGI_In" />
			<removeTarget id="IC_HAL_BELIRTME_I" />
			<removeTarget id="IC_HAL_AYRILMA_An" />
		</targetGroup>
		<!-- iyelik ekinden sonra gelir sadece 
		<target id="IC_HAL_ILGI_In" />--> 
		<target id="SORU_BI" />
		<target id="IC_AITLIK_ki" />
		<targetGroup id="IY_ISIM" />
		<targetGroup id="IY_FIIL" />
		<targetGroup id="IY_SIFAT" />
		<!--<targetGroup id="EKFIIL_ZAMAN" />-->
		<target id="FY_YARDIMCI_bolso" />
		<target id="FY_YARDIMCI_ele" />
		<target id="FY_YARDIMCI_bolçu" />
		<target id="FY_YARDIMCI_eken" />
		<target id="FY_YARDIMCI_OLUMSUZLUK_emes" />
		
		<!--<targetGroup id="SAHIS_EMIR" />
		
		
		 sahıs iyelik durumu tekrar test edilecek 
		 
		<targetGroup id="SAHIS_IYELIK" >		
        <conditions flag="And">
          <condition morpheme="AfterTarget" operator="MorphemeEquals" operand="EKFIIL_ZAMAN_HIKAYE_boldu" />
		  <condition morpheme="AfterTarget" operator="MorphemeEquals" operand="EKFIIL_ZAMAN_HIKAYE_ele" />
		  <condition morpheme="BeforeSource" operator="MorphemeSequenceEquals" operand="ISIM, EKFIIL_ZAMAN_HIKAYE_ele" />
		 </conditions>
		</targetGroup>-->
		<targetGroup id="SAHIS_ZAMIR" >
		<removeTarget id="SAHIS_ZAMIR_O_0" />
		<removeTarget id="SAHIS_ZAMIR_ONLAR_0" />
		</targetGroup>
		<target id="SAHIS_ZAMIR_O_0"  empty="true" />
		<target id="SAHIS_ZAMIR_ONLAR_0"  empty="true" />
		
	</source>
	
	<!--******** -->
	<!-- Çoğul ekinin tanımı -->
	<source id="IC_COGUL_LAr"  >
		<targetGroup id="ISIM_SAHIPLIK" />
		<targetGroup id="ISIM_HAL" />
		<target id="SORU_BI" />
		<target id="IC_AITLIK_ki" />
		<targetGroup id="EKFIIL_ZAMAN" >
			<removeTarget id="EKFIIL_ZAMAN_SART_bolso" />
		</targetGroup>
	</source>
	
	<!--******** -->
	<!-- İsim hal eklerinin tanımı  
	<source id="ISIM_HAL" >
		<targetGroup id="SAHIS_ZAMIR" >
		<removeTarget id="SAHIS_ZAMIR_O_0" />
		<removeTarget id="SAHIS_ZAMIR_ONLAR_0" />
		</targetGroup>
		<target id="SAHIS_ZAMIR_O_0"  empty="true" />
		<target id="SAHIS_ZAMIR_ONLAR_0"  empty="true" />
		<target id="SORU_BI" />
		<target id="IC_AITLIK_ki" />
		<target id="FY_YARDIMCI_bolso" />
	</source>  -->
	<source id="IC_HAL_ILGI_NIn" >
		<target id="SORU_BI"/>
		<target id="IC_AITLIK_ki" />		
		<target id="SAHIS_ZAMIR_BEN_mIn" />
		<target id="SAHIS_ZAMIR_SEN_sIň" />
		<target id="SAHIS_ZAMIR_SEN(nez.)_sIz" />	
		<target id="SAHIS_ZAMIR_BIZ_BIz" />
		<target id="SAHIS_ZAMIR_SIZ_sIңAr" />
		<target id="SAHIS_ZAMIR_SIZ(nez.)_sIzdAr" />
		
		<!--<targetGroup id="SAHIS_ZAMIR" >
		<removeTarget id="SAHIS_ZAMIR_O_0" />
		<removeTarget id="SAHIS_ZAMIR_ONLAR_0" />
		</targetGroup> -->
		<target id="SAHIS_ZAMIR_O_0"  empty="true" >
			<conditions flag="And" >
			<condition morpheme="BeforeSource" operator="MorphemeNotEquals" operand="IC_SAHIPLIK_BEN_(I)m" />
			<condition morpheme="BeforeSource" operator="MorphemeNotEquals" operand="IC_SAHIPLIK_SEN_(I)ň" />
			<condition morpheme="BeforeSource" operator="MorphemeNotEquals" operand="IC_SAHIPLIK_SEN_(I)ňIz" />
			<condition morpheme="BeforeSource" operator="MorphemeNotEquals" operand="IC_SAHIPLIK_BIZ_(I)bIz" />
			<condition morpheme="BeforeSource" operator="MorphemeNotEquals" operand="IC_SAHIPLIK_SIZ_(I)ňAr" />
			<condition morpheme="BeforeSource" operator="MorphemeNotEquals" operand="IC_SAHIPLIK_SIZ_(I)ňIzdAr" />
			<condition morpheme="BeforeSource" operator="MorphemeNotEquals" operand="IC_SAHIPLIK_ONLAR_LArI" />
			</conditions>
		</target>
		<target id="SAHIS_ZAMIR_ONLAR_0"  empty="true" >
		<conditions flag="And" >
			<condition morpheme="BeforeSource" operator="MorphemeNotEquals" operand="IC_SAHIPLIK_BEN_(I)m" />
			<condition morpheme="BeforeSource" operator="MorphemeNotEquals" operand="IC_SAHIPLIK_SEN_(I)ň" />
			<condition morpheme="BeforeSource" operator="MorphemeNotEquals" operand="IC_SAHIPLIK_SEN_(I)ňIz" />
			<condition morpheme="BeforeSource" operator="MorphemeNotEquals" operand="IC_SAHIPLIK_O_(s)I" />
			<condition morpheme="BeforeSource" operator="MorphemeNotEquals" operand="IC_SAHIPLIK_BIZ_(I)bIz" />
			<condition morpheme="BeforeSource" operator="MorphemeNotEquals" operand="IC_SAHIPLIK_SIZ_(I)ňAr" />
			<condition morpheme="BeforeSource" operator="MorphemeNotEquals" operand="IC_SAHIPLIK_SIZ_(I)ňIzdAr" />
			</conditions>
		</target>
		<target id="FY_YARDIMCI_bolso" />
	</source>
   <source id="IC_HAL_ILGI_In" >
		<copy id="IC_HAL_ILGI_NIn" >
			<removeTarget id="SAHIS_ZAMIR_ONLAR_0" />
			<removeTarget id="SAHIS_ZAMIR_O_0" />
		</copy>
   </source>
   
   <source id="IC_HAL_BELIRTME_I" >
		<copy id="IC_HAL_ILGI_NIn" >
			<removeTarget id="SAHIS_ZAMIR_ONLAR_0" />
			<removeTarget id="SAHIS_ZAMIR_O_0" />
		</copy>
	</source>
	<source id="IC_HAL_AYRILMA_An" >
		<copy id="IC_HAL_ILGI_NIn" >
			<removeTarget id="SAHIS_ZAMIR_ONLAR_0" />
			<removeTarget id="SAHIS_ZAMIR_O_0" />
		</copy>
	</source>
   <source id="IC_HAL_BELIRTME_NI" >
		<copy id="IC_HAL_ILGI_NIn" >
			<removeTarget id="SAHIS_ZAMIR_O_0" />
			<removeTarget id="SAHIS_ZAMIR_ONLAR_0" />
		</copy>
		<target id="SAHIS_ZAMIR_O_0"  empty="true" >
			<conditions flag="And" >
			<condition morpheme="BeforeSource" operator="MorphemeNotEquals" operand="IC_SAHIPLIK_BEN_(I)m" />
			<condition morpheme="BeforeSource" operator="MorphemeNotEquals" operand="IC_SAHIPLIK_SEN_(I)ň" />
			<condition morpheme="BeforeSource" operator="MorphemeNotEquals" operand="IC_SAHIPLIK_SEN_(I)ňIz" />
			<condition morpheme="BeforeSource" operator="MorphemeNotEquals" operand="IC_SAHIPLIK_BIZ_(I)bIz" />
			<condition morpheme="BeforeSource" operator="MorphemeNotEquals" operand="IC_SAHIPLIK_SIZ_(I)ňAr" />
			<condition morpheme="BeforeSource" operator="MorphemeNotEquals" operand="IC_SAHIPLIK_SIZ_(I)ňIzdAr" />
			<condition morpheme="BeforeSource" operator="MorphemeNotEquals" operand="IC_SAHIPLIK_ONLAR_LArI" />
			</conditions>
		</target>
		<target id="SAHIS_ZAMIR_ONLAR_0"  empty="true" >
		<conditions flag="And" >
			<condition morpheme="BeforeSource" operator="MorphemeNotEquals" operand="IC_SAHIPLIK_BEN_(I)m" />
			<condition morpheme="BeforeSource" operator="MorphemeNotEquals" operand="IC_SAHIPLIK_SEN_(I)ň" />
			<condition morpheme="BeforeSource" operator="MorphemeNotEquals" operand="IC_SAHIPLIK_SEN_(I)ňIz" />
			<condition morpheme="BeforeSource" operator="MorphemeNotEquals" operand="IC_SAHIPLIK_O_(s)I" />
			<condition morpheme="BeforeSource" operator="MorphemeNotEquals" operand="IC_SAHIPLIK_BIZ_(I)bIz" />
			<condition morpheme="BeforeSource" operator="MorphemeNotEquals" operand="IC_SAHIPLIK_SIZ_(I)ňAr" />
			<condition morpheme="BeforeSource" operator="MorphemeNotEquals" operand="IC_SAHIPLIK_SIZ_(I)ňIzdAr" />
			</conditions>
		</target>
		<target id="IC_HAL_VASITA_menen" />
	</source>
	<source id="IC_HAL_YONELME_GA" terminal="true">
		<target id="FY_YARDIMCI_GEREKLILIK_tiyiş" />
		<targetGroup id="SAHIS_ZAMIR" >
		<removeTarget id="SAHIS_ZAMIR_O_0" />
		<removeTarget id="SAHIS_ZAMIR_ONLAR_0" />
		</targetGroup>
		<target id="SAHIS_ZAMIR_O_0"  empty="true" >
			<conditions flag="And" >
			<condition morpheme="BeforeSource" operator="MorphemeNotEquals" operand="IC_SAHIPLIK_BEN_(I)m" />
			<condition morpheme="BeforeSource" operator="MorphemeNotEquals" operand="IC_SAHIPLIK_SEN_(I)ň" />
			<condition morpheme="BeforeSource" operator="MorphemeNotEquals" operand="IC_SAHIPLIK_SEN_(I)ňIz" />
			<condition morpheme="BeforeSource" operator="MorphemeNotEquals" operand="IC_SAHIPLIK_BIZ_(I)bIz" />
			<condition morpheme="BeforeSource" operator="MorphemeNotEquals" operand="IC_SAHIPLIK_SIZ_(I)ňAr" />
			<condition morpheme="BeforeSource" operator="MorphemeNotEquals" operand="IC_SAHIPLIK_SIZ_(I)ňIzdAr" />
			<condition morpheme="BeforeSource" operator="MorphemeNotEquals" operand="IC_SAHIPLIK_ONLAR_LArI" />
			</conditions>
		</target>
		<target id="SAHIS_ZAMIR_ONLAR_0"  empty="true" >
		<conditions flag="And" >
			<condition morpheme="BeforeSource" operator="MorphemeNotEquals" operand="IC_SAHIPLIK_BEN_(I)m" />
			<condition morpheme="BeforeSource" operator="MorphemeNotEquals" operand="IC_SAHIPLIK_SEN_(I)ň" />
			<condition morpheme="BeforeSource" operator="MorphemeNotEquals" operand="IC_SAHIPLIK_SEN_(I)ňIz" />
			<condition morpheme="BeforeSource" operator="MorphemeNotEquals" operand="IC_SAHIPLIK_O_(s)I" />
			<condition morpheme="BeforeSource" operator="MorphemeNotEquals" operand="IC_SAHIPLIK_BIZ_(I)bIz" />
			<condition morpheme="BeforeSource" operator="MorphemeNotEquals" operand="IC_SAHIPLIK_SIZ_(I)ňAr" />
			<condition morpheme="BeforeSource" operator="MorphemeNotEquals" operand="IC_SAHIPLIK_SIZ_(I)ňIzdAr" />
			</conditions>
		</target>
		<target id="SORU_BI"/>
		<target id="IC_AITLIK_ki" />
	</source>
	<source id="IC_HAL_BELIRTME_N(3)" >
		<copy id="IC_HAL_ILGI_NIn" >
			<conditions flag="Or" >
				<condition morpheme="BeforeSource" operator="MorphemeEquals"  operand="IC_SAHIPLIK_O_(s)I" />
				<condition morpheme="BeforeSource" operator="MorphemeNotEquals" operand="IC_SAHIPLIK_ONLAR_LArI" />
			</conditions>
			<removeTarget id="SAHIS_ZAMIR_BEN_mIn" />
			<removeTarget id="SAHIS_ZAMIR_SEN_sIň" />
			<removeTarget id="SAHIS_ZAMIR_SEN(nez.)_sIz" />
			<removeTarget id="SAHIS_ZAMIR_BIZ_BIz" />
			<removeTarget id="SAHIS_ZAMIR_SIZ_sIңAr" />
			<removeTarget id="SAHIS_ZAMIR_SIZ(nez.)_sIzdAr" />
		<removeTarget id="SAHIS_ZAMIR_ONLAR_0" />
	</copy>
	</source>
	<source id="IC_HAL_YONELME_nA(3)" >
		<copy id="IC_HAL_BELIRTME_N(3)" >			
		</copy>
		<target id="SAHIS_ZAMIR_ONLAR_0" empty="true" >
			<conditions flag="And" >
				<condition morpheme="BeforeSource" operator="MorphemeEquals" operand="IC_SAHIPLIK_ONLAR_LArI" />
			</conditions>
		</target>
	</source>
    <source id="IC_HAL_BULUNMA_DA" >
		<copy id="IC_HAL_ILGI_NIn" >
			<removeTarget id="SAHIS_ZAMIR_O_0" />
			<removeTarget id="SAHIS_ZAMIR_ONLAR_0" />
		</copy>
		<target id="SAHIS_ZAMIR_O_0"  empty="true" >
			<conditions flag="And" >
			<condition morpheme="BeforeSource" operator="MorphemeNotEquals" operand="IC_SAHIPLIK_BEN_(I)m" />
			<condition morpheme="BeforeSource" operator="MorphemeNotEquals" operand="IC_SAHIPLIK_SEN_(I)ň" />
			<condition morpheme="BeforeSource" operator="MorphemeNotEquals" operand="IC_SAHIPLIK_SEN_(I)ňIz" />
			<condition morpheme="BeforeSource" operator="MorphemeNotEquals" operand="IC_SAHIPLIK_BIZ_(I)bIz" />
			<condition morpheme="BeforeSource" operator="MorphemeNotEquals" operand="IC_SAHIPLIK_SIZ_(I)ňAr" />
			<condition morpheme="BeforeSource" operator="MorphemeNotEquals" operand="IC_SAHIPLIK_SIZ_(I)ňIzdAr" />
			<condition morpheme="BeforeSource" operator="MorphemeNotEquals" operand="IC_SAHIPLIK_ONLAR_LArI" />
			</conditions>
		</target>
		<target id="SAHIS_ZAMIR_ONLAR_0"  empty="true" >
		<conditions flag="And" >
			<condition morpheme="BeforeSource" operator="MorphemeNotEquals" operand="IC_SAHIPLIK_BEN_(I)m" />
			<condition morpheme="BeforeSource" operator="MorphemeNotEquals" operand="IC_SAHIPLIK_SEN_(I)ň" />
			<condition morpheme="BeforeSource" operator="MorphemeNotEquals" operand="IC_SAHIPLIK_SEN_(I)ňIz" />
			<condition morpheme="BeforeSource" operator="MorphemeNotEquals" operand="IC_SAHIPLIK_O_(s)I" />
			<condition morpheme="BeforeSource" operator="MorphemeNotEquals" operand="IC_SAHIPLIK_BIZ_(I)bIz" />
			<condition morpheme="BeforeSource" operator="MorphemeNotEquals" operand="IC_SAHIPLIK_SIZ_(I)ňAr" />
			<condition morpheme="BeforeSource" operator="MorphemeNotEquals" operand="IC_SAHIPLIK_SIZ_(I)ňIzdAr" />
			</conditions>
		</target>
	</source>
    <source id="IC_HAL_BULUNMA_(I)ndA" >
		<copy id="IC_HAL_BELIRTME_N(3)" />
		<!--<copy id="IC_HAL_ILGI_NIn" >
		<conditions flag="Or" >
			<condition morpheme="BeforeSource" operator="MorphemeEquals"  operand="IC_SAHIPLIK_O_(s)I" />
			<condition morpheme="BeforeSource" operator="MorphemeNotEquals" operand="IC_SAHIPLIK_ONLAR_LArI" />
		</conditions>
		<removeTarget id="SAHIS_ZAMIR_ONLAR_0" />
	</copy>-->
	</source>
    <source id="IC_HAL_AYRILMA_DAn" >
		<copy id="IC_HAL_ILGI_NIn" >
			<removeTarget id="SAHIS_ZAMIR_O_0" />
			<removeTarget id="SAHIS_ZAMIR_ONLAR_0" />
		</copy>
		<target id="SAHIS_ZAMIR_O_0"  empty="true" >
			<conditions flag="And" >
			<condition morpheme="BeforeSource" operator="MorphemeNotEquals" operand="IC_SAHIPLIK_BEN_(I)m" />
			<condition morpheme="BeforeSource" operator="MorphemeNotEquals" operand="IC_SAHIPLIK_SEN_(I)ň" />
			<condition morpheme="BeforeSource" operator="MorphemeNotEquals" operand="IC_SAHIPLIK_SEN_(I)ňIz" />
			<condition morpheme="BeforeSource" operator="MorphemeNotEquals" operand="IC_SAHIPLIK_BIZ_(I)bIz" />
			<condition morpheme="BeforeSource" operator="MorphemeNotEquals" operand="IC_SAHIPLIK_SIZ_(I)ňAr" />
			<condition morpheme="BeforeSource" operator="MorphemeNotEquals" operand="IC_SAHIPLIK_SIZ_(I)ňIzdAr" />
			<condition morpheme="BeforeSource" operator="MorphemeNotEquals" operand="IC_SAHIPLIK_ONLAR_LArI" />
			</conditions>
		</target>
		<target id="SAHIS_ZAMIR_ONLAR_0"  empty="true" >
		<conditions flag="And" >
			<condition morpheme="BeforeSource" operator="MorphemeNotEquals" operand="IC_SAHIPLIK_BEN_(I)m" />
			<condition morpheme="BeforeSource" operator="MorphemeNotEquals" operand="IC_SAHIPLIK_SEN_(I)ň" />
			<condition morpheme="BeforeSource" operator="MorphemeNotEquals" operand="IC_SAHIPLIK_SEN_(I)ňIz" />
			<condition morpheme="BeforeSource" operator="MorphemeNotEquals" operand="IC_SAHIPLIK_O_(s)I" />
			<condition morpheme="BeforeSource" operator="MorphemeNotEquals" operand="IC_SAHIPLIK_BIZ_(I)bIz" />
			<condition morpheme="BeforeSource" operator="MorphemeNotEquals" operand="IC_SAHIPLIK_SIZ_(I)ňAr" />
			<condition morpheme="BeforeSource" operator="MorphemeNotEquals" operand="IC_SAHIPLIK_SIZ_(I)ňIzdAr" />
			</conditions>
		</target>
	</source>
	<source id="IC_HAL_AYRILMA_nAn(3)" >
		<copy id="IC_HAL_BELIRTME_N(3)" />
		<!--<copy id="IC_HAL_ILGI_NIn" >
		<conditions flag="Or" >
			<condition morpheme="BeforeSource" operator="MorphemeEquals"  operand="IC_SAHIPLIK_O_(s)I" />
			<condition morpheme="BeforeSource" operator="MorphemeNotEquals" operand="IC_SAHIPLIK_ONLAR_LArI" />
		</conditions>
		<removeTarget id="SAHIS_ZAMIR_ONLAR_0" />
		</copy>-->
	</source>
    <source id="IC_HAL_ESITLIK1_çA" >
		<copy id="IC_HAL_ILGI_NIn" >
			<removeTarget id="SAHIS_ZAMIR_O_0" />
			<removeTarget id="SAHIS_ZAMIR_ONLAR_0" />
		</copy>
		<target id="SAHIS_ZAMIR_O_0"  empty="true" >
			<conditions flag="And" >
			<condition morpheme="BeforeSource" operator="MorphemeNotEquals" operand="IC_SAHIPLIK_BEN_(I)m" />
			<condition morpheme="BeforeSource" operator="MorphemeNotEquals" operand="IC_SAHIPLIK_SEN_(I)ň" />
			<condition morpheme="BeforeSource" operator="MorphemeNotEquals" operand="IC_SAHIPLIK_SEN_(I)ňIz" />
			<condition morpheme="BeforeSource" operator="MorphemeNotEquals" operand="IC_SAHIPLIK_BIZ_(I)bIz" />
			<condition morpheme="BeforeSource" operator="MorphemeNotEquals" operand="IC_SAHIPLIK_SIZ_(I)ňAr" />
			<condition morpheme="BeforeSource" operator="MorphemeNotEquals" operand="IC_SAHIPLIK_SIZ_(I)ňIzdAr" />
			<condition morpheme="BeforeSource" operator="MorphemeNotEquals" operand="IC_SAHIPLIK_ONLAR_LArI" />
			</conditions>
		</target>
		<target id="SAHIS_ZAMIR_ONLAR_0"  empty="true" >
		<conditions flag="And" >
			<condition morpheme="BeforeSource" operator="MorphemeNotEquals" operand="IC_SAHIPLIK_BEN_(I)m" />
			<condition morpheme="BeforeSource" operator="MorphemeNotEquals" operand="IC_SAHIPLIK_SEN_(I)ň" />
			<condition morpheme="BeforeSource" operator="MorphemeNotEquals" operand="IC_SAHIPLIK_SEN_(I)ňIz" />
			<condition morpheme="BeforeSource" operator="MorphemeNotEquals" operand="IC_SAHIPLIK_O_(s)I" />
			<condition morpheme="BeforeSource" operator="MorphemeNotEquals" operand="IC_SAHIPLIK_BIZ_(I)bIz" />
			<condition morpheme="BeforeSource" operator="MorphemeNotEquals" operand="IC_SAHIPLIK_SIZ_(I)ňAr" />
			<condition morpheme="BeforeSource" operator="MorphemeNotEquals" operand="IC_SAHIPLIK_SIZ_(I)ňIzdAr" />
			</conditions>
		</target>
		<target id="IY_ISIM_LIk" />
	</source>
	<source id="IC_HAL_ESITLIK2_DAy" >
		<copy id="IC_HAL_ILGI_NIn" >
		<removeTarget id="SAHIS_ZAMIR_O_0" />
		<removeTarget id="SAHIS_ZAMIR_ONLAR_0" />
		</copy>
		<target id="SAHIS_ZAMIR_O_0"  empty="true" >
			<conditions flag="And" >
			<condition morpheme="BeforeSource" operator="MorphemeNotEquals" operand="IC_SAHIPLIK_BEN_(I)m" />
			<condition morpheme="BeforeSource" operator="MorphemeNotEquals" operand="IC_SAHIPLIK_SEN_(I)ň" />
			<condition morpheme="BeforeSource" operator="MorphemeNotEquals" operand="IC_SAHIPLIK_SEN_(I)ňIz" />
			<condition morpheme="BeforeSource" operator="MorphemeNotEquals" operand="IC_SAHIPLIK_BIZ_(I)bIz" />
			<condition morpheme="BeforeSource" operator="MorphemeNotEquals" operand="IC_SAHIPLIK_SIZ_(I)ňAr" />
			<condition morpheme="BeforeSource" operator="MorphemeNotEquals" operand="IC_SAHIPLIK_SIZ_(I)ňIzdAr" />
			<condition morpheme="BeforeSource" operator="MorphemeNotEquals" operand="IC_SAHIPLIK_ONLAR_LArI" />
			</conditions>
		</target>
		<target id="SAHIS_ZAMIR_ONLAR_0"  empty="true" >
		<conditions flag="And" >
			<condition morpheme="BeforeSource" operator="MorphemeNotEquals" operand="IC_SAHIPLIK_BEN_(I)m" />
			<condition morpheme="BeforeSource" operator="MorphemeNotEquals" operand="IC_SAHIPLIK_SEN_(I)ň" />
			<condition morpheme="BeforeSource" operator="MorphemeNotEquals" operand="IC_SAHIPLIK_SEN_(I)ňIz" />
			<condition morpheme="BeforeSource" operator="MorphemeNotEquals" operand="IC_SAHIPLIK_O_(s)I" />
			<condition morpheme="BeforeSource" operator="MorphemeNotEquals" operand="IC_SAHIPLIK_BIZ_(I)bIz" />
			<condition morpheme="BeforeSource" operator="MorphemeNotEquals" operand="IC_SAHIPLIK_SIZ_(I)ňAr" />
			<condition morpheme="BeforeSource" operator="MorphemeNotEquals" operand="IC_SAHIPLIK_SIZ_(I)ňIzdAr" />
			</conditions>
		</target>
	</source>
	<!-- menen ek almaz -->
	<source id="IC_HAL_VASITA_menen" >		
	</source>
	
	<!--<source id="IC_HAL_ILGI_GI" />-->
	
	<!-- İsim hal eklerinin tanımı SONU -->
	
	<!--<source id="ISIM_SAHIPLIK" >
		<target id="FY_YARDIMCI_OLUMSUZLUK_cok" />
		<target id="FY_YARDIMCI_keldi" />
		<target id="FY_YARDIMCI_kelet" />	
		<target id="FY_YARDIMCI_bar" />	
		<target id="IC_COGUL_LAr" />
		<targetGroup id="ISIM_HAL" >
			<removeTarget id="IC_HAL_ILGI_In" />
			<removeTarget id="IC_HAL_BELIRTME_I" />
			<removeTarget id="IC_HAL_AYRILMA_An" />
		</targetGroup>
		<target id="SORU_BI" />
		<target id="IC_AITLIK_ki" />
		<targetGroup id="EKFIIL_ZAMAN" />
		<target id="FY_YARDIMCI_bolso" />
	</source>-->
	
	<!--******** -->
	<!-- SAHIPLIK EKLERIN TANIMI -->
	<source id="IC_SAHIPLIK_BEN_(I)m" >
		<targetGroup id="FY_YARDIMCI" >
			<removeTarget id="FY_YARDIMCI_kel" />
		</targetGroup>
		<target id="FY_YARDIMCI_kel">
		</target>
		<targetGroup id="FY_YARDIMCI_GEREKLILIK" >
		<conditions flag="Or" >
			<condition morpheme="BeforeSource" operator="MorphemeEquals" operand="FC_KIP_GEREKLILIK_1_(I)ş_gerek" />
			<condition morpheme="BeforeSource" operator="MorphemeEquals" operand="FC_KIP_GEREKLILIK_2_YY_gerek" />
			<condition morpheme="BeforeSource" operator="MorphemeEquals" operand="FC_KIP_GEREKLILIK_3_YY_GA_tiyiş" />		
		</conditions>
		</targetGroup>
		<targetGroup id="ISIM_HAL" >
			<removeTarget id="IC_HAL_BELIRTME_N(3)" />
			<removeTarget id="IC_HAL_YONELME_nA(3)" />
			<removeTarget id="IC_HAL_BULUNMA_(I)ndA" />	  
			<removeTarget id="IC_HAL_AYRILMA_nAn(3)" />
			<removeTarget id="IC_HAL_ILGI_In" />
		</targetGroup>
		<target id="IC_HAL_ILGI_In" >
		</target>
		<target id="SORU_BI" />
		<target id="IC_AITLIK_ki" />	
	</source>
	
	<source id="IC_SAHIPLIK_SEN_(I)ň" >
		<!--<targetGroup id="FY_YARDIMCI" />
		<targetGroup id="FY_YARDIMCI_GEREKLILIK" />-->
		<copy id="IC_SAHIPLIK_BEN_(I)m" />
	</source>
	
    <source id="IC_SAHIPLIK_SEN_(I)ňIz" >
	 <!-- <targetGroup id="FY_YARDIMCI" />
	  <targetGroup id="FY_YARDIMCI_GEREKLILIK" />-->
		<copy id="IC_SAHIPLIK_BEN_(I)m" >
			<removeTarget id="IC_HAL_ILGI_In" />
			<removeTarget id="IC_HAL_BELIRTME_I" />
			<removeTarget id="IC_HAL_AYRILMA_An" />
		</copy>
	</source>
	
	<source id="IC_SAHIPLIK_O_(s)I" >
		 <!-- <targetGroup id="FY_YARDIMCI" />
		  <targetGroup id="FY_YARDIMCI_GEREKLILIK" />-->
		  <copy id="IC_SAHIPLIK_BEN_(I)m" >
		  <removeTarget id="IC_HAL_BELIRTME_NI" />
		  <removeTarget id="IC_HAL_YONELME_GA" />
		  <removeTarget id="IC_HAL_BULUNMA_DA" />
		  <removeTarget id="IC_HAL_AYRILMA_DAn" />
		  <removeTarget id="IC_HAL_ILGI_In" />
		  <removeTarget id="IC_HAL_BELIRTME_I" />
		  <removeTarget id="IC_HAL_AYRILMA_An" />
		  </copy>
		  <!--<target id="IC_HAL_ILGI_NIn" />      
		  <target id="IC_HAL_ESITLIK1_çA" />
		  <target id="IC_HAL_ESITLIK2_DAy" />
		  <target id="IC_HAL_VASITA_menen" />	-->  
		  <target id="IC_HAL_BELIRTME_N(3)" />
		  <target id="IC_HAL_YONELME_nA(3)" />
		  <target id="IC_HAL_BULUNMA_(I)ndA" />	  
		  <target id="IC_HAL_AYRILMA_nAn(3)" />
			 <!--<conditions flag="Or">
			   <condition morpheme="BeforeSource" operator="MorphemeSequenceEquals" operand="ISIM, IC_SAHIPLIK_O_(s)I" />
			 </conditions>
			</target>-->
		<!--</targetGroup>-->
	</source>
	
	<source id="IC_SAHIPLIK_BIZ_(I)bIz" >
	  <!--<targetGroup id="FY_YARDIMCI" />
	  <targetGroup id="FY_YARDIMCI_GEREKLILIK" />-->
		<copy id="IC_SAHIPLIK_BEN_(I)m" >
			<removeTarget id="IC_HAL_ILGI_In" />
			<removeTarget id="IC_HAL_BELIRTME_I" />
			<removeTarget id="IC_HAL_AYRILMA_An" />
		</copy>
	</source>
	
	<source id="IC_SAHIPLIK_SIZ_(I)ňAr" >
	  <!--<targetGroup id="FY_YARDIMCI" />
	  <targetGroup id="FY_YARDIMCI_GEREKLILIK" />-->
	  <copy id="IC_SAHIPLIK_BEN_(I)m" >
			<removeTarget id="IC_HAL_ILGI_In" />
			<removeTarget id="IC_HAL_BELIRTME_I" />
			<removeTarget id="IC_HAL_AYRILMA_An" />
		</copy>
	</source>
	<source id="IC_SAHIPLIK_SIZ_(I)ňIzdAr" >
	  <!--<targetGroup id="FY_YARDIMCI" />
	  <targetGroup id="FY_YARDIMCI_GEREKLILIK" />-->
	  <copy id="IC_SAHIPLIK_BEN_(I)m" >
			<removeTarget id="IC_HAL_ILGI_In" />
			<removeTarget id="IC_HAL_BELIRTME_I" />
			<removeTarget id="IC_HAL_AYRILMA_An" />
		</copy>
	</source>
     <source id="IC_SAHIPLIK_ONLAR_LArI" >
	  <!--<targetGroup id="FY_YARDIMCI" />
	  <targetGroup id="FY_YARDIMCI_GEREKLILIK" />-->
	  <copy id="IC_SAHIPLIK_BEN_(I)m" >
		<removeTarget id="IC_HAL_YONELME_GA" />
		<removeTarget id="SAHIS_ZAMIR_O_0" />
		<removeTarget id="IC_HAL_ILGI_In" />
		<removeTarget id="IC_HAL_BELIRTME_I" />
		<removeTarget id="IC_HAL_AYRILMA_An" />
	  </copy>
	  <target id="IC_HAL_YONELME_nA(3)" />
	 </source >
	 <!--Sahiplik eklerinin sonu -->
	 
	 <!--******** -->
	<!-- İyelik kökenli Şahıs ekleri -->
	<source id="SAHIS_IYELIK_BEN_m" >
		<targetGroup id="FY_YARDIMCI" >
			<removeTarget id="FY_YARDIMCI_ele" />
			<removeTarget id="FY_YARDIMCI_bolçu" />
		</targetGroup>
		<targetGroup id="EKFIIL_ZAMAN" />
		<target id="SORU_BI" />
		<!--<target id="FY_YARDIMCI_OLUMSUZLUK_cok" />	
		<target id="FY_YARDIMCI_keldi" />
		<target id="FY_YARDIMCI_kelet" />	
		<target id="FY_YARDIMCI_bar" />		-->
		<target id="EKFIIL_ZAMAN_HIKAYE_SORU_bele" />
		<target id="EKFIIL_ZAMAN_RIVAYET_SORU_beken" />

	</source>
	<source id="SAHIS_IYELIK_SEN_ň" >
		<copy id="SAHIS_IYELIK_BEN_m" />
	</source>
	<source id="SAHIS_IYELIK_SEN(nez.)_ňIz" >
		<copy id="SAHIS_IYELIK_BEN_m" />
	</source>
	<source id="SAHIS_IYELIK_O_0" empty="true" >	
		<copy id="SAHIS_IYELIK_BEN_m" />
	</source>
	<source id="SAHIS_IYELIK_BIZ_k" >
		<copy id="SAHIS_IYELIK_BEN_m" />
	</source>
	<source id="SAHIS_IYELIK_SIZ_ňAr" >
		<copy id="SAHIS_IYELIK_BEN_m" />
	</source>
	<source id="SAHIS_IYELIK_SIZ(nez.)_(I)ňIzdAr" >
		<copy id="SAHIS_IYELIK_BEN_m" />
	</source>
	<source id="SAHIS_IYELIK_ONLAR_(I)ş_0" empty="true" >
		<copy id="SAHIS_IYELIK_BEN_m" />
	</source>
	<!-- İyelik kökenli Şahıs eklerinin sonu -->
	
	
	<!--***** --> 
	<!--******** SORU BI *****-->
	<source id="SORU_BI" terminal="true" >
		<targetGroup id="FY_YARDIMCI" />
		<targetGroup id="EKFIIL_ZAMAN" >
			<removeTarget id="EKFIIL_ZAMAN_SART_bolso" />
		</targetGroup>
	</source>
	
	<source id="IC_AITLIK_ki" />
	
	 <!--FIILIMSI_SIFAT -->
	<source id="FIILIMSI_SIFAT_AçAk" />
	<source id="FIILIMSI_SIFAT_(A)r"/>
	<source id="FIILIMSI_SIFAT_BAs"/>
	<source id="FIILIMSI_SIFAT_dık" />
	<source id="FIILIMSI_SIFAT_GAn">
		<target id="IY_FIIL_sI" />
	</source>
	<source id="FIILIMSI_SIFAT_GIdAy" />
	<source id="FIILIMSI_SIFAT_(YY)çU"/>
	<source id="FIILIMSI_SIFAT_A"/>
	<source id="FIILIMSI_SIFAT_GIs"/>
	
	<!--******** -->
	 <!--FIILIMSI_ZARF -->
	<source id="FIILIMSI_ZARF_A">
		<targetGroup id="EKFIIL_ZAMAN" >
			<removeTarget id="EKFIIL_ZAMAN_SART_bolso" />
		</targetGroup>
		<targetGroup id="SAHIS_ZAMIR" >
			<conditions flag="Or">
			<condition morpheme="BeforeSource" operator="MorphemeSequenceEquals" operand="FIIL, FC_ZAMAN_SIMDIKI_1_(I)p_cat" />
			<condition morpheme="BeforeSource" operator="MorphemeSequenceEquals" operand="FIIL, FC_ZAMAN_SIMDIKI_1_(I)p_cür" />
			<condition morpheme="BeforeSource" operator="MorphemeSequenceEquals" operand="FIIL, FC_ZAMAN_SIMDIKI_1_(I)p_otur" />
			<condition morpheme="BeforeSource" operator="MorphemeSequenceEquals" operand="FIIL, FC_ZAMAN_SIMDIKI_1_(I)p_tur" />
			
			</conditions>
			<removeTarget id="SAHIS_ZAMIR_O_0" />
			<removeTarget id="SAHIS_ZAMIR_ONLAR_0" />
		</targetGroup>
		<target id="SAHIS_ZAMIR_O_0"  empty="true" />
		<target id="SAHIS_ZAMIR_ONLAR_0"  empty="true" />
		<target id="SAHIS_IYELIK_BEN_m" />
	  <target id="FY_YARDIMCI_cat"/>
	  <target id="FY_YARDIMCI_otur" />
	  <target id="FY_YARDIMCI_tur"/>
	   <target id="FY_YARDIMCI_cür" />
	  <target id="SORU_BI" />
	  <target id="EKFIIL_ZAMAN_RIVAYET_SORU_beken" />
	  <target id="EKFIIL_ZAMAN_HIKAYE_SORU_bele" />
	</source>
	<source id="FIILIMSI_ZARF_A_elekte"/>
	<source id="FIILIMSI_ZARF_(A)rdA"/>
	<source id="FIILIMSI_ZARF_bAstAn"/>
	<source id="FIILIMSI_ZARF_çUday"/>
	<source id="FIILIMSI_ZARF_GAnçA"/>
	<source id="FIILIMSI_ZARF_GAndA"/>
	<source id="FIILIMSI_ZARF_GAnI"/>
	<source id="FIILIMSI_ZARF_GIçA"/>
	<source id="FIILIMSI_ZARF_mAyInçA"/>
	<source id="FIILIMSI_ZARF_(I)p"/>
	<!--******** -->
	<!--FIILIMSI_ISIM -->
	<source id="FIILIMSI_ISIM_YY">
		<target id="IC_HAL_BULUNMA_DA" />
	</source>
	<source id="FIILIMSI_ISIM_(I)ş"/>
	<source id="FIILIMSI_ISIM_Oş"/>
	<!--******** -->
	<!-- Zamir kökenli Şahıs ekleri-->
	<source id="SAHIS_ZAMIR_BEN_mIn" >
		<target id="SORU_BI" />		
		<target id="EKFIIL_ZAMAN_RIVAYET_SORU_beken" />
	</source>
	<source id="SAHIS_ZAMIR_SEN_sIň">
		<target id="SORU_BI" />		
		<target id="EKFIIL_ZAMAN_RIVAYET_SORU_beken" />
	</source>
	<source id="SAHIS_ZAMIR_SEN(nez.)_sIz">
		<target id="SORU_BI" />		
		<target id="EKFIIL_ZAMAN_RIVAYET_SORU_beken" />
	</source>
	<source id="SAHIS_ZAMIR_O_0" empty="true">
		<target id="SORU_BI" />		
		<target id="EKFIIL_ZAMAN_RIVAYET_SORU_beken" />
	</source>
	<source id="SAHIS_ZAMIR_BIZ_BIz">
		<target id="SORU_BI" />		
		<target id="EKFIIL_ZAMAN_RIVAYET_SORU_beken" />
	</source>
	<source id="SAHIS_ZAMIR_SIZ_sIңAr">
		<target id="SORU_BI" />		
		<target id="EKFIIL_ZAMAN_RIVAYET_SORU_beken" />
	</source>
	<source id="SAHIS_ZAMIR_SIZ(nez.)_sIzdAr">
		<target id="SORU_BI" />		
		<target id="EKFIIL_ZAMAN_RIVAYET_SORU_beken" />
	</source>
	<source id="SAHIS_ZAMIR_ONLAR_0" empty="true">
		<target id="SORU_BI" />	
		<target id="EKFIIL_ZAMAN_RIVAYET_SORU_beken" />
		<target id="FIILIMSI_ZARF_A" >
			<conditions flag="Or" >
			<condition morpheme="BeforeSource" operator="MorphemeSequenceEquals" operand="FIIL, FC_ZAMAN_SIMDIKI_1_(I)p_cat" />
			<condition morpheme="BeforeSource" operator="MorphemeSequenceEquals" operand="FIIL, FC_ZAMAN_SIMDIKI_1_(I)p_cür" />
			<condition morpheme="BeforeSource" operator="MorphemeSequenceEquals" operand="FIIL, FC_ZAMAN_SIMDIKI_1_(I)p_otur" />
			<condition morpheme="BeforeSource" operator="MorphemeSequenceEquals" operand="FIIL, FC_ZAMAN_SIMDIKI_1_(I)p_tur" />
		</conditions>
		</target>
	</source>
	<!-- sahıs ekleri sonu -->
	
	<!--******** -->
	<!-- Emir kökenli Şahıs ekleri 
	<source id="SAHIS_EMIR_BEN_(A)yIn"/>
	<source id="SAHIS_EMIR_SEN_0" empty="true"/>
	<source id="SAHIS_EMIR_SEN_GIn"/>
	<source id="SAHIS_EMIR_SEN(nez.)_(I)ňIz"/>
	<source id="SAHIS_EMIR_O_sIn"/>
	<source id="SAHIS_EMIR_BIZ_AlI(k)"/>
	<source id="SAHIS_EMIR_SIZ_GIlA"/>
	<source id="SAHIS_EMIR_SIZ(nez.)_(I)ňIzdAr"/>
	<source id="SAHIS_EMIR_ONLAR_(I)ş"/>
	Emir kökenli Şahıs ekleri SONU -->
	
	

<!-- **** FIILDEN FIIL YAPAN YAPIM EKLERİN SONU*** -->
	
	<!--******** -->
	<!-- FIIL ÇEKİMİ -->
	<source id="FIIL" >
	<targetGroup id="FY_ISIM" >
		<removeTarget id="FY_ISIM_dI" />
	</targetGroup>
	<targetGroup id="FY_FIIL" />
	<targetGroup id="FIIL_KIP" > 
		<removeTarget id="FC_KIP_EMIR_SAHIS_BIZ_ylI" />
		<removeTarget id="FC_KIP_EMIR_SAHIS_BIZ_AlI(k)" />
		<removeTarget id="FC_KIP_EMIR_SAHIS_BIZ_AlI" />
	</targetGroup>
	<target id="FC_KIP_EMIR_SAHIS_BIZ_ylI" >
	<conditions flag="And">
          <condition morpheme="Source" operator="EndsWithVowel" />
        </conditions>
	</target>
	<target id="FC_KIP_EMIR_SAHIS_BIZ_AlI" >
		<conditions flag="And">
          <condition morpheme="Source" operator="EndsWithConsonant" />
        </conditions>
	</target>
	<target id="FC_KIP_EMIR_SAHIS_BIZ_AlI(k)" >
		<conditions flag="And">
          <condition morpheme="Source" operator="EndsWithConsonant" />
        </conditions>
	</target>
	<targetGroup id="FIIL_ZAMAN" />
	<targetGroup id="FIILIMSI_ISIM" />
	<targetGroup id="FIILIMSI_SIFAT" />
	<targetGroup id="FIILIMSI_ZARF" />
	<!--<targetGroup id="SAHIS_IYELIK" >
		<removeTarget id="SAHIS_IYELIK_O_0" />
		</targetGroup>
		<target id="SAHIS_IYELIK_O_0" empty="true" />
	<targetGroup id="SAHIS_ZAMIR" >
	<removeTarget id="SAHIS_ZAMIR_O_0" />
	<removeTarget id="SAHIS_ZAMIR_ONLAR_0" />
	</targetGroup>
	<target id="SAHIS_ZAMIR_O_0" empty="true"/>
	<target id="SAHIS_ZAMIR_ONLAR_0" empty="true"/>--> 
	<targetGroup id="FY_YARDIMCI" />
	<targetGroup id="YF_BILESIK" />
	</source>
	
	<source id="FY_OLUMSUZLUK_BA"  terminal="false" >
		<targetGroup id="FIIL_ZAMAN" >
			<removeTarget id="FC_ZAMAN_GELECEK_2_A_elek" /> <!-- anlam olumsuz olduğundan olumsuzluk eki almaz -->
		</targetGroup>
		<targetGroup id="FIIL_KIP" >
			<removeTarget id="FC_KIP_EMIR_SAHIS_BIZ_AlI" />
			<removeTarget id="FC_KIP_EMIR_SAHIS_BIZ_AlI(k)" />
			<removeTarget id="FC_KIP_EMIR_SAHIS_SEN_0"/>
		</targetGroup>
		<target id="FC_KIP_EMIR_SAHIS_SEN_0"  empty="true" />
		<target id="FIILIMSI_ISIM_YY" >
			<conditions flag="Or">
				<condition morpheme="AfterTarget" operator="MorphemeEquals" operand="IC_HAL_BULUNMA_DA" />
			</conditions>
		</target>
		<targetGroup id="YF_BILESIK" />
		<target id="FIILIMSI_ZARF_A" />
	</source>
	
	<!-- BİLEŞİK FİİLLERİN ÇEKİMİ -->
	<source id="FC_YF_TEZLIK_A_tüş" terminal="false">
		<targetGroup id="FIIL_ZAMAN" />
		<targetGroup id="FIIL_KIP" />
		<targetGroup id="FIILIMSI_ISIM" />
		<targetGroup id="FIILIMSI_SIFAT" />
		<targetGroup id="FIILIMSI_ZARF" />
	</source>
	<source id="FC_YF_TEZLIK_(I)p_ciber" terminal="false" >
		<copy id="FC_YF_TEZLIK_A_tüş" /> 
	</source>
	<source id="FC_YF_TEZLIK_A_ber" terminal="false" >
		<copy id="FC_YF_TEZLIK_A_tüş" /> 
	</source>
	<source id="FC_YF_TEZLIK_(I)p_ber" terminal="false" >
		<copy id="FC_YF_TEZLIK_A_tüş" /> 
	</source>
	<source id="FC_YF_YETERLILIK_A_al" terminal="false" >
		<copy id="FC_YF_TEZLIK_A_tüş" /> 
	</source>
	
	
	<!-- BİLEŞİK FİİLLERİN ÇEKİMİ SONU -->
	
	
	<!-- *****GEÇMİŞ ZAMAN ****-->
	<source id="FC_ZAMAN_OGRENILEN_GECMIS_(I)ptIr" terminal="false">
		<targetGroup id="SAHIS_ZAMIR" >
		<removeTarget id="SAHIS_ZAMIR_O_0" />
		<removeTarget id="SAHIS_ZAMIR_ONLAR_0" />
		</targetGroup>
		<target id="SAHIS_ZAMIR_O_0" empty="true"/>
		<target id="SAHIS_ZAMIR_ONLAR_0" empty="true"/>
		<targetGroup id="EKFIIL_ZAMAN" >
			<removeTarget id="EKFIIL_ZAMAN_SART_bolso" />
		</targetGroup>
	</source>	
	
	<source id="FC_ZAMAN_GORULEN_GECMIS_DI" terminal="false" >
		<targetGroup id= "SAHIS_IYELIK" >
			<removeTarget id="SAHIS_IYELIK_O_0" />
			<removeTarget id="SAHIS_IYELIK_ONLAR_(I)ş_0" />	
		</targetGroup>
		<target id="SAHIS_IYELIK_O_0"  empty="true" />
	
			<!-- 3. çoğul sahıstan önce işteşlik eki gelmelidir. --> 
		<target id="SAHIS_IYELIK_ONLAR_(I)ş_0" empty="true"	>
		 <conditions flag="And" >
				<condition morpheme="BeforeSource" operator="MorphemeEquals" operand="FY_ISTES_(I)ş" />
			</conditions>
		</target>
		<targetGroup id="EKFIIL_ZAMAN" />
	</source>
	
	<source id="FC_ZAMAN_GORULEN_UZAK_GECMIS_GA_ben" >
		<target id="SAHIS_ZAMIR_BEN_mIn" />
		<target id="FY_YARDIMCI_ele" />
		<target id="FY_YARDIMCI_bolçu" />
		<target id="EKFIIL_ZAMAN_RIVAYET_eken" />
	</source>
	<source id="FC_ZAMAN_GORULEN_UZAK_GECMIS_GA_ben2" >
		<copy id="FC_ZAMAN_GORULEN_UZAK_GECMIS_GA_ben" />
	</source>
	
	<source id="FC_ZAMAN_GORULEN_UZAK_GECMIS_GAn" terminal="false" >
		<targetGroup id="SAHIS_ZAMIR" >
		<removeTarget id="SAHIS_ZAMIR_O_0" />
		<removeTarget id="SAHIS_ZAMIR_ONLAR_0" />
		</targetGroup>
		<target id="SAHIS_ZAMIR_O_0"  empty="true" />
		<target id="SAHIS_ZAMIR_ONLAR_0"  empty="true" />
		<target id="IC_SAHIPLIK_BEN_(I)m" >
			<conditions flag="Or" >
			<condition morpheme="AfterTarget" operator="MorphemeEquals" operand="FY_YARDIMCI_OLUMSUZLUK_cok" />
			</conditions>
		</target>
		<target id="IC_SAHIPLIK_SEN_(I)ň" >
			<conditions flag="Or" >
			<condition morpheme="AfterTarget" operator="MorphemeEquals" operand="FY_YARDIMCI_OLUMSUZLUK_cok" />
			</conditions>
		</target>
		<target id="IC_SAHIPLIK_SEN_(I)ňIz" >
			<conditions flag="Or" >
			<condition morpheme="AfterTarget" operator="MorphemeEquals" operand="FY_YARDIMCI_OLUMSUZLUK_cok" />
			</conditions>
		</target>
		<target id="IC_SAHIPLIK_O_(s)I" >
			<conditions flag="Or" >
			<condition morpheme="AfterTarget" operator="MorphemeEquals" operand="FY_YARDIMCI_OLUMSUZLUK_cok" />
			</conditions>
		</target>
		<target id="IC_SAHIPLIK_BIZ_(I)bIz" >
			<conditions flag="Or" >
			<condition morpheme="AfterTarget" operator="MorphemeEquals" operand="FY_YARDIMCI_OLUMSUZLUK_cok" />
			</conditions>
		</target>
		<target id="IC_SAHIPLIK_SIZ_(I)ňAr" >
			<conditions flag="Or" >
			<condition morpheme="AfterTarget" operator="MorphemeEquals" operand="FY_YARDIMCI_OLUMSUZLUK_cok" />
			</conditions>
		</target>
		<target id="IC_SAHIPLIK_SIZ_(I)ňIzdAr" >
			<conditions flag="Or" >
			<condition morpheme="AfterTarget" operator="MorphemeEquals" operand="FY_YARDIMCI_OLUMSUZLUK_cok" />
			</conditions>
		</target>
		<target id="IC_SAHIPLIK_ONLAR_LArI" >
			<conditions flag="Or" >
			<condition morpheme="AfterTarget" operator="MorphemeEquals" operand="FY_YARDIMCI_OLUMSUZLUK_cok" />
			</conditions>
		</target>
		
		<targetGroup id="EKFIIL_ZAMAN" /> 
		<targetGroup id="FY_YARDIMCI" >
		<!-- bu tür geçmiş zamanın  sartını yardımcı fiil bolso ile de yapılmaktadır. ve bu sart kipinin hikayesi bölümünde geçmektedir. -->
			<removeTarget id="FY_YARDIMCI_OLUMSUZLUK_emes" />
			<removeTarget id="FY_YARDIMCI_bolso" />
		</targetGroup>		
		<target id="EKFIIL_ZAMAN_HIKAYE_SORU_bele" />
		<target id="EKFIIL_ZAMAN_RIVAYET_SORU_beken" />

		<!-- şimdiki zamanın hikayesi çekiminde geçmiş zaman ekinden sonra emes gelir. İşlek değildir. -->		
		<target id="FY_YARDIMCI_OLUMSUZLUK_emes">
			<conditions flag="Or">
				<condition morpheme="BeforeSource" operator="MorphemeEquals" operand="FC_ZAMAN_SIMDIKI_1_(I)p_otur" />
				<condition morpheme="BeforeSource" operator="MorphemeEquals" operand="FC_ZAMAN_SIMDIKI_1_(I)p_tur" />
				<condition morpheme="BeforeSource" operator="MorphemeEquals" operand="FC_ZAMAN_SIMDIKI_1_(I)p_cat" />
				<condition morpheme="BeforeSource" operator="MorphemeEquals" operand="FC_ZAMAN_SIMDIKI_1_(I)p_cür" />
			</conditions>
		</target>
	</source>
		
	<source id="FC_ZAMAN_ADET_GECMIS_çU" terminal="false">	
		<targetGroup id= "SAHIS_ZAMIR" >
		<removeTarget id="SAHIS_ZAMIR_O_0" />
		<removeTarget id="SAHIS_ZAMIR_ONLAR_0" />
		</targetGroup>
		<target id="SAHIS_ZAMIR_O_0"  empty="true" />
		<target id="SAHIS_ZAMIR_ONLAR_0"  empty="true" />
		<!--target id="EKFIIL_ZAMAN_HIKAYE_ele" />-->
		<targetGroup id="EKFIIL_ZAMAN" />
		<target id="FY_YARDIMCI_OLUMSUZLUK_emes" />
	</source>
	
	
	<!-- *****GEÇMİŞ ZAMAN SONU****-->
	
	<!-- *****ŞİMDİKİ ZAMAN ****-->
	<source id="FC_ZAMAN_SIMDIKI_1_(I)p_cat" terminal="false" >
		<!--<target id="FY_YARDIMCI_cat" />
		<target id="FY_YARDIMCI_otur" />	
		<target id="FY_YARDIMCI_cür" />
		<target id="FY_YARDIMCI_tur" /> -->
		<target id="FC_ZAMAN_GORULEN_UZAK_GECMIS_GAn" />	
		<target id="FIILIMSI_ZARF_A" />
	</source>
	<source id="FC_ZAMAN_SIMDIKI_1_(I)p_cür" >
		<copy id="FC_ZAMAN_SIMDIKI_1_(I)p_cat" />
	</source>
	<source id="FC_ZAMAN_SIMDIKI_1_(I)p_otur" >
		<copy id="FC_ZAMAN_SIMDIKI_1_(I)p_cat" />
	</source>
	<source id="FC_ZAMAN_SIMDIKI_1_(I)p_tur" >
		<copy id="FC_ZAMAN_SIMDIKI_1_(I)p_cat" />
	</source>
	
	<!-- şimdiki zaman türünün olumsuzunda ıp eki gelmez -->
	<source id="FC_ZAMAN_SIMDIKI_1_OLUMSUZ_BAy" terminal="false" >
		<target id="FY_YARDIMCI_cat" />
		<target id="FY_YARDIMCI_otur" />	
		<target id="FY_YARDIMCI_cür" />
		<target id="FY_YARDIMCI_tur" />
	</source>
	<source id="FC_ZAMAN_SIMDIKI_2_YYdA" terminal="false">
		<targetGroup id="SAHIS_ZAMIR" >
		<removeTarget id="SAHIS_ZAMIR_O_0" />
		<removeTarget id="SAHIS_ZAMIR_ONLAR_0" />
		</targetGroup>
		<target id="SAHIS_ZAMIR_O_0"  empty="true" />
		<target id="SAHIS_ZAMIR_ONLAR_0"  empty="true" />
	</source>
	
	<!-- *****ŞİMDİKİ ZAMAN SONU ****-->
	
	<!-- *****GELECEK ZAMAN ****-->
	<source id="FC_ZAMAN_GELECEK_A" terminal="false">
		<targetGroup id="SAHIS_ZAMIR" >
		<removeTarget id="SAHIS_ZAMIR_O_0" />
		<removeTarget id="SAHIS_ZAMIR_ONLAR_0" />
		</targetGroup>
		<target id="SAHIS_ZAMIR_O_0"  empty="true" />
		<target id="SAHIS_ZAMIR_ONLAR_0"  empty="true" />
		
		<target id="EKFIIL_ZAMAN_RIVAYET_eken" />
		<target id="EKFIIL_ZAMAN_RIVAYET_imiş" />
		<target id="EKFIIL_ZAMAN_HIKAYE_ele" />
		<target id="EKFIIL_ZAMAN_HIKAYE_bolçu" />
		<target id="FY_YARDIMCI_tur" />
		<target id="EKFIIL_ZAMAN_RIVAYET_SORU_beken" />
	</source>
	
	
	 <source id="FC_ZAMAN_GELECEK_2_A_elek" terminal="false">
	 <!-- anlam olumsuz olduğundan olumsuzluk eki almaz -->
		<targetGroup id="SAHIS_ZAMIR" >
		<removeTarget id="SAHIS_ZAMIR_O_0" />
		<removeTarget id="SAHIS_ZAMIR_ONLAR_0" />
		</targetGroup>
		<target id="SAHIS_ZAMIR_O_0"  empty="true" />
		<target id="SAHIS_ZAMIR_ONLAR_0"  empty="true" />
		<target id="FY_YARDIMCI_elek" />	
	</source >
	<!-- *****GELECEK ZAMAN SONU ****-->
	
	<!-- *****GENİŞ ZAMAN  ****-->
	<source id="FC_ZAMAN_GENIS_(A)r" terminal="false">
		<targetGroup id="SAHIS_ZAMIR" >
		<removeTarget id="SAHIS_ZAMIR_O_0" />
		<removeTarget id="SAHIS_ZAMIR_ONLAR_0" />
		</targetGroup>
		<target id="SAHIS_ZAMIR_O_0"  empty="true" />
		<target id="SAHIS_ZAMIR_ONLAR_0"  empty="true" />
		<target id="EKFIIL_ZAMAN_HIKAYE_ele" />			
		<target id="EKFIIL_ZAMAN_HIKAYE_SORU_bele" />
		<target id="EKFIIL_ZAMAN_RIVAYET_SORU_beken" />
		<target id="EKFIIL_ZAMAN_SART_bolso" />
	</source>
	<source id="FC_ZAMAN_GENIS_OLUMSUZ_BAs" terminal="false">
		<targetGroup id="SAHIS_ZAMIR" >
		<removeTarget id="SAHIS_ZAMIR_O_0" />
		<removeTarget id="SAHIS_ZAMIR_ONLAR_0" />
		</targetGroup>
		<target id="SAHIS_ZAMIR_O_0"  empty="true" />
		<target id="SAHIS_ZAMIR_ONLAR_0"  empty="true" />
		<target id="EKFIIL_ZAMAN_HIKAYE_ele" />
		<!--<target id="SORU_BI" />-->
	</source>
	<!-- *****GENİŞ ZAMAN SONU ****-->
	
	<!-- *****ŞART KİPİ ****-->	
	<source id= "FC_KIP_SART_sA" terminal="false">
		<targetGroup id="SAHIS_IYELIK" >
		<removeTarget id="SAHIS_IYELIK_O_0" />
		<removeTarget id="SAHIS_IYELIK_ONLAR_(I)ş_0" />
		</targetGroup>
		<target id="SAHIS_IYELIK_O_0" empty="true" >
		<conditions flag="And" >		
			<condition morpheme="AfterTarget" operator="MorphemeNotEquals" operand="EKFIIL_ZAMAN_HIKAYE_ele" />
		</conditions>
		</target>
		<target id="SAHIS_IYELIK_ONLAR_(I)ş_0" empty="true" >
		<conditions flag="And" >		
			<condition morpheme="AfterTarget" operator="MorphemeNotEquals" operand="EKFIIL_ZAMAN_HIKAYE_ele" />
		</conditions>
		</target>
		<!--<target id="SORU_BI" />-->
		<target id="EKFIIL_ZAMAN_HIKAYE_ele" />
			
		
	</source>
	<!-- *****ŞART KİPİ SONU ****-->
	
	<!-- *****GEREKLİLİK KİPİ ****-->
	<source id="FC_KIP_GEREKLILIK_1_(I)ş_gerek" terminal="false">
		<targetGroup id="ISIM_SAHIPLIK" />
		<targetGroup id="FY_YARDIMCI_GEREKLILIK" >
		</targetGroup>
		<target id="FY_YARDIMCI_OLUMSUZLUK_emes" />
	</source>
	<source id="FC_KIP_GEREKLILIK_2_YY_gerek" terminal="false">
		<copy id="FC_KIP_GEREKLILIK_1_(I)ş_gerek" />
	</source>
	<source id="FC_KIP_GEREKLILIK_3_YY_GA_tiyiş" terminal="false">
		<copy id="FC_KIP_GEREKLILIK_1_(I)ş_gerek" />
		<target id="IC_HAL_YONELME_GA" />
		<targetGroup id="SAHIS_ZAMIR" >	
		<removeTarget id="SAHIS_ZAMIR_O_0" />
		<removeTarget id="SAHIS_ZAMIR_ONLAR_0" />
		</targetGroup>
		<target id="SAHIS_ZAMIR_O_0"  empty="true" />
		<target id="SAHIS_ZAMIR_ONLAR_0"  empty="true" />		
	</source>
	
	<source id="FY_YARDIMCI_GEREKLILIK_kerek">
		<target id="FY_YARDIMCI_OLUMSUZLUK_emes" />
		<targetGroup id="EKFIIL_ZAMAN" >
			<removeTarget id="EKFIIL_ZAMAN_SART_bolso" />
		</targetGroup>
		<!--<target id="EKFIIL_ZAMAN_HIKAYE_bolçu" />-->
		<target id="SORU_BI" />
	</source>
	<source id="FY_YARDIMCI_GEREKLILIK_zarıl">
		<copy id="FY_YARDIMCI_GEREKLILIK_kerek" />
	</source>
	<source id="FY_YARDIMCI_GEREKLILIK_laazım">
		<copy id="FY_YARDIMCI_GEREKLILIK_kerek" />
	</source>
	<source id="FY_YARDIMCI_GEREKLILIK_tiyiş">
		<copy id="FY_YARDIMCI_GEREKLILIK_kerek" />
		<targetGroup id="SAHIS_ZAMIR" >
		<removeTarget id="SAHIS_ZAMIR_O_0" />
		<removeTarget id="SAHIS_ZAMIR_ONLAR_0" />
		</targetGroup>
		<target id="SAHIS_ZAMIR_O_0"  empty="true" />
		<target id="SAHIS_ZAMIR_ONLAR_0"  empty="true" />
	</source>
	
	<!-- *****GEREKLİLİK KİPİ SONU ****-->
	
	<!-- *****İSTEK KİPİ ****-->
	
	<source id= "FC_KIP_ISTEK_1_GI" >
		<targetGroup id="ISIM_SAHIPLIK" />
		<target id="FY_YARDIMCI_OLUMSUZLUK_cok" />	
		<target id="FY_YARDIMCI_keldi" />
		<!--<target id="FY_YARDIMCI_kelet" />	
		<target id="FY_YARDIMCI_bar" />			-->
	</source>
	
	<source id="FC_KIP_ISTEK_2_mAkçI" >
		<targetGroup id="SAHIS_ZAMIR" >
		<removeTarget id="SAHIS_ZAMIR_O_0" />
		<removeTarget id="SAHIS_ZAMIR_ONLAR_0" />
		</targetGroup>
		<target id="SAHIS_ZAMIR_O_0"  empty="true" />
		<target id="SAHIS_ZAMIR_ONLAR_0"  empty="true" />
		<target id="FY_YARDIMCI_OLUMSUZLUK_emes" />
		<targetGroup id="EKFIIL_ZAMAN" >
			<removeTarget id="EKFIIL_ZAMAN_SART_bolso" />
		</targetGroup>
		<!--<target id="SORU_BI" />	-->			
		<target id="EKFIIL_ZAMAN_HIKAYE_SORU_bele" />
		<target id="EKFIIL_ZAMAN_RIVAYET_SORU_beken" />
	</source>
	<source id="FC_KIP_ISTEK_3_GAy_ele" terminal="false" >
		<targetGroup id="SAHIS_IYELIK" >
		<removeTarget id="SAHIS_IYELIK_O_0" />
		<removeTarget id="SAHIS_IYELIK_ONLAR_(I)ş_0" />
		</targetGroup>
		<target id="SAHIS_IYELIK_O_0" empty="true" />
		<target id="SAHIS_IYELIK_ONLAR_(I)ş_0" empty="true" />
	</source>
	<source id="FC_KIP_ISTEK_4_mAk" >
		<copy id="FC_KIP_ISTEK_2_mAkçI"/>
	</source>
	<!-- *****İSTEK KİPİ SONU ****-->
	
	<!-- *****EMİR KİPİ**** -->
	<source id="FC_KIP_EMIR_SAHIS_BEN_AyIn" >
		<target id="SORU_BI" />
	</source>
	<source id="FC_KIP_EMIR_SAHIS_SEN_0"  empty="true" >
		<target id="SORU_BI" />
	</source>
	<source id="FC_KIP_EMIR_SEN_GIn"  >
		<target id="SORU_BI" />
	</source>
	<source id="FC_KIP_EMIR_SEN(nez.)_(I)ňIz"  >
		<target id="SORU_BI" />
	</source>
	<source id="FC_KIP_EMIR_SAHIS_O_sIn"  >
		<target id="SORU_BI" />
	</source>
	<source id="FC_KIP_EMIR_SAHIS_BIZ_ylI"  >
		<target id="SORU_BI" />
	</source>
	<source id="FC_KIP_EMIR_SAHIS_BIZ_AlI"  >
		<target id="SORU_BI" />
	</source>
	<source id="FC_KIP_EMIR_SAHIS_BIZ_AlI(k)"  >
		<target id="SORU_BI" />
	</source>
	<source id="FC_KIP_EMIR_SAHIS_SIZ_GIlA"  >
		<target id="SORU_BI" />
	</source>
	<source id="FC_KIP_EMIR_SIZ(nez.)_(I)ňIzdAr"  >
		<target id="SORU_BI" />
	</source>
	<source id="FC_KIP_EMIR_SAHIS_ONLAR_(I)şsIn"  >
		<target id="SORU_BI" />
	</source>
	
	
	<!--  ***** EMIR KİPİNİN SONU **** -->
	
	
	<source id="FY_YARDIMCI_ele" >
		<targetGroup id="SAHIS_IYELIK" >
		<removeTarget id="SAHIS_IYELIK_O_0" />
		</targetGroup>
		<target id="SAHIS_IYELIK_O_0" empty="true" >
			<conditions flag="Or" >
				<condition morpheme="BeforeSource" operator="MorphemeNotEquals" operand="IC_SAHIPLIK_BEN_(I)m" />
				<condition morpheme="BeforeSource" operator="MorphemeNotEquals" operand="IC_SAHIPLIK_SEN_(I)ň" />
				<condition morpheme="BeforeSource" operator="MorphemeNotEquals" operand="IC_SAHIPLIK_SEN_(I)ňIz" />
				<condition morpheme="BeforeSource" operator="MorphemeNotEquals" operand="IC_SAHIPLIK_BIZ_(I)bIz" />
				<condition morpheme="BeforeSource" operator="MorphemeNotEquals" operand="IC_SAHIPLIK_SIZ_(I)ňAr" />
				<condition morpheme="BeforeSource" operator="MorphemeNotEquals" operand="IC_SAHIPLIK_SIZ_(I)ňIzdAr" />
				<condition morpheme="BeforeSource" operator="MorphemeNotEquals" operand="IC_SAHIPLIK_ONLAR_LArI" />
				<condition morpheme="BeforeSource" operator="MorphemeNotEquals" operand="SAHIS_IYELIK_BEN_m" />
				<condition morpheme="BeforeSource" operator="MorphemeNotEquals" operand="SAHIS_IYELIK_SEN_ň" />
				<condition morpheme="BeforeSource" operator="MorphemeNotEquals" operand="SAHIS_IYELIK_SEN(nez.)_ňIz" />
				<condition morpheme="BeforeSource" operator="MorphemeNotEquals" operand="SAHIS_IYELIK_BIZ_k" />
				<condition morpheme="BeforeSource" operator="MorphemeNotEquals" operand="SAHIS_IYELIK_SIZ_ňAr" />
				<condition morpheme="BeforeSource" operator="MorphemeNotEquals" operand="SAHIS_IYELIK_SIZ(nez.)_(I)ňIzdAr" />
				<condition morpheme="BeforeSource" operator="MorphemeNotEquals" operand="SAHIS_IYELIK_ONLAR_(I)ş_0" />
			</conditions>
		</target>
	</source>
	<source id="FY_YARDIMCI_elek" terminal="false" >
		<targetGroup id="SAHIS_ZAMIR" >
		<removeTarget id="SAHIS_ZAMIR_O_0" />
		<removeTarget id="SAHIS_ZAMIR_ONLAR_0" />
		</targetGroup>
		<target id="SAHIS_ZAMIR_O_0"  empty="true" />
		<target id="SAHIS_ZAMIR_ONLAR_0"  empty="true" />
		<target id="IC_HAL_BULUNMA_DA" />
	</source>
	
	<source id="FY_YARDIMCI_bolçu" >
		<targetGroup id="SAHIS_ZAMIR" >
		<removeTarget id="SAHIS_ZAMIR_O_0" />
		<removeTarget id="SAHIS_ZAMIR_ONLAR_0" />
		</targetGroup>
		<target id="SAHIS_ZAMIR_O_0"  empty="true" >
			<conditions flag="And" >
				<condition morpheme="BeforeSource" operator="MorphemeNotEquals" operand="IC_SAHIPLIK_BEN_(I)m" />
				<condition morpheme="BeforeSource" operator="MorphemeNotEquals" operand="IC_SAHIPLIK_SEN_(I)ň" />
				<condition morpheme="BeforeSource" operator="MorphemeNotEquals" operand="IC_SAHIPLIK_SEN_(I)ňIz" />
				<condition morpheme="BeforeSource" operator="MorphemeNotEquals" operand="IC_SAHIPLIK_BIZ_(I)bIz" />
				<condition morpheme="BeforeSource" operator="MorphemeNotEquals" operand="IC_SAHIPLIK_SIZ_(I)ňAr" />
				<condition morpheme="BeforeSource" operator="MorphemeNotEquals" operand="IC_SAHIPLIK_SIZ_(I)ňIzdAr" />
				<condition morpheme="BeforeSource" operator="MorphemeNotEquals" operand="IC_SAHIPLIK_ONLAR_LArI" />
				<condition morpheme="BeforeSource" operator="MorphemeNotEquals" operand="SAHIS_IYELIK_BEN_m" />
				<condition morpheme="BeforeSource" operator="MorphemeNotEquals" operand="SAHIS_IYELIK_SEN_ň" />
				<condition morpheme="BeforeSource" operator="MorphemeNotEquals" operand="SAHIS_IYELIK_SEN(nez.)_ňIz" />
				<condition morpheme="BeforeSource" operator="MorphemeNotEquals" operand="SAHIS_IYELIK_BIZ_k" />
				<condition morpheme="BeforeSource" operator="MorphemeNotEquals" operand="SAHIS_IYELIK_SIZ_ňAr" />
				<condition morpheme="BeforeSource" operator="MorphemeNotEquals" operand="SAHIS_IYELIK_SIZ(nez.)_(I)ňIzdAr" />
				<condition morpheme="BeforeSource" operator="MorphemeNotEquals" operand="SAHIS_IYELIK_ONLAR_(I)ş_0" />
		</conditions>
		</target>
		<target id="SAHIS_ZAMIR_ONLAR_0"  empty="true" >
			<conditions flag="And" >
				<condition morpheme="BeforeSource" operator="MorphemeNotEquals" operand="IC_SAHIPLIK_BEN_(I)m" />
				<condition morpheme="BeforeSource" operator="MorphemeNotEquals" operand="IC_SAHIPLIK_SEN_(I)ň" />
				<condition morpheme="BeforeSource" operator="MorphemeNotEquals" operand="IC_SAHIPLIK_SEN_(I)ňIz" />
				<condition morpheme="BeforeSource" operator="MorphemeNotEquals" operand="IC_SAHIPLIK_BIZ_(I)bIz" />
				<condition morpheme="BeforeSource" operator="MorphemeNotEquals" operand="IC_SAHIPLIK_SIZ_(I)ňAr" />
				<condition morpheme="BeforeSource" operator="MorphemeNotEquals" operand="IC_SAHIPLIK_SIZ_(I)ňIzdAr" />
				<condition morpheme="BeforeSource" operator="MorphemeNotEquals" operand="IC_SAHIPLIK_O_(s)I" />
				<condition morpheme="BeforeSource" operator="MorphemeNotEquals" operand="SAHIS_IYELIK_BEN_m" />
				<condition morpheme="BeforeSource" operator="MorphemeNotEquals" operand="SAHIS_IYELIK_SEN_ň" />
				<condition morpheme="BeforeSource" operator="MorphemeNotEquals" operand="SAHIS_IYELIK_SEN(nez.)_ňIz" />
				<condition morpheme="BeforeSource" operator="MorphemeNotEquals" operand="SAHIS_IYELIK_BIZ_k" />
				<condition morpheme="BeforeSource" operator="MorphemeNotEquals" operand="SAHIS_IYELIK_SIZ_ňAr" />
				<condition morpheme="BeforeSource" operator="MorphemeNotEquals" operand="SAHIS_IYELIK_SIZ(nez.)_(I)ňIzdAr" />
				<condition morpheme="BeforeSource" operator="MorphemeNotEquals" operand="SAHIS_IYELIK_O_0" />
		</conditions>
		</target>
	</source>
	
	<!-- isimlerde bildirme sart -->
	<source id="FY_YARDIMCI_bolso" >
		<targetGroup id="SAHIS_IYELIK" >
		<removeTarget id="SAHIS_IYELIK_O_0" />
		<removeTarget id="SAHIS_IYELIK_ONLAR_(I)ş_0" />
		</targetGroup>
		<target id="SAHIS_IYELIK_O_0" empty="true" />
		<target id="SAHIS_IYELIK_ONLAR_(I)ş_0" empty="true" />
	</source>

<!--Şimdiki zaman rivayetinde kullanılan yardımcı fiiller-->
	<source id="FY_YARDIMCI_otur" >
		<target id="FC_ZAMAN_GORULEN_UZAK_GECMIS_GAn" />
		<target id="EKFIIL_ZAMAN_RIVAYET_eken" />
		<target id="EKFIIL_ZAMAN_RIVAYET_imiş" />
		<!--<targetGroup id="SAHIS_ZAMIR" >
		<removeTarget id="SAHIS_ZAMIR_O_0" />
		<removeTarget id="SAHIS_ZAMIR_ONLAR_0" />
		</targetGroup>
		<target id="SAHIS_ZAMIR_O_0"  empty="true" />
		<target id="SAHIS_ZAMIR_ONLAR_0"  empty="true" /> -->
		<target id="FIILIMSI_ZARF_A" />
			<!--<conditions flag="Or" >
			<condition morpheme="BeforeSource" operator="MorphemeSequenceEquals" operand="FIIL, FC_ZAMAN_SIMDIKI_1_(I)p" />
			<condition morpheme="BeforeSource" operator="MorphemeSequenceEquals" operand="FIIL, FC_ZAMAN_SIMDIKI_1_OLUMSUZ_BAy" />
			<condition morpheme="AfterTarget" operator="MorphemeSequenceEquals" operand="EKFIIL_ZAMAN_HIKAYE_ele, SAHIS_IYELIK" />
			</conditions> 
		</target> -->
		<!-- Şimdiki zamanın hikayesinde kalıplaşmıştır. otur-gan, catkan, cürgön, turgan şeklinde -->
		<!--<target id="FC_ZAMAN_GORULEN_UZAK_GECMIS_GAn" >
			<conditions flag="And" >
				<condition morpheme="AfterTarget" operator="MorphemeEquals" operand="EKFIIL_ZAMAN_HIKAYE_ele" />
			</conditions> 
		</target> -->
	</source>
	<source id="FY_YARDIMCI_tur" >
		<copy id="FY_YARDIMCI_otur" />		
	</source>
	<source id="FY_YARDIMCI_cat" >
		<copy id="FY_YARDIMCI_otur" />		
	</source>
	<source id="FY_YARDIMCI_cür" >
		<copy id="FY_YARDIMCI_otur" />		
	</source>
	
	<!--diğer yardımcı fiiller -->
	<source id="FY_YARDIMCI_kel" >
		<target id="FY_OLUMSUZLUK_BA" />
		<target id="FIILIMSI_ZARF_A" />
	</source>
	<source id="FY_YARDIMCI_keldi" >
	</source>
	<source id="FY_YARDIMCI_kelet" >
		<!--<target id="EKFIIL_ZAMAN_RIVAYET_eken" />
		<target id="EKFIIL_ZAMAN_RIVAYET_imiş" />-->
	</source> 
	<source id="FY_YARDIMCI_bar" >
	</source>
	<source id="FY_YARDIMCI_eken" >
	</source>
	
	<!-- EKFİİL ZAMAN ÇEKİMLERi -->	
	
	<source id="EKFIIL_ZAMAN_HIKAYE_bolçu"  >
		<targetGroup id="SAHIS_ZAMIR" >
		 <removeTarget id="SAHIS_ZAMIR_O_0" />
		 <removeTarget id="SAHIS_ZAMIR_ONLAR_0" />
		</targetGroup>
		<target id="SAHIS_ZAMIR_O_0"  empty="true" >
			<conditions flag="And" >
				<condition morpheme="BeforeSource" operator="MorphemeNotEquals" operand="IC_SAHIPLIK_BEN_(I)m" />
				<condition morpheme="BeforeSource" operator="MorphemeNotEquals" operand="IC_SAHIPLIK_SEN_(I)ň" />
				<condition morpheme="BeforeSource" operator="MorphemeNotEquals" operand="IC_SAHIPLIK_SEN_(I)ňIz" />
				<condition morpheme="BeforeSource" operator="MorphemeNotEquals" operand="IC_SAHIPLIK_BIZ_(I)bIz" />
				<condition morpheme="BeforeSource" operator="MorphemeNotEquals" operand="IC_SAHIPLIK_SIZ_(I)ňAr" />
				<condition morpheme="BeforeSource" operator="MorphemeNotEquals" operand="IC_SAHIPLIK_SIZ_(I)ňIzdAr" />
				<condition morpheme="BeforeSource" operator="MorphemeNotEquals" operand="IC_SAHIPLIK_ONLAR_LArI" />
				<condition morpheme="BeforeSource" operator="MorphemeNotEquals" operand="SAHIS_IYELIK_BEN_m" />
				<condition morpheme="BeforeSource" operator="MorphemeNotEquals" operand="SAHIS_IYELIK_SEN_ň" />
				<condition morpheme="BeforeSource" operator="MorphemeNotEquals" operand="SAHIS_IYELIK_SEN(nez.)_ňIz" />
				<condition morpheme="BeforeSource" operator="MorphemeNotEquals" operand="SAHIS_IYELIK_BIZ_k" />
				<condition morpheme="BeforeSource" operator="MorphemeNotEquals" operand="SAHIS_IYELIK_SIZ_ňAr" />
				<condition morpheme="BeforeSource" operator="MorphemeNotEquals" operand="SAHIS_IYELIK_SIZ(nez.)_(I)ňIzdAr" />
				<condition morpheme="BeforeSource" operator="MorphemeNotEquals" operand="SAHIS_IYELIK_ONLAR_(I)ş_0" />
		</conditions>
		</target>
		<target id="SAHIS_ZAMIR_ONLAR_0"  empty="true" >
			<conditions flag="And" >
				<condition morpheme="BeforeSource" operator="MorphemeNotEquals" operand="IC_SAHIPLIK_BEN_(I)m" />
				<condition morpheme="BeforeSource" operator="MorphemeNotEquals" operand="IC_SAHIPLIK_SEN_(I)ň" />
				<condition morpheme="BeforeSource" operator="MorphemeNotEquals" operand="IC_SAHIPLIK_SEN_(I)ňIz" />
				<condition morpheme="BeforeSource" operator="MorphemeNotEquals" operand="IC_SAHIPLIK_BIZ_(I)bIz" />
				<condition morpheme="BeforeSource" operator="MorphemeNotEquals" operand="IC_SAHIPLIK_SIZ_(I)ňAr" />
				<condition morpheme="BeforeSource" operator="MorphemeNotEquals" operand="IC_SAHIPLIK_SIZ_(I)ňIzdAr" />
				<condition morpheme="BeforeSource" operator="MorphemeNotEquals" operand="IC_SAHIPLIK_O_(s)I" />
				<condition morpheme="BeforeSource" operator="MorphemeNotEquals" operand="SAHIS_IYELIK_BEN_m" />
				<condition morpheme="BeforeSource" operator="MorphemeNotEquals" operand="SAHIS_IYELIK_SEN_ň" />
				<condition morpheme="BeforeSource" operator="MorphemeNotEquals" operand="SAHIS_IYELIK_SEN(nez.)_ňIz" />
				<condition morpheme="BeforeSource" operator="MorphemeNotEquals" operand="SAHIS_IYELIK_BIZ_k" />
				<condition morpheme="BeforeSource" operator="MorphemeNotEquals" operand="SAHIS_IYELIK_SIZ_ňAr" />
				<condition morpheme="BeforeSource" operator="MorphemeNotEquals" operand="SAHIS_IYELIK_SIZ(nez.)_(I)ňIzdAr" />
				<condition morpheme="BeforeSource" operator="MorphemeNotEquals" operand="SAHIS_IYELIK_O_0" />
		</conditions>
		</target>
		<target id="FY_YARDIMCI_OLUMSUZLUK_emes" />
	</source>
	<source id="EKFIIL_ZAMAN_HIKAYE_boldu" >
	<targetGroup id="SAHIS_IYELIK" >
		<removeTarget id="SAHIS_IYELIK_O_0" />
		<removeTarget id="SAHIS_IYELIK_ONLAR_(I)ş_0" />
		</targetGroup>
		<target id="SAHIS_IYELIK_O_0" empty="true" />
		<target id="SAHIS_IYELIK_ONLAR_(I)ş_0" empty="true" />
	</source>

	<source id="EKFIIL_ZAMAN_HIKAYE_ele" >
		<targetGroup id="SAHIS_IYELIK" >
		<removeTarget id="SAHIS_IYELIK_O_0" />		
			</targetGroup>
		<target id="SAHIS_IYELIK_O_0" empty="true" >
			<conditions flag="And" >
				<condition morpheme="BeforeSource" operator="MorphemeNotEquals" operand="SAHIS_IYELIK_BEN_m" />			
				<condition morpheme="BeforeSource" operator="MorphemeNotEquals" operand="SAHIS_IYELIK_SEN_ň" />	
				<condition morpheme="BeforeSource" operator="MorphemeNotEquals" operand="SAHIS_IYELIK_SEN(nez.)_ňIz" />	
				<condition morpheme="BeforeSource" operator="MorphemeNotEquals" operand="SAHIS_IYELIK_O_0" />	
				<condition morpheme="BeforeSource" operator="MorphemeNotEquals" operand="SAHIS_IYELIK_BIZ_k" />	
				<condition morpheme="BeforeSource" operator="MorphemeNotEquals" operand="SAHIS_IYELIK_SIZ_ňAr" />	
				<condition morpheme="BeforeSource" operator="MorphemeNotEquals" operand="SAHIS_IYELIK_SIZ(nez.)_(I)ňIzdAr"/>	
				<condition morpheme="BeforeSource" operator="MorphemeNotEquals" operand="SAHIS_IYELIK_ONLAR_(I)ş_0" />
				<condition morpheme="BeforeSource" operator="MorphemeNotEquals" operand="FY_YARDIMCI_GEREKLILIK_kerek" />
				<!--
				<condition morpheme="BeforeSource" operator="MorphemeSequenceEquals" 
				operand="FIIL, FC_ZAMAN_GORULEN_UZAK_GECMIS_GAn, IC_SAHIPLIK_O_(s)I, FY_YARDIMCI_OLUMSUZLUK_cok" />-->
		</conditions>
		</target>
	</source>
	
	<source id="EKFIIL_ZAMAN_HIKAYE_SORU_bele" >
		<copy id="EKFIIL_ZAMAN_HIKAYE_ele" />
	</source>
	<source id="EKFIIL_ZAMAN_RIVAYET_SORU_beken" >
		<copy id="EKFIIL_ZAMAN_RIVAYET_eken" />
	</source>
	<source id="EKFIIL_ZAMAN_RIVAYET_eken"  >
		<targetGroup id="SAHIS_ZAMIR" >
		<removeTarget id="SAHIS_ZAMIR_O_0" />
		<removeTarget id="SAHIS_ZAMIR_ONLAR_0" />
		<!--<conditions flag="And">
			<condition morpheme="BeforeSource" operator="MorphemeNotEquals" operand="FY_YARDIMCI_GEREKLILIK_kerek" />
			<condition morpheme="BeforeSource" operator="MorphemeNotEquals" operand="FY_YARDIMCI_GEREKLILIK_zarıl" />
			<condition morpheme="BeforeSource" operator="MorphemeNotEquals" operand="FY_YARDIMCI_GEREKLILIK_laazım" />
		</conditions"> -->
		</targetGroup>
		<target id="SAHIS_ZAMIR_O_0"  empty="true" >
		<conditions flag="And">
			<condition morpheme="BeforeSource" operator="MorphemeNotEquals" operand="FY_YARDIMCI_GEREKLILIK_kerek" />
			<condition morpheme="BeforeSource" operator="MorphemeNotEquals" operand="FY_YARDIMCI_GEREKLILIK_zarıl" />
			<condition morpheme="BeforeSource" operator="MorphemeNotEquals" operand="FY_YARDIMCI_GEREKLILIK_laazım" />
		</conditions>
		</target>
		<target id="SAHIS_ZAMIR_ONLAR_0"  empty="true" >
		<conditions flag="And">
			<condition morpheme="BeforeSource" operator="MorphemeNotEquals" operand="FY_YARDIMCI_GEREKLILIK_kerek" />
			<condition morpheme="BeforeSource" operator="MorphemeNotEquals" operand="FY_YARDIMCI_GEREKLILIK_zarıl" />
			<condition morpheme="BeforeSource" operator="MorphemeNotEquals" operand="FY_YARDIMCI_GEREKLILIK_laazım" />
		</conditions>
		</target>
	</source>
	<source id="EKFIIL_ZAMAN_RIVAYET_imiş" terminal="false">
		<copy id="EKFIIL_ZAMAN_RIVAYET_eken" />
	</source>
	
	<source id="EKFIIL_ZAMAN_SART_bolso" terminal="false" >
	<targetGroup id="SAHIS_IYELIK" >
		<removeTarget id="SAHIS_IYELIK_O_0" />
		<removeTarget id="SAHIS_IYELIK_ONLAR_(I)ş_0" />
	</targetGroup>
		<target id="SAHIS_IYELIK_O_0" empty="true" />
		<target id="SAHIS_IYELIK_ONLAR_(I)ş_0" empty="true" />	
	</source>
	
	<source id="FY_YARDIMCI_OLUMSUZLUK_cok" >
		<targetGroup id="EKFIIL_ZAMAN" >
			<removeTarget id="EKFIIL_ZAMAN_SART_bolso" />
		</targetGroup>
		<targetGroup id="SAHIS_ZAMIR" >
			<conditions flag="Or" >
				<condition morpheme="BeforeSource" operator="MorphemeEquals" operand="FC_ZAMAN_GORULEN_UZAK_GECMIS_GAn" />
			</conditions>
		 <removeTarget id="SAHIS_ZAMIR_O_0" />
		 <removeTarget id="SAHIS_ZAMIR_ONLAR_0" />
		</targetGroup>
		<target id="SAHIS_ZAMIR_O_0"  empty="true" >
			<conditions flag="And" >
				<condition morpheme="BeforeSource" operator="MorphemeNotEquals" operand="IC_SAHIPLIK_BEN_(I)m" />
				<condition morpheme="BeforeSource" operator="MorphemeNotEquals" operand="IC_SAHIPLIK_SEN_(I)ň" />
				<condition morpheme="BeforeSource" operator="MorphemeNotEquals" operand="IC_SAHIPLIK_SEN_(I)ňIz" />
				<condition morpheme="BeforeSource" operator="MorphemeNotEquals" operand="IC_SAHIPLIK_BIZ_(I)bIz" />
				<condition morpheme="BeforeSource" operator="MorphemeNotEquals" operand="IC_SAHIPLIK_SIZ_(I)ňAr" />
				<condition morpheme="BeforeSource" operator="MorphemeNotEquals" operand="IC_SAHIPLIK_SIZ_(I)ňIzdAr" />
				<condition morpheme="BeforeSource" operator="MorphemeNotEquals" operand="IC_SAHIPLIK_ONLAR_LArI" />
				<condition morpheme="BeforeSource" operator="MorphemeNotEquals" operand="SAHIS_IYELIK_BEN_m" />
				<condition morpheme="BeforeSource" operator="MorphemeNotEquals" operand="SAHIS_IYELIK_SEN_ň" />
				<condition morpheme="BeforeSource" operator="MorphemeNotEquals" operand="SAHIS_IYELIK_SEN(nez.)_ňIz" />
				<condition morpheme="BeforeSource" operator="MorphemeNotEquals" operand="SAHIS_IYELIK_BIZ_k" />
				<condition morpheme="BeforeSource" operator="MorphemeNotEquals" operand="SAHIS_IYELIK_SIZ_ňAr" />
				<condition morpheme="BeforeSource" operator="MorphemeNotEquals" operand="SAHIS_IYELIK_SIZ(nez.)_(I)ňIzdAr" />
				<condition morpheme="BeforeSource" operator="MorphemeNotEquals" operand="SAHIS_IYELIK_ONLAR_(I)ş_0" />
			</conditions>
		</target>
		<target id="SAHIS_ZAMIR_ONLAR_0"  empty="true" >
			<conditions flag="And" >
				<condition morpheme="BeforeSource" operator="MorphemeNotEquals" operand="IC_SAHIPLIK_BEN_(I)m" />
				<condition morpheme="BeforeSource" operator="MorphemeNotEquals" operand="IC_SAHIPLIK_SEN_(I)ň" />
				<condition morpheme="BeforeSource" operator="MorphemeNotEquals" operand="IC_SAHIPLIK_SEN_(I)ňIz" />
				<condition morpheme="BeforeSource" operator="MorphemeNotEquals" operand="IC_SAHIPLIK_O_(s)I" />
				<condition morpheme="BeforeSource" operator="MorphemeNotEquals" operand="IC_SAHIPLIK_BIZ_(I)bIz" />
				<condition morpheme="BeforeSource" operator="MorphemeNotEquals" operand="IC_SAHIPLIK_SIZ_(I)ňAr" />
				<condition morpheme="BeforeSource" operator="MorphemeNotEquals" operand="IC_SAHIPLIK_SIZ_(I)ňIzdAr" />
				<condition morpheme="BeforeSource" operator="MorphemeNotEquals" operand="SAHIS_IYELIK_BEN_m" />
				<condition morpheme="BeforeSource" operator="MorphemeNotEquals" operand="SAHIS_IYELIK_SEN_ň" />
				<condition morpheme="BeforeSource" operator="MorphemeNotEquals" operand="SAHIS_IYELIK_SEN(nez.)_ňIz" />
				<condition morpheme="BeforeSource" operator="MorphemeNotEquals" operand="SAHIS_IYELIK_O_0" />
				<condition morpheme="BeforeSource" operator="MorphemeNotEquals" operand="SAHIS_IYELIK_BIZ_k" />
				<condition morpheme="BeforeSource" operator="MorphemeNotEquals" operand="SAHIS_IYELIK_SIZ_ňAr" />
				<condition morpheme="BeforeSource" operator="MorphemeNotEquals" operand="SAHIS_IYELIK_SIZ(nez.)_(I)ňIzdAr" />
			</conditions>
		</target>
		<target id="SORU_BI" />
		<target id="EKFIIL_ZAMAN_HIKAYE_SORU_bele" />
		<target id="EKFIIL_ZAMAN_RIVAYET_SORU_beken" />
	</source>
	<source id="FY_YARDIMCI_OLUMSUZLUK_emes" >
		<copy id="FY_YARDIMCI_OLUMSUZLUK_cok" >
			<removeTarget id="SAHIS_ZAMIR_O_0" />
			<removeTarget id="SAHIS_ZAMIR_ONLAR_0" />
		</copy>		
		<target id="SAHIS_ZAMIR_O_0" empty="true" >
			<!--<conditions flag="Or">
				<condition morpheme="BeforeSource" operator="MorphemeSequenceEquals" operand="IC_SAHIPLIK_O_(s)I, FY_YARDIMCI_GEREKLILIK_kerek" />
				<condition morpheme="BeforeSource" operator="MorphemeSequenceEquals" operand="IC_SAHIPLIK_O_(s)I, FY_YARDIMCI_GEREKLILIK_zarıl" />
				<condition morpheme="BeforeSource" operator="MorphemeSequenceEquals" operand="IC_SAHIPLIK_O_(s)I, FY_YARDIMCI_GEREKLILIK_laazım" />
			</conditions>-->
		</target>
		<target id="SAHIS_ZAMIR_ONLAR_0" empty="true" >
			<!--<conditions flag="Or">
				<condition morpheme="BeforeSource" operator="MorphemeSequenceEquals" operand="IC_SAHIPLIK_ONLAR_LArI, FY_YARDIMCI_GEREKLILIK_kerek" />
				<condition morpheme="BeforeSource" operator="MorphemeSequenceEquals" operand="IC_SAHIPLIK_ONLAR_LArI, FY_YARDIMCI_GEREKLILIK_zarıl" />
				<condition morpheme="BeforeSource" operator="MorphemeSequenceEquals" operand="IC_SAHIPLIK_ONLAR_LArI, FY_YARDIMCI_GEREKLILIK_laazım" />
			</conditions>-->
		</target>
		<!--<targetGroup id="SAHIS_ZAMIR" >
		<removeTarget id="SAHIS_ZAMIR_O_0" />
		<removeTarget id="SAHIS_ZAMIR_ONLAR_0" />
		</targetGroup>
		<target id="SAHIS_ZAMIR_O_0"  empty="true" />
		<target id="SAHIS_ZAMIR_ONLAR_0"  empty="true" /> -->
		<!--<target id="FY_YARDIMCI_ele" /> -->
		<target id="FY_YARDIMCI_bolçu" />
	</source>
	
<!--     ***************************************************************************-->
<!-- *************ISIM YAPIM EKLERI (ISIMDEN ISIM, SIFAT, FIIL) ************-->
	<!--<source id="IY_SIFAT" >
	<copy id="ISIM" /> 
	</source> -->
	<source id="IY_ISIM_çA" >
	<copy id="ISIM" />
	</source> 
	<source id="IY_ISIM_çAk"  >
	<copy id="ISIM" />
	</source>
	<source id="IY_ISIM_çI"  >
	<copy id="ISIM" />
	</source>
	<source id="IY_ISIM_çIk"  >
	<copy id="ISIM" />
	</source>
	<source id="IY_ISIM_LAş"  >
	<copy id="ISIM" />
	</source>
	<source id="IY_ISIM_LIk" >
	<copy id="ISIM" />
	</source>
	<source id="IY_ISIM_OO"  >
	<copy id="ISIM" />
	</source>
	<source id="IY_ISIM_Ay"  >
	<copy id="ISIM" />
	</source>
	<source id="IY_ISIM_cIn"  >
	<copy id="ISIM" />
	</source>
	<source id="IY_ISIM_çAr"  >
	<copy id="ISIM" />
	</source>
	<source id="IY_ISIM_Dak" >
	<copy id="ISIM" />	
	<removeTarget id="SAHIS_ZAMIR" />
	<removeTarget İD="SAHIS_IYELIK" />
	</source>
	<source id="IY_ISIM_ek"  >
	<copy id="ISIM" />
	</source>
	<source id="IY_ISIM_gıç"  >
	<copy id="ISIM" />
	</source>
	<source id="IY_ISIM_GIl"  >
	<copy id="ISIM" />
	</source>
	<source id="IY_ISIM_gıy"  >
	<copy id="ISIM" />
	</source>
	<source id="IY_ISIM_gü"  >
	<copy id="ISIM" />
	</source>
	<source id="IY_ISIM_ke"  >
	<copy id="ISIM" />
	</source>
	<source id="IY_ISIM_kek"  >
	<copy id="ISIM" />
	</source>
	<source id="IY_ISIM_sön"  >
	<copy id="ISIM" />
	</source>
	<source id="IY_ISIM_mAç"  >
	<copy id="ISIM" />
	</source>
	<source id="IY_ISIM_y"  >
	<copy id="ISIM" />
	</source>
	<source id="IY_ISIM_ban"  >
	<copy id="ISIM" />
	</source>
	<source id="IY_ISIM_ger"  >
	<copy id="ISIM" />
	</source>
	<source id="IY_ISIM_iy"  >
	<copy id="ISIM" />
	</source>
	<source id="IY_ISIM_mAr"  >
	<copy id="ISIM" />
	</source>
	<source id="IY_ISIM_stan"  >
	<copy id="ISIM" />
	</source>
	<source id="IY_ISIM_zar"  >
	<copy id="ISIM" />
	</source>

	<!-- ISIMDEN SIFAT YAPAN EKLER -->
	<source id="IY_SIFAT_gun" >
	<copy id="ISIM" />
	<removeTarget id="SAHIS_ZAMIR" />
	<removeTarget İD="SAHIS_IYELIK" />
	</source>
	<source id="IY_SIFAT_ker" >
	<copy id="ISIM" />
	<removeTarget id="SAHIS_ZAMIR" />
	<removeTarget İD="SAHIS_IYELIK" />
	</source>
	<source id="IY_SIFAT_man" >
	<copy id="ISIM" />
	<removeTarget id="SAHIS_ZAMIR" />
	<removeTarget İD="SAHIS_IYELIK" />
	</source>
	<source id="IY_SIFAT_keç" >
	<copy id="ISIM" />
	<removeTarget id="SAHIS_ZAMIR" />
	<removeTarget İD="SAHIS_IYELIK" />
	</source>
	<source id="IY_SIFAT_Dar" >
	<copy id="ISIM" />
	<removeTarget id="SAHIS_ZAMIR" />
	<removeTarget İD="SAHIS_IYELIK" />
	</source>
	<source id="IY_SIFAT_tay" >
	<copy id="ISIM" />
	<removeTarget id="SAHIS_ZAMIR" />
	<removeTarget İD="SAHIS_IYELIK" />
	</source>
	<source id="IY_SIFAT_sAk" >
	<copy id="ISIM" />
	<removeTarget id="SAHIS_ZAMIR" />
	<removeTarget İD="SAHIS_IYELIK" />
	</source>
	<source id="IY_SIFAT_mık" >
	<copy id="ISIM" />
	<removeTarget id="SAHIS_ZAMIR" />
	<removeTarget İD="SAHIS_IYELIK" />
	</source>
	<source id="IY_SIFAT_omtuk" >
	<copy id="ISIM" />
	<removeTarget id="SAHIS_ZAMIR" />
	<removeTarget İD="SAHIS_IYELIK" />
	</source>
	<source id="IY_SIFAT_omuk" >
	<copy id="ISIM" />
	<removeTarget id="SAHIS_ZAMIR" />
	<removeTarget İD="SAHIS_IYELIK" />
	</source>
	<source id="IY_SIFAT_(I)nçI" >
	<copy id="ISIM" />
	<removeTarget id="SAHIS_ZAMIR" />
	<removeTarget İD="SAHIS_IYELIK" />
	</source>
	<source id="IY_SIFAT_gök" >
	<copy id="ISIM" />
	<removeTarget id="SAHIS_ZAMIR" />
	<removeTarget İD="SAHIS_IYELIK" />
	</source>
	<source id="IY_SIFAT_gIltIm" >
	<copy id="ISIM" />
	<removeTarget id="SAHIS_ZAMIR" />
	<removeTarget İD="SAHIS_IYELIK" />
	</source>
	<source id="IY_SIFAT_GAy" >
	<copy id="ISIM" />
	<removeTarget id="SAHIS_ZAMIR" />
	<removeTarget İD="SAHIS_IYELIK" />
	</source>
	
	<source id="IY_SIFAT_Aň" >
	<copy id="ISIM" />
	<removeTarget id="SAHIS_ZAMIR" />
	<removeTarget İD="SAHIS_IYELIK" />
	</source>
	<source id="IY_SIFAT_çAn" >
	<copy id="ISIM" />
	<removeTarget id="SAHIS_ZAMIR" />
	<removeTarget İD="SAHIS_IYELIK" />
	</source>
	<source id="IY_SIFAT_çIl"  >
	<copy id="ISIM" />
	<!--<removeTarget id="SAHIS_EMIR" /> -->
	<removeTarget id="SAHIS_ZAMIR" />
	<removeTarget İD="SAHIS_IYELIK" />
	</source>
	<source id="IY_SIFAT_gIlt"  >
	<copy id="ISIM" />
	<!--<removeTarget id="SAHIS_EMIR" /> -->
	<removeTarget id="SAHIS_ZAMIR" />
	<removeTarget İD="SAHIS_IYELIK" />
	</source>
	<source id="IY_SIFAT_IrAAk" >
	<copy id="ISIM" />
	<!--<removeTarget id="SAHIS_EMIR" /> -->
	<removeTarget id="SAHIS_ZAMIR" />
	<removeTarget İD="SAHIS_IYELIK" />
	</source>
	<source id="IY_SIFAT_LUU" >
	<copy id="ISIM" />
	<!--<removeTarget id="SAHIS_EMIR" /> -->
	<removeTarget id="SAHIS_ZAMIR" />
	<removeTarget İD="SAHIS_IYELIK" />
	</source>
	<source id="IY_SIFAT_sIz" >
	<copy id="ISIM" />
	<!--<removeTarget id="SAHIS_EMIR" /> -->
	<removeTarget id="SAHIS_ZAMIR" />
	<removeTarget İD="SAHIS_IYELIK" />
	</source>
	
	<source id="IY_FIIL_şI" >
	<copy id="FIIL"   >
		<removeTarget id="FC_KIP_EMIR_SAHIS_BIZ_AlI" />
		<removeTarget id="FC_KIP_EMIR_SAHIS_BIZ_AlI(k)" />
	</copy>
	</source>
	<source id="IY_FIIL_şA" >
	<copy id="FIIL"   >
		<removeTarget id="FC_KIP_EMIR_SAHIS_BIZ_AlI" />
		<removeTarget id="FC_KIP_EMIR_SAHIS_BIZ_AlI(k)" />
	</copy>
	</source>
	<source id="IY_FIIL_sA" >
	<copy id="FIIL"  >
		<removeTarget id="FC_KIP_EMIR_SAHIS_BIZ_AlI" />
		<removeTarget id="FC_KIP_EMIR_SAHIS_BIZ_AlI(k)" />
	</copy>
	</source>
	<source id="IY_FIIL_(I)rka" >
	<copy id="FIIL"   >
		<removeTarget id="FC_KIP_EMIR_SAHIS_BIZ_AlI" />
		<removeTarget id="FC_KIP_EMIR_SAHIS_BIZ_AlI(k)" />
	</copy>
	</source>
	<source id="IY_FIIL_ölö" >
	<copy id="FIIL" />
	</source>
	<source id="IY_FIIL_ol" >
	<copy id="FIIL" />
	</source>
	<source id="IY_FIIL_LAt" >
	<copy id="FIIL" />
	</source>
	<source id="IY_FIIL_LAn" >
	<copy id="FIIL" />
	</source>
	<source id="IY_FIIL_kIr" >
	<copy id="FIIL" />
	</source>
	<source id="IY_FIIL_kAz" >
	<copy id="FIIL" />
	</source>
	<source id="IY_FIIL_(I)k" >
	<copy id="FIIL" />
	</source>
	<source id="IY_FIIL_I" >
	<copy id="FIIL"   >
		<removeTarget id="FC_KIP_EMIR_SAHIS_BIZ_AlI" />
		<removeTarget id="FC_KIP_EMIR_SAHIS_BIZ_AlI(k)" />
	</copy>
	</source>
	<source id="IY_FIIL_GA" >
	<copy id="FIIL"   >
		<removeTarget id="FC_KIP_EMIR_SAHIS_BIZ_AlI" />
		<removeTarget id="FC_KIP_EMIR_SAHIS_BIZ_AlI(k)" />
	</copy>
	</source>
	<source id="IY_FIIL_çı" >
	<copy id="FIIL"   >
		<removeTarget id="FC_KIP_EMIR_SAHIS_BIZ_AlI" />
		<removeTarget id="FC_KIP_EMIR_SAHIS_BIZ_AlI(k)" />
	</copy>
	</source>
	<source id="IY_FIIL_çA" >
	<copy id="FIIL"  >
		<removeTarget id="FC_KIP_EMIR_SAHIS_BIZ_AlI" />
		<removeTarget id="FC_KIP_EMIR_SAHIS_BIZ_AlI(k)" />
	</copy>
	</source>
	<source id="IY_FIIL_A" >
	<copy id="FIIL" >
		<removeTarget id="FC_KIP_EMIR_SAHIS_BIZ_AlI" />
		<removeTarget id="FC_KIP_EMIR_SAHIS_BIZ_AlI(k)" />
	</copy>
	</source>
	<source id="IY_FIIL_Ay" >
	<copy id="FIIL" />
	</source>
	<source id="IY_FIIL_GAr" >
	<copy id="FIIL" />
	</source>
	<source id="IY_FIIL_LA" >
	<copy id="FIIL" >
		<removeTarget id="FC_KIP_EMIR_SAHIS_BIZ_AlI" />
		<removeTarget id="FC_KIP_EMIR_SAHIS_BIZ_AlI(k)" />
	</copy>
	</source>
	<source id="IY_FIIL_LAş" >
	<copy id="FIIL" />
	</source>
	<source id="IY_FIIL_(A)r" >
	<copy id="FIIL" />
	</source>
	
	<source id="IY_FIIL_rA" >
	<copy id="FIIL"  >
		<removeTarget id="FC_KIP_EMIR_SAHIS_BIZ_AlI" />
		<removeTarget id="FC_KIP_EMIR_SAHIS_BIZ_AlI(k)" />
	</copy>
	</source>
	<source id="IY_FIIL_sI" >
	<copy id="FIIL"  >
		<removeTarget id="FC_KIP_EMIR_SAHIS_BIZ_AlI" />
		<removeTarget id="FC_KIP_EMIR_SAHIS_BIZ_AlI(k)" />
	</copy>
	</source>
	<source id="IY_FIIL_sIrA" >
	<copy id="FIIL"  >
		<removeTarget id="FC_KIP_EMIR_SAHIS_BIZ_AlI" />
		<removeTarget id="FC_KIP_EMIR_SAHIS_BIZ_AlI(k)" />
	</copy>
	</source>
<!-- *************ISIM YAPIM EKLERI SONU************-->


<!-- **** FIILDEN ISIM YAPAN YAPIM EKLERİ*** -->
	<source id="FY_ISIM_(I)t" >
	<copy id="ISIM" /> 
	</source>
	<source id="FY_ISIM_u" >
	<copy id="ISIM" /> 
	</source>
	<source id="FY_ISIM_(I)ş" >
	<copy id="ISIM" /> 
	</source>
	<source id="FY_ISIM_pa" >
	<copy id="ISIM" /> 
	</source>
	<source id="FY_ISIM_Ot" >
	<copy id="ISIM" /> 
	</source>
	<source id="FY_ISIM_(YY)çU" >
	<copy id="ISIM" /> 
	</source>
	<source id="FY_ISIM_(I)m" >
	<copy id="ISIM" /> 
	</source>
	<source id="FY_ISIM_mAl" >
	<copy id="ISIM" /> 
	</source>
	<source id="FY_ISIM_mAç" >
	<copy id="ISIM" /> 
	</source>
	<source id="FY_ISIM_l" >
	<copy id="ISIM" /> 
	</source>
	<source id="FY_ISIM_kIl" >
	<copy id="ISIM" /> 
	</source>
	<source id="FY_ISIM_(I)ňkI" >
	<copy id="ISIM" /> 
	</source>
	<source id="FY_ISIM_GAn" >
	<copy id="ISIM" /> 
	</source>
	<source id="FY_ISIM_GAlAk" >
	<copy id="ISIM" /> 
	</source>
	<source id="FY_ISIM_GAk" >
	<copy id="ISIM" /> 
	</source>
	<source id="FY_ISIM_dAk" >
	<copy id="ISIM" /> 
	</source>
	<source id="FY_ISIM_çük" >
	<copy id="ISIM" /> 
	</source>
	<source id="FY_ISIM_AşA" >
	<copy id="ISIM" /> 
	</source>
	<source id="FY_ISIM_AsA" >
	<copy id="ISIM" /> 
	</source>
	<source id="FY_ISIM_AlAk" >
	<copy id="ISIM" /> 
	</source>
	<source id="FY_ISIM_AAnAk" >
	<copy id="ISIM" /> 
	</source>
	<source id="FY_ISIM_AnAk" >
	<copy id="ISIM" /> 
	</source>
	<source id="FY_ISIM_AAn" >
	<copy id="ISIM" /> 
	</source>
	<source id="FY_ISIM_Ak" >
	<copy id="ISIM" /> 
	</source>
	<source id="FY_ISIM_çAk" >
	<copy id="ISIM" /> 
	</source>
	<source id="FY_ISIM_çAAk" >
	<copy id="ISIM" /> 
	</source>
	<source id="FY_ISIM_dI" >
	<copy id="ISIM" /> 
	</source>
	<source id="FY_ISIM_gA" >
	<copy id="ISIM" /> 
	</source>
	<source id="FY_ISIM_GI" >
	<copy id="ISIM" /> 
	</source>
	<source id="FY_ISIM_GIç" >
	<copy id="ISIM" /> 
	</source>
	<source id="FY_ISIM_GIn" >
	<copy id="ISIM" /> 
	</source>
	<source id="FY_ISIM_(I)ç" >
	<copy id="ISIM" /> 
	</source>
	<source id="FY_ISIM_(I)k" >
	<copy id="ISIM" /> 
	</source>
	<source id="FY_ISIM_mA" >
	<copy id="ISIM" /> 
	</source>
	<source id="FY_ISIM_mAk" >
	<copy id="ISIM" /> 
	<target id="EKFIIL_ZAMAN_RIVAYET_eken" />
	<target id="EKFIIL_ZAMAN_RIVAYET_imiş" />
	
	</source>
	<source id="FY_ISIM_mIş" >
	<copy id="ISIM" /> 
	</source>
<!-- **** FIILDEN ISIM YAPAN YAPIM EKLERİ  SONU*** -->

<!-- **** FIILDEN FIIL YAPAN YAPIM EKLERİ*** -->
	<source id="FY_FIIL_ImsIrA" >
	<copy id="FIIL" />
	</source>
	<source id="FY_FIIL_I" >
	<copy id="FIIL" />
	</source>
	<source id="FY_FIIL_çı" >
	<copy id="FIIL" />
	</source>
	
	<source id="FY_FIIL_A" >
		<copy id="FIIL" />
	</source>
	<source id="FY_FIIL_AlA" >
		<copy id="FIIL" />
	</source>
	<source id="FY_ETTIRGEN_DIr" >
		<copy id="FIIL" />
	</source>
	<source id="FY_SUREKLILIK_GIlA" >
		<copy id="FIIL" />
	</source>
	<source id="FY_ETTIRGEN_tAr" >
		<copy id="FIIL" />
	</source>
	<source id="FY_ETTIRGEN_GIr" >
		<copy id="FIIL" />
	</source>
	<source id="FY_ETTIRGEN_GIz" >
		<copy id="FIIL" />
	</source>
	<source id="FY_ETTIRGEN_(I)r" >
		<copy id="FIIL" />
	</source>
	<source id="FY_ETTIRGEN_(I)t" >
		<copy id="FIIL" />
	</source>
	<source id="FY_ETTIRGEN_(I)z" >
		<copy id="FIIL" />
	</source>
	<source id="FY_EDILGEN_(I)l" >
		<copy id="FIIL" />
	</source>
	<source id="FY_DONUSLULUK_(I)n" >
		<copy id="FIIL" />
		<target id="FY_ISIM_dI" />
	</source>
	<source id="FY_ISTES_(I)ş" >
		<copy id="FIIL" >
			<!--<removeTarget id="SAHIS_ZAMIR_O_0" />-->
		</copy>
		
	</source>

<!--     ***************************************************************************-->
<!-- ZAMİR -->
	<source id="ZAMIR_SAHIS" >
		<target id="IC_HAL_ILGI_NIn" />
		<target id="IC_HAL_BELIRTME_NI" />
		<target id="IC_HAL_YONELME_GA" />
		<target id="IC_HAL_BULUNMA_DA" /> 
		<target id="IC_HAL_AYRILMA_DAn" />
		<target id="IC_AITLIK_ki" />
		<target id="IC_SAHIPLIK_BEN_(I)m" />
		<target id="IC_HAL_VASITA_menen" />
	</source>
	
	<!--     ***************************************************************************-->
	
	<source id="ZAMIR_ISARET" >
		<target id="IC_HAL_ILGI_NIn" />
		<target id="IC_HAL_BELIRTME_NI" />
		<target id="IC_HAL_YONELME_GA" />
		<target id="IC_HAL_BULUNMA_DA" /> 
		<target id="IC_HAL_AYRILMA_DAn" />	
		<target id="IC_COGUL_LAr" />
		<target id="IY_ISIM_LIk" />
	</source>
	<source id="ZAMIR_SORU" >
		<target id="IC_HAL_ILGI_NIn" />
		<target id="IC_HAL_BELIRTME_NI" />
		<target id="IC_HAL_YONELME_GA" />
		<target id="IC_HAL_BULUNMA_DA" /> 
		<target id="IC_HAL_AYRILMA_DAn" />	
		<target id="IC_COGUL_LAr" />
		<target id="IY_ISIM_LIk" />
	</source>
	<source id="ZAMIR_BELIRSIZLIK" >
		<target id="IC_HAL_ILGI_NIn" />
		<target id="IC_HAL_BELIRTME_NI" />
		<target id="IC_HAL_YONELME_GA" />
		<target id="IC_HAL_BULUNMA_DA" /> 
		<target id="IC_HAL_AYRILMA_DAn" />	
		<target id="IC_COGUL_LAr" />
		<target id="IY_ISIM_LIk" />
	</source>
	
	
<!-- SIFAT -->
	<source id="SIFAT" >
		<copy id="ISIM" />
	</source>
	<source id="BAGLAC" >
	</source>
	 </graph>
</morphology>