﻿<?xml version="1.0" encoding="utf-8"?>

<!DOCTYPE orthography SYSTEM "../orthography.dtd">

<orthography lang="Kg-KG">

  <alphabet> 
    <consonants>бвгжзйклмнҢпрстфхцчшЩ</consonants>
    <vowels>аэеыиоөуүюяë</vowels>
  </alphabet>
  
 
  
	
  <!-- operandOne ve operandTwo string tipinde -->

  <rules>
  <!-- L nin değişimi -->
	<rule id="DONUSUM_L" phase="2">
      <description>ünlü or r,y ile bitiyorsa  L => l , voiceless (sert) L=> t, diğer L=> d </description>
      <transformation morpheme="This" action="Replace" operandOne="L" operandTwo="т" flag="all">
        <conditions flag="Or">
          <condition morpheme="Previous" operator="LastLetterEquals" operand="кпстфхцчшЩ"  />
        </conditions>
      </transformation>
      <transformation morpheme="This" action="Replace" operandOne="L" operandTwo="д" flag="all" >
		<conditions flag="Or">		
			<condition morpheme="Previous" operator="LastLetterEquals" operand="бвгджзлмнҢ"  />
		</conditions>
	  </transformation>
	  <transformation morpheme="This" action="Replace" operandOne="L" operandTwo="л" flag="all"/>
	 <!-- <conditions flag="Or">
	  <condition morpheme="Previous" operator="LastLetterEquals" operand="рйаеэыиоөуүюяë" />
	  </conditions>
	  </transformation>-->
    </rule>
	 <!-- D nin değişimi -->
	<rule id="DONUSUM_D" phase="2">
      <description> voiceless (sert) D=> t, voiced consonant D=> d </description>
      <transformation morpheme="This" action="Replace" operandOne="D" operandTwo="т" flag="all">
        <conditions flag="Or">
          <condition morpheme="Previous" operator="LastLetterEquals" operand="кпстфхцчшЩ"  />
        </conditions>
      </transformation>
      <transformation morpheme="This" action="Replace" operandOne="D" operandTwo="д" flag="all" />
	  </rule>
	   <!--N nin değişimi  -->
	<rule id="DONUSUM_N" phase="2">
      <description> ünlü ile bitiyorsa N=> n , voiceless (sert) N=>t, diğer N=> d </description>
      <transformation morpheme="This" action="Replace" operandOne="N" operandTwo="т" flag="all">
        <conditions flag="Or">
          <condition morpheme="Previous" operator="LastLetterEquals" operand="кпстфхцчшЩ"  />
        </conditions>
      </transformation>
      <transformation morpheme="This" action="Replace" operandOne="N" operandTwo="н" flag="all" >
		<conditions flag="Or">		
			<condition morpheme="Previous" operator="LastLetterEquals" operand="аеэыиоөуүюяë"  />
		</conditions>
	  </transformation>
	  <transformation morpheme="This" action="Replace" operandOne="N" operandTwo="д" flag="all" />
    </rule>
	 <!--G nin değişimi -->
	<rule id="DONUSUM_G" phase="2">
      <description> voiceless(sert) ünsüzlerinden sonra  G=> k, voiced consonant G=>g </description>
      <transformation morpheme="This" action="Replace" operandOne="G" operandTwo="к" flag="all">
        <conditions flag="Or">
          <condition morpheme="Previous" operator="LastLetterEquals" operand="кпстфхцчшЩ"  />
        </conditions>
      </transformation>
      <transformation morpheme="This" action="Replace" operandOne="G" operandTwo="г" flag="all" />
	</rule>
	 <!-- B nin değişimi -->
	 <rule id="DONUSUM_B" phase="2">
      <description> voiceless (sert) ünsüzlerinden sonra B=> p, voiced  B=> b </description>
      <transformation morpheme="This" action="Replace" operandOne="B" operandTwo="п" flag="all">
        <conditions flag="Or">
           <condition morpheme="Previous" operator="LastLetterEquals" operand="кпстфхцчшЩ"  />
        </conditions>
      </transformation>
      <transformation morpheme="This" action="Replace" operandOne="B" operandTwo="б" flag="all" />
	</rule>
	 <!-- A nin değişimi -->
	<rule id="DONUSUM_A" phase="2">
		<description>Önceki ekin son sesli harfine göre  A => a,e,o,ö olur </description>
		<transformation morpheme="This" action="Replace" operandOne="A" operandTwo="а" flag="all">
		  <conditions flag="Or">
			<condition morpheme="Previous" operator="LastVowelEquals" operand="яаыу"  />
		  </conditions>
		</transformation>
		 <transformation morpheme="This" action="Replace" operandOne="A" operandTwo="е" flag="all" >
			<conditions flag="Or">
			  <condition morpheme="Previous" operator="LastVowelEquals" operand="эеи" />
			</conditions>
		  </transformation>
		  <transformation morpheme="This" action="Replace" operandOne="A" operandTwo="ө" flag="all">
			<conditions flag="Or">
			  <condition morpheme="Previous" operator="LastVowelEquals" operand="өү" />
			</conditions>
		  </transformation>
		  <transformation morpheme="This" action="Replace" operandOne="A" operandTwo="о" flag="all" >	
			<conditions flag="Or">
			  <condition morpheme="Previous" operator="LastVowelEquals" operand="оё" />
			</conditions>
		  </transformation>		  
	</rule>
	 <!-- I nin değişimi -->
	<rule id="DONUSUM_I" phase="2">
		<description>Önceki ekin son sesli harfine göre  I => ı,i,u,ü olur </description>
		<transformation morpheme="This" action="Replace" operandOne="I" operandTwo="ы" flag="all" >
		  <conditions flag="Or">
			<condition morpheme="Previous" operator="LastVowelEquals" operand="яаы"  />
		  </conditions>
		</transformation>
		 <transformation morpheme="This" action="Replace" operandOne="I" operandTwo="и" flag="all" >
			<conditions flag="Or">
			  <condition morpheme="Previous" operator="LastVowelEquals" operand="эеи" />
			</conditions>
		  </transformation>
		  <transformation morpheme="This" action="Replace" operandOne="I" operandTwo="у" flag="all" >
			<conditions flag="Or">
			  <condition morpheme="Previous" operator="LastVowelEquals" operand="ёоу" />
			</conditions>
		  </transformation>
		  <transformation morpheme="This" action="Replace" operandOne="I" operandTwo="ү" flag="all" >
			<conditions flag="Or">
			  <condition morpheme="Previous" operator="LastVowelEquals" operand="өү" />
			</conditions>
		  </transformation>		  
	</rule>
	
	<!-- Y nin değişimi -->
	<rule id="DONUSUM_Y" phase="2">
		<description>Önceki ekin son sesli harfine göre  Y => oo, öö, uu, üü olur 
			Simdiki zaman YdA : geniş ünlüden sonra oodo/öödö, dar ünlü ve sessizlerden sonra uuda/üüdö halini alır.</description>
		<transformation morpheme="This" action="Replace" operandOne="Y" operandTwo="оо" flag="all">
		  <conditions flag="Or">
			<condition morpheme="Previous" operator="LastLetterEquals" operand="ёяао"  />
		  </conditions>
		</transformation>
		 <transformation morpheme="This" action="Replace" operandOne="Y" operandTwo="өө" flag="all" >
			<conditions flag="Or">
			  <condition morpheme="Previous" operator="LastLetterEquals" operand="эеө" />
			</conditions>
		  </transformation>
		  <transformation morpheme="This" action="Replace" operandOne="Y" operandTwo="уу" flag="all">
			<conditions flag="Or" >
			  <condition morpheme="Previous" operator="LastLetterEquals" operand="ыу"  />
			</conditions>
		  </transformation>
		  <transformation morpheme="This" action="Replace" operandOne="Y" operandTwo="үү" flag="all" >
			<conditions flag="Or">
			  <condition morpheme="Previous" operator="LastLetterEquals" operand="иү" />
			</conditions>
		  </transformation>
		  <transformation morpheme="This" action="Replace" operandOne="Y" operandTwo="уу" flag="all">
			<conditions flag="And">
			  <condition morpheme="Previous" operator="LastLetterEquals" operand="бвгжзйклмнҢпрсфтхцчшЩ" />
			  <condition morpheme="Previous" operator="LastVowelEquals" operand="ёяаыоу"  />
			</conditions>
		  </transformation>
		  <transformation morpheme="This" action="Replace" operandOne="Y" operandTwo="үү" flag="all" >
			<conditions flag="And">
			   <condition morpheme="Previous" operator="LastLetterEquals" operand="бвгжзйклмнҢпрсфтхцчшЩ" />
			  <condition morpheme="Previous" operator="LastVowelEquals" operand="эеиөү" />
			</conditions>
		  </transformation>	
					  
	</rule>
	
	<!-- U nin değişimi -->
	<rule id="DONUSUM_U" phase="2">
		<description>Önceki ekin son sesli harfine göre  U => u,ü olur </description>
		  <transformation morpheme="This" action="Replace" operandOne="U" operandTwo="у" flag="all">
			<conditions flag="Or">
			  <condition morpheme="Previous" operator="LastVowelEquals" operand="ёяаыоу" />
			</conditions>
		  </transformation>
		  <transformation morpheme="This" action="Replace" operandOne="U" operandTwo="ү" flag="all" >
			<conditions flag="Or">
			  <condition morpheme="Previous" operator="LastVowelEquals" operand="эеиөү" />
			</conditions>
		  </transformation>		  
	</rule>
	
	<!-- O nin değişimi -->
	<rule id="DONUSUM_O" phase="2">
		<description>Önceki ekin son sesli harfine göre  O => o,ö olur </description>
		<transformation morpheme="This" action="Replace" operandOne="O" operandTwo="о" flag="all">
			<conditions flag="Or">
			  <condition morpheme="Previous" operator="LastVowelEquals" operand="ёяаыоу" />
			</conditions>
		 </transformation>
		  <transformation morpheme="This" action="Replace" operandOne="O" operandTwo="ө" flag="all" >
			<conditions flag="Or">
			  <condition morpheme="Previous" operator="LastVowelEquals" operand="эеиөү" />
			</conditions>
		  </transformation>		  
	</rule>
	
	<!-- ÜNLÜ DÜŞMESİ-->
	<rule id="DUSME_UNLU" phase="2">
      <description>Önce gelen ek ünlü ile bitiyorsa bu ekin başındaki ünlüyü düşür</description>
      <transformation morpheme="This" action="DeleteFirstLetter">
        <conditions flag="Or">
          <condition morpheme="Previous" operator="EndsWithVowel" />
		  <condition morpheme="Previous" operator="LastLetterEquals" operand="ё" />
        </conditions>
      </transformation>
    </rule>
	
	<!-- ÜNSÜZ DÜŞMESİ -->
	 <rule id="DUSME_UNSUZ" phase="2">
      <description>Önceki ek ünsüz ile bitiyorsa bu ekin başındaki ünsüzü düşür</description>
      <transformation morpheme="This" action="DeleteFirstLetter">
        <conditions flag="Or">
          <condition morpheme="Previous" operator="EndsWithConsonant" />
        </conditions>
      </transformation>
	  <transformation morpheme="This" action="DeleteLastLetter">
	  <conditions flag="Or" >
	  <condition morpheme="Previous" operator="MorphemeEquals" operand="IC_HAL_BELIRTME_NI" />	  
	  </conditions>
	  </transformation>
	 
    </rule>
	
	<!-- özel durumlarda köklerdeki son ünsüzün düşmesi-->
	<rule id="DUSME_SONSES" phase="1">
	 <description>son sesin düşmesi al-ga => aga ( o şahıs zamirinin hal ekleri ile özel çekimi)</description>
	 <!--<transformation morpheme="This" action="DeleteLastLetter" >
	 <conditions flag="Or">
				<condition morpheme="Next" operator="MorphemeEquals" operand="IC_HAL_ILGI_NIn" />
				<condition morpheme="Next" operator="MorphemeEquals" operand="IC_HAL_BELIRTME_NI" />
				<condition morpheme="Next" operator="MorphemeEquals" operand="IC_HAL_YONELME_GA" />
	  </conditions>
	  </transformation>
	 <transformation morpheme="This" action="Replace" operandOne="ал" operandTwo="а" flag="all">
		<conditions flag="Or">
				<condition morpheme="Next" operator="MorphemeEquals" operand="IC_HAL_ILGI_NIn" />
				<condition morpheme="Next" operator="MorphemeEquals" operand="IC_HAL_BELIRTME_NI" />
				<condition morpheme="Next" operator="MorphemeEquals" operand="IC_HAL_YONELME_GA" />
		</conditions>
	 </transformation>-->
	 <transformation morpheme="This" action="Replace" operandOne="л" operandTwo="н" flag="last">
		<conditions flag="Or">
				<condition morpheme="Next" operator="MorphemeEquals" operand="IC_HAL_BULUNMA_DA" />
				<condition morpheme="Next" operator="MorphemeEquals" operand="IC_HAL_AYRILMA_DAn" />
		</conditions>
	</transformation>
	 <transformation morpheme="This" action="DeleteFirstLetter" >
	  <conditions flag="Or" >
		  <condition morpheme="Previous" operator="MorphemeEquals" operand="IC_SAHIPLIK_BEN_(I)m" />
		  <condition morpheme="Previous" operator="MorphemeEquals" operand="IC_SAHIPLIK_SEN_(I)ň" />
		  <condition morpheme="Previous" operator="MorphemeEquals" operand="IC_SAHIPLIK_SEN_(I)ňIz" />	  
	  </conditions>
	  </transformation>	  
	  </rule >
	  <rule id="DUSME_SON_UNLU" phase="3">
      <description>
        Gelen ek ünlü ile başlıyorsa son sesli harf düşer.
        moyun-um=>moynum türkçe karşılığı :boyun+ım :boynum
			murun+Im : murnum-- burnum
      </description>
      <transformation morpheme="This" action="DeleteLastVowel">
        <conditions flag="Or">
          <condition morpheme="Next" operator="StartsWithVowel" />
          <condition morpheme="Next" operator="MorphemeEquals" operand="IC_COGUL_LAr" />
          <condition morpheme="Next" operator="MorphemeEquals" operand="IC_AITLIK_ki" />
		  <condition morpheme="Next" operator="MorphemeEquals" operand="IY_FIIL_LA" />
        </conditions>
      </transformation>
    </rule>
	<rule id="OZEL_YY" phase="4" >
	  <description> Y metamorfemlerle başlayan ek geldiğinde ünlü ile biten kökün son ünlüsü düşer
				FC_ZAMAN_SIMDIKI_2_YYdA, FC_KIP_GEREKLILIK_2_YY_gerek, FC_KIP_GEREKLILIK_3_YY_GA_tiyiş vs
				OO eki ünlü ile biten kökün son ünlüsünü düşürür.
		</description>
		
		<!-- DAHA SONRA BAKILACAK 
		<transformation morpheme="Previous" action="Replace" operandOne="ё" operandTwo="й" flag="last">
        <conditions flag="Or">
          <condition morpheme="Previous" operator="LastLetterEquals" operand="ё" />
        </conditions>
      </transformation> -->
	  <transformation morpheme="Previous" action="DeleteLastLetter">
        <conditions flag="Or">
          <condition morpheme="Previous" operator="EndsWithVowel" />
        </conditions>
      </transformation>
 </rule>
	
	<rule id="OZEL_ISARET" phase="1" >
	<description>  işaret zamirleri</description>
		<transformation morpheme="This" action="DeleteLastLetter" >
		<conditions flag="And" >
			<condition morpheme="Next" operator="MorphemeEquals" operand="IC_HAL_ILGI_NIn" />
			<condition morpheme="This" operator="HasFlags" operand="isaret" />
		</conditions>
		</transformation>
		<transformation morpheme="This" action="DeleteLastLetter" >
		<conditions flag="And" >
			<condition morpheme="Next" operator="MorphemeEquals" operand="IC_HAL_BELIRTME_NI" />
			<condition morpheme="This" operator="HasFlags" operand="isaret" />
		</conditions>
		</transformation>
		<transformation morpheme="This" action="DeleteLastLetter" >
		<conditions flag="And" >
			<condition morpheme="Next" operator="MorphemeEquals" operand="IC_HAL_YONELME_GA" />
			<condition morpheme="This" operator="HasFlags" operand="isaret" />
		</conditions>
		</transformation>
		<transformation morpheme="This" action="Replace" operandOne="л" operandTwo="н" flag="last">
		<conditions flag="And" >
			<condition morpheme="Next" operator="MorphemeEquals" operand="IC_HAL_BULUNMA_DA" />
			<condition morpheme="This" operator="HasFlags" operand="isaret" />
		</conditions>
		</transformation>
		<transformation morpheme="This" action="Replace" operandOne="л" operandTwo="н" flag="last">
		<conditions flag="And" >
			<condition morpheme="Next" operator="MorphemeEquals" operand="IC_HAL_BULUNMA_DA" />
			<condition morpheme="This" operator="HasFlags" operand="isaret" />
		</conditions>
		</transformation>
		<transformation morpheme="This" action="Replace" operandOne="л" operandTwo="н" flag="last">
		<conditions flag="And" >
			<condition morpheme="Next" operator="MorphemeEquals" operand="IC_HAL_AYRILMA_DAn" />
			<condition morpheme="This" operator="HasFlags" operand="isaret" />
		</conditions>
		</transformation>
	</rule>
	<rule id="OZEL_BM" phase="1">
	<description> işaret zamiri bu=> mu dönüşümü</description>
		<transformation morpheme="This" action="Replace" operandOne="б" operandTwo="м" flag="first" >
		<conditions flag="Or" >
			<condition morpheme="Next" operator="MorphemeEquals" operand="IC_HAL_ILGI_NIn" />
			<condition morpheme="Next" operator="MorphemeEquals" operand="IC_HAL_BELIRTME_NI" />
			<condition morpheme="Next" operator="MorphemeEquals" operand="IC_HAL_BULUNMA_DA" />
			<condition morpheme="Next" operator="MorphemeEquals" operand="IC_HAL_AYRILMA_DAn" />
		</conditions>
		</transformation>	
	</rule>
	
	<rule id="DARALMA_UI" phase="1" >
	<description> bu işaret zamiri ayrılma ve bulunma hal ekini aldıktan sonra mı halini alır. (mında, mından)</description>
	<transformation morpheme="This" action="Replace" operandOne="у" operandTwo="ы" flag="last" >
	<conditions flag="Or" >
		<condition morpheme="Next" operator="MorphemeEquals" operand="IC_HAL_BULUNMA_DA" />
		<condition morpheme="Next" operator="MorphemeEquals" operand="IC_HAL_AYRILMA_DAn" />
	</conditions>
	</transformation>
	</rule>
	
	<rule id="OZEL_A" phase="2">	
	<description>Önceki ek ünsüz ile bitiyorsa A=a, e, o, ö ünlülerinden biri gelir. Ünlü ile bitiyorsa y ünsüzü gelir</description>
		<transformation morpheme="This" action="Replace" operandOne="A" operandTwo="й" flag="all" >	
		  <conditions flag="Or">
			  <condition morpheme="Previous" operator="EndsWithVowel" />			 
			</conditions>
		</transformation>
		<transformation morpheme="This" action="Replace" operandOne="A" operandTwo="й" flag="all" >	
		  <conditions flag="Or">
			  <condition morpheme="Previous" operator="MorphemeEquals" operand="FC_ZAMAN_GELECEK_OLUMSUZ_BA" />
		  </conditions>
		</transformation>
		<transformation morpheme="This" action="Replace" operandOne="A" operandTwo="а" flag="all">
		  <conditions flag="And">
			<condition morpheme="Previous" operator="EndsWithConsonant" />
			<condition morpheme="Previous" operator="LastVowelEquals" operand="яаыу"  />
			
		  </conditions>
		</transformation>
		<transformation morpheme="This" action="Replace" operandOne="A" operandTwo="е" flag="all" >
			<conditions flag="And">
				<condition morpheme="Previous" operator="EndsWithConsonant" />
				<condition morpheme="Previous" operator="LastVowelEquals" operand="эеи" />			  
			</conditions>
		  </transformation>
		<transformation morpheme="This" action="Replace" operandOne="A" operandTwo="ө" flag="all">
			<conditions flag="And">
			  <condition morpheme="Previous" operator="EndsWithConsonant" />
			  <condition morpheme="Previous" operator="LastVowelEquals" operand="өү" />
			</conditions>
		</transformation>
		<transformation morpheme="This" action="Replace" operandOne="A" operandTwo="o" flag="all" >	
		  <conditions flag="Or">
			  <condition morpheme="Previous" operator="EndsWithConsonant" />
			  <condition morpheme="Previous" operator="LastVowelEquals" operand="ёo" />
		  </conditions>
		</transformation>
		  </rule>  
		 <!-- ÖZEL KI aitlik eki çekimi -->
	<rule id="OZEL_GK" phase="1" >
		 <description>Aitlik eki KI : zaman bildiren kelimelerden ve ilgi ekinden sonra (-NIn) sonra -kI , diğerlerinde sonra -gI halini alır</description>
		 <transformation morpheme="This" action="Replace" operandOne="G" operandTwo="к" flag="first" >	
		  <conditions flag="Or">
			  <condition morpheme="Previous" operator="MorphemeEquals" operand="IC_HAL_ILGI_NIn" />
			  <condition morpheme="Previous" operator="HasFlags" operand="zaman" />
			  <condition morpheme="Previous" operator="LastLetterEquals" operand="кпстфхцчшЩ"  />
			</conditions>
		</transformation>
		<transformation morpheme="This" action="Replace" operandOne="G" operandTwo="г" />		 
	 </rule>
	 
	 <rule id="ILGI_KI" phase="2">
	<description> sizdiki, anıkı, bizdiki, silerdiki, sizderdiki. Zamirlerde ilgi ekinden snra aitlik eki gelirse son ilgi ekinin son sesi düşer -NIn=> -NI</description>
	<transformation morpheme="This" action="DeleteLastLetter"> 
		<conditions flag="Or" >
			<condition morpheme="Next" operator="MorphemeEquals" operand="IC_AITLIK_ki" />
		</conditions>
	</transformation>		
	</rule>
	
	<rule id="OZEL_g" phase="2" >
	<description> IY_FIIL_GA ekinde ünlüden sonra sadece g halini alır. diğerlerinde k olur.</description>
		<transformation morpheme="This"  action="Replace" operandOne="G" operandTwo="г" flag="all" >
		<conditions flag="Or">
			<condition morpheme="Previous" operator="EndsWithVowel" />
		</conditions>
		</transformation>
		<transformation morpheme="This"  action="Replace" operandOne="G" operandTwo="к" flag="all" />
		
	</rule>
		 
	<rule id="OZEL_BANA" phase="1">
		<description>
			Gelen ek yönelme hal eki ise e => a olur.
			ben => bana, sen => sana(men=> maga; sen=>saga)
		</description>
		<transformation morpheme="This" action="Replace" operandOne="ен" operandTwo="а" flag="last">
			<conditions flag="Or">
          <condition morpheme="Next" operator="MorphemeEquals" operand="IC_HAL_YONELME_GA" />
        </conditions>
		</transformation>
		</rule>
	<rule id="OZEL_BENIM" phase="2" >
		<description>Şahıs zamirinin hal ekleri aldıktan sonraki değişimi men+nin => menin,sen+nın=>senin</description>
		<transformation morpheme="This" action="DeleteLastLetter" >
		  <conditions flag="Or">
			  <condition morpheme="Next" operator="MorphemeEquals" operand="IC_HAL_ILGI_NIn" />
			  <condition morpheme="Next" operator="MorphemeEquals" operand="IC_HAL_BELIRTME_NI" />
			</conditions>
		</transformation>
	</rule>

		
		<rule id="EKLE_t" phase="1" >
		<description> A,y zarf fiili ile çekimlenen zamanlarda 3. tekil ve çoğul sahıslarda eke t sesinin eklenmesi başta-y-t (başlayacak)
						Şimdiki zaman Hikayesi için Yardımcı fiilden sonra t eklenmiş hali gelir
		</description>
			<transformation morpheme="This" action="Replace" operandOne="A" operandTwo="Aт" flag="all">
				<conditions flag="Or">
					<condition morpheme="Next" operator="MorphemeEquals" operand="SAHIS_ZAMIR_O_0" />
					<condition morpheme="Next" operator="MorphemeEquals" operand="SAHIS_ZAMIR_ONLAR_0"/>
					<condition morpheme="Next" operator="MorphemeEquals" operand="EKFIIL_ZAMAN_HIKAYE_ele" />
					<condition morpheme="Next" operator="MorphemeEquals" operand="EKFIIL_ZAMAN_HIKAYE_bolçu" />
					<condition morpheme="Next" operator="MorphemeEquals" operand="EKFIIL_ZAMAN_HIKAYE_boldu" />
					<condition morpheme="Next" operator="MorphemeEquals" operand="EKFIIL_ZAMAN_RIVAYET_eken" />
					<condition morpheme="Next" operator="MorphemeEquals" operand="EKFIIL_ZAMAN_RIVAYET_imiş" />
					<condition morpheme="Next" operator="MorphemeEquals" operand="EKFIIL_ZAMAN_RIVAYET_SORU_beken" />
					<condition morpheme="Next" operator="MorphemeEquals" operand="EKFIIL_ZAMAN_HIKAYE_SORU_bele" />
				</conditions>
			</transformation>
		</rule>
				
		
		<rule id="EKFIIL_SORU" phase="1" >
		  <description> soru ekinin basit zamanların hikayesinde ele ile birleşerek bele olması</description>
		   <transformation morpheme="This" action="Replace" operandOne="BI" operandTwo="_б" flag= "all">
		   <conditions flag ="Or" >
				<condition morpheme="Next" operator="MorphemeEquals" operand="EKFIIL_ZAMAN_HIKAYE_ele"/>
				<condition morpheme="Next" operator="MorphemeEquals" operand="EKFIIL_ZAMAN_RIVAYET_eken"/>
		   </conditions>
		   </transformation>
		</rule > 
		  <rule id="SORU_ELE" phase="1">
		  <description> ele ekfiilinden önce soru eki geliyorsa BI eki ile kaynaşarak bele olur</description>
		   <transformation morpheme="This" action="Replace" operandOne="_еле" operandTwo="еле" flag= "all">
		   <conditions flag ="Or" >
				<condition morpheme="Previous" operator="MorphemeEquals" operand="SORU_BI"/>
		   </conditions>
		   </transformation>
		 </rule>
		  <rule id="SORU_EKEN" phase="1">
		  <description> eken ekfiilinden önce soru eki geliyorsa BI eki ile kaynaşarak beken olur</description>
		   <transformation morpheme="This" action="Replace" operandOne="_екен" operandTwo="екен" flag= "all">
		   <conditions flag ="Or" >
				<condition morpheme="Previous" operator="MorphemeEquals" operand="SORU_BI"/>
		   </conditions>
		   </transformation>
		 </rule>
		  
		  <!-- Görülen geçmiş Zaman 2. Tip ekinin özel durumu -->
		 <!-- bu çekimlerin üç tipi var : al-gan-mın, al-ga-mın, algam şeklinde -->
    <rule id="OZEL_GAN" phase ="1" >
	<description> sonraki ek sahiplik 1. ve 2. teklik şahıs ise ekin son harfi silinir </description>
	  <transformation morpheme="This" action="Replace" operandOne="GAн" operandTwo="GA" flag="all">
		  <conditions flag="Or">
			<condition morpheme="Next" operator="MorphemeEquals" operand="SAHIS_ZAMIR_BEN_mIn" />
			<condition morpheme="Next" operator="MorphemeEquals" operand="SAHIS_ZAMIR_SEN_sIň" />
			</conditions>
		</transformation> 
    </rule>
	<rule id="OZEL_GAN_B" phase="1" >
	<description> algam çekiminde sahı ekimin mIn yerine m olması</description>
		<transformation morpheme="This" action="Replace" operandOne="мIн" operandTwo="м" flag="all" >
			<conditions flag="Or">
			<condition morpheme="Previous" operator="MorphemeEquals" operand="FC_ZAMAN_GORULEN_UZAK_GECMIS_GA_ben2" />			
			</conditions>
		</transformation> 
	</rule>
	
	<rule id="YUMUSAMA_kg" phase="3" >
	<description> köklerdeki k sesi ünlü ile başlayan bir ek aldığında yumuşayarak g haline geçer </description>
		<transformation morpheme="This" action="Replace" operandOne="к" operandTwo="г" flag="last">
        <conditions flag="Or">
          <condition morpheme="Next" operator="StartsWithVowel" />
        </conditions>
      </transformation>
	</rule>
	
	<rule id="YUMUSAMA_pb" phase="3" >
	<description> köklerdeki p sesi ünlü ile başlayan bir ek aldığında yumuşayarak b haline geçer </description>
		<transformation morpheme="This" action="Replace" operandOne="п" operandTwo="б" flag="last">
        <conditions flag="Or">
          <condition morpheme="Next" operator="StartsWithVowel" />
        </conditions>
      </transformation>
	</rule>
	
	<rule id="OZEL_ettirgen_t" phase="1" >
		<description> k ünsüzü ile biten fiil köklerine gelen ettirgen t eki başına ı, i, u, ü seslerinden birini alır. </description>
		<transformation morpheme="This" action="Replace" operandOne="т" operandTwo="Iт" flag="all" >
		<conditions flag="And">
			<condition morpheme="Previous" operator="LastLetterEquals" operand="к" />
		</conditions>
		</transformation>
	</rule>
	<rule id="OZEL_tır" phase="1" >
	<description> l ünsüzü ile biten fiil köklerine gelen ettirgen +DIr eki sadece +tIr halini alır. </description>
		<transformation morpheme="This" action="Replace" operandOne="DIp" operandTwo="тIp" flag="all" >
		<conditions flag="And">
			<condition morpheme="Previous" operator="HasFlags" operand="edil_tır" />
		</conditions>
		</transformation>
	</rule>

	
	
	
	<rule id="ALTTIRE_KALDIR" phase="5">
      <description>
        ayrı kelimelerin lexical biçimde gösterimi menen, emes, eken, ele,..
      </description>
      <transformation morpheme="This" action="Replace" operandOne="_" operandTwo=" " flag="all"/>
    </rule>
	
	 <rule id="KESME_KALDIR" phase="2">
      <description>
        Alıntı ve kısaltma türündeki kelimelerin okunuşu olan lexical biçimini
      </description>
      <transformation morpheme="This" action="DeleteFirstLetter" />
    </rule>
	
	<rule id="KESME_EKLE" phase="5">
      <description>
        Alıntı ve kısaltma türündeki kelimelerin okunuşu olan lexical biçimini
      </description>
      <transformation morpheme="This" action="Append" operandOne="'" />
    </rule>
	
	</rules>
	</orthography>
	