root,surfaces,lex,Anlam,active,Id,flags,rules
айт,,,,,FIIL,fiil,
айыл,айл,,,,ISIM,isim,DUSME_SON_UNLU
ал,"а, ан",,,,ZAMIR_SAHIS,zamir,"OZEL_BENIM, DUSME_SONSES"
ал,,,,,FIIL,fiil,
алар,,,,,ZAMIR_SAHIS,zamir,
араба,,,,,ISIM,isim,
ат,,,,,ISIM,isim,
ата,,,,,ISIM,isim,
бoл,,,,,FIIL,fiil,
бар,,,,,FIIL,"fiil, ozel_zarfa",
баш,,,,,ISIM,isim,
башта,башт,,,,FIIL,fiil,OZEL_YY
баштык,,,,,ISIM,isim,
биз,,,,,ZAMIR_SAHIS,zamir,
бил,,,,,FIIL,fiil,
бөк,бөг,,,,FIIL,fiil,YUMUSAMA_kg
бөлүм,,,,,ISIM,isim,
бу,"му, мы, мын",,,,ZAMIR_ISARET,"zamir, isaret",OZEL_BM
бул,"бу, му, мы, мын",,,,ZAMIR_ISARET,"zamir, isaret","OZEL_ISARET, OZEL_BM"
булар,,,,,ZAMIR_ISARET,zamir,
бүгүн,,,,,ISIM,"isim, zaman",
ел,,,,,ISIM,isim,
еми,еми,,,,ISIM,"isim, zaman",DUSME_SON_UNLU
емес,,,,,ISIM,isim,
ене,,,,,ISIM,isim,
есен,,,,,ISIM,isim,
етиш,,,,,ISIM,isim,
ечки,,,,,ISIM,isim,
жакшы,,,,,ISIM,isim,
жаш,,,,,ISIM,isim,
жер,,,,,ISIM,isim,
жыйын,жыйн,,,,ISIM,isim,DUSME_SON_UNLU
жеткин,,,,,ISIM,isim,
жигит,,,,,ISIM,isim,
жооп,,,,,ISIM,isim,
жогору,жогор,,,,ISIM,"isim, zaman",DUSME_SON_UNLU
жүрөк,,,,,ISIM,isim,
илгери,илгерк,,,,ISIM,"isim, zaman",DUSME_SON_UNLU
иш,,,,,ISIM,isim,
кедей,,,,,ISIM,isim,
келин,,,,,ISIM,isim,
кет,,,,,FIIL,fiil,
кеч,,,,,ISIM,"isim, zaman",
кечее,,,,,ISIM,"isim, zaman",
китеп,китеб,,,,ISIM,isim,YUMUSAMA_pb
коом,,,,,ISIM,isim,
көк,көг,,,,FIIL,fiil,YUMUSAMA_kg
көп,көб,,,,FIIL,fiil,YUMUSAMA_pb
көр,,,,,FIIL,fiil,
күйөө,,,,,ISIM,isim,
күлкү,,,,,ISIM,isim,
күч,,,,,ISIM,isim,
күчтүү,,,,,SIFAT,sifat,
кыш,,,,,ISIM,isim,
мен,"ма, ме",,,,ZAMIR_SAHIS,zamir,"OZEL_BANA, OZEL_BENIM"
мурун,мурн,,,,ISIM,"isim, zaman",DUSME_SON_UNLU
ой,ою,,,,ISIM,isim,BIRLESME_yu
ойун,ойн,,,,FIIL,fiil,DUSME_SON_UNLU
оку,ок,,,,FIIL,fiil,OZEL_YY
орун,орн,,,,ISIM,isim,DUSME_SON_UNLU
ошол,ошо,,,,ZAMIR_ISARET,"zamir, isaret",OZEL_ISARET
өз,,,,,ISIM,isim,
өй,,,,,ISIM,isim,
сен,"са, се",,,,ZAMIR_SAHIS,zamir,"OZEL_BANA, OZEL_BENIM"
сзидер,,,,,ZAMIR_SAHIS,zamir,
сиз,,,,,ZAMIR_SAHIS,zamir,
сиз,,,,,ZAMIR_SAHIS,zamir,
силер,,,,,ZAMIR_SAHIS,zamir,
сөз,,,,,ISIM,isim,
таш,,,,,ISIM,isim,
тигил,тиги,,,,ZAMIR_ISARET,"zamir, isaret",OZEL_ISARET
тигилер,,,,,ZAMIR_ISARET,zamir,
тил,,,,,ISIM,isim,
түн,,,,,ISIM,"isim, zaman",
түрк,,,,,ISIM,isim,
уйку,,,,,ISIM,isim,
улуу,,,,,ISIM,isim,
ушул,ушу,,,,ZAMIR_ISARET,"zamir, isaret",OZEL_ISARET
ууру,уур,,,,FIIL,fiil,DUSME_SON_UNLU
ушулар,,,,,ZAMIR_ISARET,zamir,
үй,,,,,ISIM,isim,
ыр,,,,,ISIM,isim,
ысык,,,,,ISIM,isim,
ким,,,,,ZAMIR_SORU,zamir,
эмне,,,,,ZAMIR_SORU,zamir,
кайсы,,,,,ZAMIR_SORU,zamir,
кайсыл,,,,,ZAMIR_SORU,zamir,
канча,,,,,ZAMIR_SORU,zamir,
нечеси,,,,,ZAMIR_SORU,zamir,
кайсысы,,,,,ZAMIR_SORU,zamir,
канчоо,,,,,ZAMIR_SORU,zamir,
баары,,,,,ZAMIR_BELIRSIZLIK,zamir,
бирөө,,,,,ZAMIR_BELIRSIZLIK,zamir,
бардыгы,,,,,ZAMIR_BELIRSIZLIK,zamir,
береги,,,,,ZAMIR_BELIRSIZLIK,zamir,
эчтеке,,,,,ZAMIR_BELIRSIZLIK,zamir,
баланча,,,,,ZAMIR_BELIRSIZLIK,zamir,
эч нерсе,,,,,ZAMIR_BELIRSIZLIK,zamir,
түкүнчө,,,,,ZAMIR_BELIRSIZLIK,zamir,