id,lexicalForm,sub-type,type,Alt tür,Grup,flags,rules,surfaces,Örnekler
IC_COGUL_LAr,LAр,,I,,,,"DONUSUM_L, DONUSUM_A","лар, лер, лор, лөр, дар, дер, дор, дөр, тар, тер, тор, төр",
IC_SAHIPLIK_BEN_(I)m,Iм,,I,,ISIM_SAHIPLIK,,"DONUSUM_I, DUSME_UNLU","м, ым, им, ум, үм",
IC_SAHIPLIK_SEN_(I)ň,Iң,,I,,ISIM_SAHIPLIK,,"DONUSUM_I, DUSME_UNLU","ң, ың, иң, уң, үң",
IC_SAHIPLIK_SEN_(I)ňIz,IңIз,,I,,ISIM_SAHIPLIK,,"DONUSUM_I, DUSME_UNLU","ңыз, ңиз, ңуз, ңүз, ыңыз, иңиз, уңуз, үңүз",
IC_SAHIPLIK_O_(s)I,сI,,I,,ISIM_SAHIPLIK,,"DONUSUM_I, DUSME_UNSUZ","ы, и, у, ү, сы, си, су, сү",
IC_SAHIPLIK_BIZ_(I)bIz,IбIз,,I,,ISIM_SAHIPLIK,,"DONUSUM_I, DUSME_UNLU","быз, биз, буз, бүз, ыбыз, ибиз, убуз, үбүз",
IC_SAHIPLIK_SIZ_(I)ňAr,IңAр,,I,,ISIM_SAHIPLIK,,"DUSME_UNLU, DONUSUM_I, DONUSUM_A","ңар, ңер, ңор, ңөр, ыңар, иңер, уңар, үнөр",
IC_SAHIPLIK_SIZ_(I)ňIzdAr,IңIздAр,,I,,ISIM_SAHIPLIK,,"DUSME_UNLU, DONUSUM_I, DONUSUM_A","ңыздар, ңиздер, ңуздар, ңүздөр,  ыңыздар, иңиздер, уңуздар, үңүздөр",
IC_SAHIPLIK_ONLAR_LArI,LApI,,I,,ISIM_SAHIPLIK,,"DONUSUM_L, DONUSUM_A, DONUSUM_I","лары, леpи, лору, лөрү, дары, деpи, дору, дөрү, тары, тери, тору, төрү ",
IC_HAL_ILGI_NIn,NIн,,I,,ISIM_HAL,,"DONUSUM_N, DONUSUM_I, ILGI_KI","нын, нин, нун, нүн, дын, дин, дун, дүн, тын, тин, тун, түн, ны, ди, ни, ды",
IC_HAL_ILGI_In,Iн,,I,,ISIM_HAL,,DONUSUM_I,"ын, ин, ун, үн",
IC_HAL_BELIRTME_NI,NI,,I,,ISIM_HAL,,"DONUSUM_N, DONUSUM_I","ны, ни, ну, нү, ды, ди, ду, дү, ты, ти, ту, тү",
IC_HAL_BELIRTME_I,I,,I,,ISIM_HAL,,DONUSUM_I,"ы, и, у, ү",
IC_HAL_BELIRTME_N(3),н,,I,,ISIM_HAL,,,н,
IC_HAL_YONELME_GA,GA,,I,,ISIM_HAL,,"DONUSUM_G, DONUSUM_A, DUSME_UNSUZ","га, ге, го, гө, ка, ке, ко, кө, а, е, о, ө",
IC_HAL_YONELME_nA(3),нA,,I,,ISIM_HAL,,DONUSUM_A,"на, не, но, нө",
IC_HAL_BULUNMA_DA,DA,,I,,ISIM_HAL,,"DONUSUM_D, DONUSUM_A","да, де, до, дө, та, те, то, тө",
IC_HAL_BULUNMA_(I)ndA,IндA,,I,,ISIM_HAL,,"DONUSUM_A, DONUSUM_I, DUSME_UNLU","нда, нде, ндө, ында, инде, унда, үндө",
IC_HAL_AYRILMA_DAn,DAн,,I,,ISIM_HAL,,"DONUSUM_D, DONUSUM_A","дан, ден, дон, дөн, тан, тен, тон, төн",
IC_HAL_AYRILMA_An,Aн,,I,,ISIM_HAL,,DONUSUM_A,"ан, ен, он, өн",
IC_HAL_AYRILMA_nAn(3),нAн,,I,,ISIM_HAL,,DONUSUM_A,"нан, нен, нон, нөн",
IC_HAL_ESITLIK1_çA,чA,,I,,ISIM_HAL,,DONUSUM_A,"ча, че, чо, чө",
IC_HAL_ESITLIK2_DAy,DAй,,I,,ISIM_HAL,,"DONUSUM_D, DONUSUM_A","дай, дей, дой, дөй, тай, тей, той, төй",
IC_HAL_VASITA_menen,_менен,,I,,ISIM_HAL,,ALTTIRE_KALDIR,_менен,
IC_AITLIK_ki,GI,,I,,,,"OZEL_GK, DONUSUM_I","гы, ги, гу, гү, кы, ки, ку, кү",
SORU_BI,BI,,I,,SORU,,"DONUSUM_I, DONUSUM_B","бы, би, бу, бү, пы, пи,пу, пү",
SAHIS_ZAMIR_BEN_mIn,мIн,,I,,SAHIS_ZAMIR,,"DONUSUM_I, OZEL_GAN_B","м, мын, мин, мун, мүн",
SAHIS_ZAMIR_SEN_sIň,сIң,,I,,SAHIS_ZAMIR,,DONUSUM_I,"сың, сиң, суң, сүң",
SAHIS_ZAMIR_SEN(nez.)_sIz,сIз,,I,,SAHIS_ZAMIR,,DONUSUM_I,"сыз, сиз, суз, сүз",
SAHIS_ZAMIR_O_0,,,I,,SAHIS_ZAMIR,,,,
SAHIS_ZAMIR_BIZ_BIz,BIз,,I,,SAHIS_ZAMIR,,"DONUSUM_I, DONUSUM_B","быз, биз, буз, бүз,пыз, пиз,пуз, пүз",
SAHIS_ZAMIR_SIZ_sIңAr,сIңAр,,I,,SAHIS_ZAMIR,,"DONUSUM_I, DONUSUM_A","сыңар, сиңер, суңар, сүңөр",
SAHIS_ZAMIR_SIZ(nez.)_sIzdAr,сIздAр,,I,,SAHIS_ZAMIR,,"DONUSUM_I, DONUSUM_A","сыздар, сиздер, суздар, сүздөр",
SAHIS_ZAMIR_ONLAR_0,,,I,,SAHIS_ZAMIR,,,,
SAHIS_IYELIK_BEN_m,м,,I,,SAHIS_IYELIK,,,м,
SAHIS_IYELIK_SEN_ň,ң,,I,,SAHIS_IYELIK,,,ң,
SAHIS_IYELIK_SEN(nez.)_ňIz,ңIз,,I,,SAHIS_IYELIK,,DONUSUM_I ,"ңыз, ңиз, ңуз, ңүз",
SAHIS_IYELIK_O_0,,,I,,SAHIS_IYELIK,,,,
SAHIS_IYELIK_BIZ_k,к,,I,,SAHIS_IYELIK,,,к,
SAHIS_IYELIK_SIZ_ňAr,ңAр,,I,,SAHIS_IYELIK,,DONUSUM_A,"ңар, ңер, ңор, ңөр",
SAHIS_IYELIK_SIZ(nez.)_(I)ňIzdAr,ңIздAр,,I,,SAHIS_IYELIK,,"DONUSUM_I, DONUSUM_A","ңыздар, ңиздер, ңуздор, ңүздөр",
SAHIS_IYELIK_ONLAR_(I)ş_0,,,I,,SAHIS_IYELIK,,,,
FC_ZAMAN_OGRENILEN_GECMIS_(I)ptIr,IптIр,,I,,FIIL_ZAMAN,,"DUSME_UNLU, DONUSUM_I","ыптыр, иптир, уптур, үптүр, птыр, птир, птур, птүр",
FC_ZAMAN_GORULEN_GECMIS_DI,DI,,I,,FIIL_ZAMAN,,"DONUSUM_D, DONUSUM_I","ды, ди, ду, дү, ты, ти, ту, тү",
FC_ZAMAN_GORULEN_UZAK_GECMIS_GAn,GAн,,I,,FIIL_ZAMAN,,"DONUSUM_G, DONUSUM_A","ган, ген, гон, гөн, кан, кен, кон, көн",
FC_ZAMAN_GORULEN_UZAK_GECMIS_GA_ben,GAн,,I,,FIIL_ZAMAN,,"DONUSUM_G, DONUSUM_A, OZEL_GAN","ган, ген, гон, гөн, кан, кен, кон, көн, га, ге, го, гө, ка, ке, ко, кө ",
FC_ZAMAN_GORULEN_UZAK_GECMIS_GA_ben2,GA,,I,,FIIL_ZAMAN,,"DONUSUM_G, DONUSUM_A","га, ге, го, гө, ка, ке, ко, кө ",
FC_ZAMAN_ADET_GECMIS_çU,чU,,I,,FIIL_ZAMAN,,DONUSUM_U,"чу, чү",
FC_ZAMAN_SIMDIKI_1_(I)p_cat,Iп_жат,,I,,FIIL_ZAMAN,,"DUSME_UNLU, DONUSUM_I, ALTTIRE_KALDIR","п_жат, ып_жат, ип_жат, уп_жат, үп_жат",
FC_ZAMAN_SIMDIKI_1_(I)p_cür,Iп_жүр,,I,,FIIL_ZAMAN,,"DUSME_UNLU, DONUSUM_I, ALTTIRE_KALDIR","п_жүр, ып_жүр, ип_жүр, уп_жүр, үп_жүр",
FC_ZAMAN_SIMDIKI_1_(I)p_otur,Iп_отур,,I,,FIIL_ZAMAN,,"DUSME_UNLU, DONUSUM_I, ALTTIRE_KALDIR","п_отур, ып_отур, ип_отур, уп_отур, үп_отур",
FC_ZAMAN_SIMDIKI_1_(I)p_tur,Iп_тур,,I,,FIIL_ZAMAN,,"DUSME_UNLU, DONUSUM_I, ALTTIRE_KALDIR","п_тур, ып_тур, ип_тур, уп_тур, үп_тур",
FC_ZAMAN_SIMDIKI_1_OLUMSUZ_BAy,BAй,,I,,FIIL_ZAMAN,,"DONUSUM_B, DONUSUM_A","бай, бей, бой, бөй, пай, пей, пой, пөй",
FC_ZAMAN_SIMDIKI_2_YYdA,YдA,,I,,FIIL_ZAMAN,,"DONUSUM_Y, DONUSUM_A, OZEL_YY","оодо,  өөдө, ууда, үүдө",
FC_ZAMAN_GELECEK_A,A,,I,,FIIL_ZAMAN,,"OZEL_A, EKLE_t","а, е, о, ө, й, ат, ет, от, өт, йт",
FC_ZAMAN_GELECEK_2_A_elek,A_элек,,I,,FIIL_ZAMAN,,"OZEL_A, ALTTIRE_KALDIR","а_элек, е_элек, о_элек, ө_элек, й_элек",
FC_ZAMAN_GENIS_(A)r,Aр,,I,,FIIL_ZAMAN,,"DUSME_UNLU, DONUSUM_A","ар, ер, ор, өр, р",
FC_ZAMAN_GENIS_OLUMSUZ_BAs,BAс,,I,,FIIL_ZAMAN,,"DONUSUM_B, DONUSUM_A","бас, бес, бос, бөс, пас, пес, пос, пөс",
FC_KIP_SART_sA,сA,,I,,FIIL_KIP,,DONUSUM_A,"са, се, со, сө",
FC_KIP_GEREKLILIK_1_(I)ş_gerek,Iш,,I,,FIIL_KIP,,"DONUSUM_I, DUSME_UNLU","ш,ыш, иш, уш, үш",
FC_KIP_GEREKLILIK_2_YY_gerek,Y,,I,,FIIL_KIP,,"DONUSUM_Y, OZEL_YY","оо, өө, уу, үү",
FC_KIP_GEREKLILIK_3_YY_GA_tiyiş,Y,,I,,FIIL_KIP,,"DONUSUM_Y, OZEL_YY","оо, өө, уу, үү",
FC_KIP_EMIR_SAHIS_BEN_AyIn,AйIн,,I,,FIIL_KIP,,"DONUSUM_A, DONUSUM_I, DUSME_UNLU","айын, ейин, ойун, өйүн, йын, йин, йун, йүн",
FC_KIP_EMIR_SAHIS_SEN_0,,,I,,FIIL_KIP,,,,
FC_KIP_EMIR_SEN_GIn,GIн,,I,,FIIL_KIP,,"DONUSUM_G, DONUSUM_I","гын, гин, гун, гүн, кын, кин, кун, күн",
FC_KIP_EMIR_SEN(nez.)_(I)ňIz,IңIз,,I,,FIIL_KIP,,"DUSME_UNLU, DONUSUM_I","ңыз, ңиз, ңуз, ңүз, ыңыз, иңиз, уңуз, үңүз",
FC_KIP_EMIR_SAHIS_O_sIn,сIн,,I,,FIIL_KIP,,DONUSUM_I,"сын, син, сун, сүн",
FC_KIP_EMIR_SAHIS_BIZ_ylI,йлI,,I,,FIIL_KIP,,DONUSUM_I,"йлы, йли, йлу, йлү",
FC_KIP_EMIR_SAHIS_BIZ_AlI,AлI,,I,,FIIL_KIP,,"DONUSUM_A, DONUSUM_I","алы, ели, олу, өлү",
FC_KIP_EMIR_SAHIS_BIZ_AlI(k),AлIк,,I,,FIIL_KIP,,"DONUSUM_A, DONUSUM_I","алык, елик, олук, өлүк",
FC_KIP_EMIR_SAHIS_SIZ_GIlA,GIлA,,I,,FIIL_KIP,,"DONUSUM_G, DONUSUM_I, DONUSUM_A","гыла, гиле, гула, гүлө, кыла, киле, кула, күлө",
FC_KIP_EMIR_SIZ(nez.)_(I)ňIzdAr,IңIздAр,,I,,FIIL_KIP,,"DONUSUM_I, DONUSUM_A, DUSME_UNLU","ңыздар, ңиздер, ңуздор, ңүздөр, ыңыздар,иңиздер, уңуздор, үңүздөр",
FC_KIP_EMIR_SAHIS_ONLAR_(I)şsIn,IшсIн,,I,,FIIL_KIP,,"DUSME_UNLU, DONUSUM_I","шсын, шсин, шсун, шсүн, ышссын, ишсин, ушсун, үшсүн",
FC_KIP_ISTEK_1_GI,GI,,I,,FIIL_KIP,,"DONUSUM_G, DONUSUM_I","гы, ги, гу, гү, кы, ки, ку, кү",
FC_KIP_ISTEK_2_mAkçI,мAкчI,,I,,FIIL_KIP,,"DONUSUM_A, DONUSUM_I","макчы, мекчи, мокчу, мөкчү",
FC_KIP_ISTEK_3_GAy_ele,GAй_эле,,I,,FIIL_KIP,,"DONUSUM_G, DONUSUM_A, ALTTIRE_KALDIR","гай_эле, гей_эле, гой_эле, гөй_эле, кай_эле, кей_эле, кой_эле, көй_эле",
FC_KIP_ISTEK_4_mAk,мAк,,I,,FIIL_KIP,,"DONUSUM_A, DONUSUM_I","мак, мек, мок, мөк",
FC_YF_TEZLIK_A_tüş,A_түш,,I,,YF_BILESIK,,"OZEL_A, ALTTIRE_KALDIR","а_түш, е_түш, о_түш, ө_түш, й_түш",
FC_YF_TEZLIK_(I)p_ciber,Iп_жибер,,I,,YF_BILESIK,,"DUSME_UNLU, DONUSUM_I, ALTTIRE_KALDIR","п_жибер, ып_жибер, ип_жибер, уп_жибер, үп_жибер",
FC_YF_TEZLIK_A_ber,A_бер,,I,,YF_BILESIK,,"OZEL_A, ALTTIRE_KALDIR","а_бер, е_бер, о_бер, ө_бер, й_бер",
FC_YF_TEZLIK_(I)p_ber,Iп_бер,,I,,YF_BILESIK,,"DUSME_UNLU, DONUSUM_I, ALTTIRE_KALDIR","п_бер, ып_бер, ип_бер, уп_бер, үп_бер",
FC_YF_YETERLILIK_A_al,A_ал,,I,,YF_BILESIK,,"OZEL_A, ALTTIRE_KALDIR","а_ал, е_ал, о_ал, ө_ал, й_ал",
EKFIIL_ZAMAN_RIVAYET_eken,_экен,,I,,EKFIIL_ZAMAN,,ALTTIRE_KALDIR,_экен,
EKFIIL_ZAMAN_RIVAYET_imiş,_имиш,,I,,EKFIIL_ZAMAN,,ALTTIRE_KALDIR,_имиш,
EKFIIL_ZAMAN_HIKAYE_bolçu,_болчу,,I,,EKFIIL_ZAMAN,,ALTTIRE_KALDIR,_болчу,
EKFIIL_ZAMAN_HIKAYE_boldu,_болду,,I,,EKFIIL_ZAMAN,,ALTTIRE_KALDIR,_болду,
EKFIIL_ZAMAN_HIKAYE_ele,_эле,,I,,EKFIIL_ZAMAN,,ALTTIRE_KALDIR,_эле,
EKFIIL_ZAMAN_HIKAYE_SORU_bele,_беле,,I,,SORU,,ALTTIRE_KALDIR,_беле,
EKFIIL_ZAMAN_RIVAYET_SORU_beken,_бекен,,I,,SORU,,ALTTIRE_KALDIR,_бекен,
EKFIIL_ZAMAN_SART_bolso,_болсо,,I,,EKFIIL_ZAMAN,,ALTTIRE_KALDIR,_болсо,
IY_ISIM_çA,чA,,D,,IY_ISIM,,DONUSUM_A,"ча, че, чо, чө",
IY_ISIM_çAk,чAк,,D,,IY_ISIM,,DONUSUM_A,"чак, чек, чок, чөк",
IY_ISIM_çI,чI,,D,,IY_ISIM,,DONUSUM_I,"чы, чи, чу, чү",
IY_ISIM_çIk,чIк,,D,,IY_ISIM,,DONUSUM_I,"чык, чик, чук, чүк",
IY_ISIM_LAş,LAш,,D,,IY_ISIM,,"DONUSUM_L, DONUSUM_A","даш, деш, дош, дөш, таш, теш, тош, төш, лаш, леш, лош, лөш",
IY_ISIM_LIk,LIк,,D,,IY_ISIM,,"DONUSUM_L, DONUSUM_I","лык, лик, лук, лүк, дык, дик, дук, дүк, тык, тик, тук, түк",
IY_ISIM_OO,OO,,D,,IY_ISIM,,"DONUSUM_O, OZEL_YY","оо, өө",
IY_ISIM_Ay,Aй,,D,,IY_ISIM,,DONUSUM_A,"ай, ей, ой, өй",
IY_ISIM_cIn,жIн,,D,,IY_ISIM,,DONUSUM_I,"жын, жин, жун, жүн",
IY_ISIM_çAr,чAр,,D,,IY_ISIM,,DONUSUM_A,"чар, чер, чор, чөр",
IY_ISIM_Dak,Dак,,D,,IY_ISIM,,DONUSUM_D,"дак, так",
IY_ISIM_ek,ек,,D,,IY_ISIM,,,ек,
IY_ISIM_gıç,гыч,,D,,IY_ISIM,,,гыч,
IY_ISIM_GIl,GIл,,D,,IY_ISIM,,"DONUSUM_G, DONUSUM_I","гыл, гил, гул, гүл, кыл, кил, кул, күл",
IY_ISIM_gıy,гый,,D,,IY_ISIM,,,гый,
IY_ISIM_gü,гү,,D,,IY_ISIM,,,гү,
IY_ISIM_ke,ке,,D,,IY_ISIM,,,ке,
IY_ISIM_kek,кек,,D,,IY_ISIM,,,кек,
IY_ISIM_sön,сөн,,D,,IY_ISIM,,,сөн,
IY_ISIM_mAç,мAч,,D,,IY_ISIM,,DONUSUM_A,"мач, меч, моч, мөч",
IY_ISIM_y,й,,D,,IY_ISIM,,,й,
IY_ISIM_ban,бан,,D,,IY_ISIM,,,бан,
IY_ISIM_ger,гер,,D,,IY_ISIM,,,гер,
IY_ISIM_iy,ий,,D,,IY_ISIM,,,ий,
IY_ISIM_mAr,мAр,,D,,IY_ISIM,,DONUSUM_A,"мар, мер, мор, мөр",
IY_ISIM_stan,стан,,D,,IY_ISIM,,,стан,
IY_ISIM_zar,зар,,D,,IY_ISIM,,,зар,
IY_SIFAT_gun,гун,,D,,IY_SIFAT,,,гун,
IY_SIFAT_ker,кер,,D,,IY_SIFAT,,,кер,
IY_SIFAT_man,ман,,D,,IY_SIFAT,,,ман,
IY_SIFAT_keç,кеч,,D,,IY_SIFAT,,,кеч,
IY_SIFAT_Dar,Dар,,D,,IY_SIFAT,,DONUSUM_D,"дар, тар",
IY_SIFAT_tay,тай,,D,,IY_SIFAT,,,тай,
IY_SIFAT_sAk,сAк,,D,,IY_SIFAT,,DONUSUM_A,"сак, сек, сок, сөк",
IY_SIFAT_mık,мык,,D,,IY_SIFAT,,,мык,
IY_SIFAT_omtuk,омтук,,D,,IY_SIFAT,,,омтук,
IY_SIFAT_omuk,омук,,D,,IY_SIFAT,,,омук,
IY_SIFAT_(I)nçI,IнчI,,D,,IY_SIFAT,,"DONUSUM_I, DUSME_UNLU","нчы, нчи, нчу, нчү, ынчы, инчи, унчу, үнчү",
IY_SIFAT_gök,гөк,,D,,IY_SIFAT,,,гөк,
IY_SIFAT_gIltIm,гIлтIм,,D,,IY_SIFAT,,DONUSUM_I,"гылтым, гилтим, гултум, гүлтүм",
IY_SIFAT_GAy,GAй,,D,,IY_SIFAT,,"DONUSUM_G, DONUSUM_A","гай, гей, гой, гөй, кай, кей, кой, көй ",
IY_SIFAT_Aň,Aң,,D,,IY_SIFAT,,DONUSUM_A,"аң, ең, оң, өң",
IY_SIFAT_çAn,чAн,,D,,IY_SIFAT,,DONUSUM_A,"чан, чен, чон, чөн",
IY_SIFAT_çIl,чIл,,D,,IY_SIFAT,,DONUSUM_I,"чыл, чил, чул, чүл",
IY_SIFAT_gIlt,гIлт,,D,,IY_SIFAT,,DONUSUM_I,"гылт, гилт, гулт, гүлт",
IY_SIFAT_(I)rAAk,IрAAк,,D,,IY_SIFAT,,"DUSME_UNLU, DONUSUM_I, DONUSUM_A","раак, реек, раак, рөөк, ыраак, иреек, ураак, үрөөк",
IY_SIFAT_LUU,LUU,,D,,IY_SIFAT,,"DONUSUM_L, DONUSUM_U","луу, лүү, дуу, дүү, туу, түү",
IY_SIFAT_sIz,сIз,,D,,IY_SIFAT,,DONUSUM_I,"сыз, сиз, суз, сүз",
IY_FIIL_şI,шI,,D,,IY_FIIL,,DONUSUM_I,"шы, ши, шу, шү",
IY_FIIL_şA,шA,,D,,IY_FIIL,,DONUSUM_A,"ша, ше, шо, шө",
IY_FIIL_sA,сA,,D,,IY_FIIL,,DONUSUM_A,"са, се, со, сө",
IY_FIIL_(I)rka,Iрка,,D,,IY_FIIL,,"DUSME_UNLU, DONUSUM_I","рка, ырка, ирка, урка, үрка",
IY_FIIL_ölö,өлө,,D,,IY_FIIL,,,өлө,
IY_FIIL_ol,ол,,D,,IY_FIIL,,,ол,
IY_FIIL_LAt,LAт,,D,,IY_FIIL,,"DONUSUM_L, DONUSUM_A","дат, дет, дот, дөт, тат, тет, тот, төт, лаv, лет, лот, лөт",
IY_FIIL_LAn,LAн,,D,,IY_FIIL,,"DONUSUM_L, DONUSUM_A","дан, ден, дон, дөн, тан, тен, тон, төн, лан, лен, лон, лөн",
IY_FIIL_kIr,кIр,,D,,IY_FIIL,,DONUSUM_I,"кыр, кир, кур, күр",
IY_FIIL_kAz,кAз,,D,,IY_FIIL,,DONUSUM_A,"каз, кез, коз, көз",
IY_FIIL_(I)k,Iк,,D,,IY_FIIL,,"DUSME_UNLU, DONUSUM_I","к, ык, ик, ук, үк",
IY_FIIL_I,I,,D,,IY_FIIL,,DONUSUM_I,"ы, и, у, ү",
IY_FIIL_GA,GA,,D,,IY_FIIL,,"OZEL_g, DONUSUM_A","га, ге, го, гө, ка, ке, ко, кө",
IY_FIIL_çı,чы,,D,,IY_FIIL,,,чы,
IY_FIIL_çA,чA,,D,,IY_FIIL,,DONUSUM_A,"ча, че, чо, чө",
IY_FIIL_A,A,,D,,IY_FIIL,,DONUSUM_A,"а, е, о, ө",
IY_FIIL_Ay,Aй,,D,,IY_FIIL,,DONUSUM_A,"ай, ей, ой, өй",
IY_FIIL_GAr,GAр,,D,,IY_FIIL,,"DONUSUM_G, DONUSUM_A","гар, гер, гор, гөр, кар, кер, кор, көр",
IY_FIIL_LA,LA,,D,,IY_FIIL,,"DONUSUM_L, DONUSUM_A","ла, ле, ло, лө, да, де, до, дө, та, те, то ,тө",
IY_FIIL_LAş,LAш,,D,,IY_FIIL,,"DONUSUM_L, DONUSUM_A","даш, деш, дош, дөш, таш, теш, тош, төш, лаш, леш, лош, лөш",
IY_FIIL_(A)r,Aр,,D,,IY_FIIL,,"DUSME_UNLU, DONUSUM_A","р, ар, ер, ор, өр",
IY_FIIL_rA,рA,,D,,IY_FIIL,,DONUSUM_A,"ра, ре, ро, рө",
IY_FIIL_sI,сI,,D,,IY_FIIL,,DONUSUM_I,"сы, си, су, сү",
IY_FIIL_sIrA,сIрA,,D,,IY_FIIL,,"DONUSUM_I, DONUSUM_A","сыра, сире, сура, сүрө",
FY_ISIM_(I)t,Iт,,D,,FY_ISIM,,"DUSME_UNLU, DONUSUM_I","т, ыт, ит, ут, үт",
FY_ISIM_u,у,,D,,FY_ISIM,,,у,
FY_ISIM_(I)ş,Iш,,D,,FY_ISIM,,"DUSME_UNLU, DONUSUM_I","ш, ыш, иш, уш, үш",
FY_ISIM_pa,па,,D,,FY_ISIM,,,па,
FY_ISIM_Ot,Oт,,D,,FY_ISIM,,DONUSUM_O,"от, өт",
FY_ISIM_(YY)çU,YчU,,D,,FY_ISIM,,"DONUSUM_Y, DONUSUM_U, OZEL_YY","уучу, үүчү, оочу, өөчү",
FY_ISIM_mAl,мAл,,D,,FY_ISIM,,DONUSUM_A,"мал, мел, мол, мөл",
FY_ISIM_mAç,мAч,,D,,FY_ISIM,,DONUSUM_A,"мач, меч, моч, мөч",
FY_ISIM_l,л,,D,,FY_ISIM,,,л,
FY_ISIM_kIl,кIл,,D,,FY_ISIM,,DONUSUM_I,"кыл, кил, кул, күл",
FY_ISIM_(I)ňkI,IңкI,,D,,FY_ISIM,,"DUSME_UNLU, DONUSUM_I","ңкы, ыңкы, иңки, уңку, үңкү",
FY_ISIM_GAn,GAн,,D,,FY_ISIM,,"DONUSUM_G, DONUSUM_A","ган, ген, гон, гөн, кан, кен, кон, көн",
FY_ISIM_GAlAk,GAлAк,,D,,FY_ISIM,,,"галак, гелек, голок, гөлөк, калак, келек, колок, көлөк",
FY_ISIM_GAk,GAк,,D,,FY_ISIM,,"DONUSUM_A, DONUSUM_G","гак, гек, гок, гөк, как, кек, кок, көк",
FY_ISIM_dAk,дAк,,D,,FY_ISIM,,DONUSUM_I,"дак, дек, док, дөк",
FY_ISIM_çük,чүк,,D,,FY_ISIM,,,чүк,
FY_ISIM_AşA,AшA,,D,,FY_ISIM,,DONUSUM_A,"аша, еше, ошо, өшө",
FY_ISIM_AsA,AсA,,D,,FY_ISIM,,DONUSUM_A,"аса, есе, осо, өсө",
FY_ISIM_AlAk,AлAк,,D,,FY_ISIM,,DONUSUM_A,"алак, елек, олок, өлөк",
FY_ISIM_AAnAk,AAнAк,,D,,FY_ISIM,,DONUSUM_A,"аанак, еенек, оонок, өөнок",
FY_ISIM_AAn,AAн,,D,,FY_ISIM,,DONUSUM_A,"аан, еен, оон, өөн",
FY_ISIM_Ak,Aк,,D,,FY_ISIM,,DONUSUM_A,"ак, ек, ок, өк",
FY_ISIM_çAk,чAк,,D,,FY_ISIM,,DONUSUM_A,"чак, чек, чок, чөк",
FY_ISIM_dI,дI,,D,,FY_ISIM,,DONUSUM_I,"ды, ди, ду, дү",
FY_ISIM_gA,гA,,D,,FY_ISIM,,DONUSUM_A,"га, ге, го, гө",
FY_ISIM_GI,GI,,D,,FY_ISIM,,"DONUSUM_G, DONUSUM_I","гы, ги, гу, гү, кы, ки, ку, кү",
FY_ISIM_GIç,GIч,,D,,FY_ISIM,,"DONUSUM_G, DONUSUM_I","гыч, гич, гуч, гүч, кыч, кич, куч, күч",
FY_ISIM_GIn,GIн,,D,,FY_ISIM,,"DONUSUM_G, DONUSUM_I","гын, гин, гун, гүн, кын, кин, кун, күн",
FY_ISIM_(I)ç,Iч,,D,,FY_ISIM,,"DONUSUM_I, DUSME_UNLU","ч, ыч, ич, уч, үч",
FY_ISIM_(I)k,Iк,,D,,FY_ISIM,,"DUSME_UNLU, DONUSUM_I","к, ык, ик, ук, үк",
FY_ISIM_(I)m,Iм,,D,,FY_ISIM,,"DUSME_UNLU, DONUSUM_I","м, ым, им, ум, үм",
FY_ISIM_mA,мA,,D,,FY_ISIM,,DONUSUM_A,"ма, ме, мо, мө",
FY_ISIM_mAk,мAк,,D,,FY_ISIM,,DONUSUM_A,"мак, мек, мок, мөк",
FY_ISIM_mIş,мIш,,D,,FY_ISIM,,DONUSUM_I,"мыш, миш, муш, мүш",
FY_FIIL_ImsIrA,IмсIрA,,D,,FY_FIIL,,"DUSME_UNLU, DONUSUM_I, DONUSUM_A","мсыра, мсире, мсура, мсүрө, ымсыра, имсире, умсура, үмсүрө ",
FY_FIIL_I,I,,D,,FY_FIIL,,DONUSUM_I,"ы, и, у, ү",
FY_FIIL_çı,чы,,D,,FY_FIIL,,,чы,
FY_FIIL_A,A,,D,,FY_FIIL,,DONUSUM_A,"а, е, о, ө",
FY_FIIL_AlA,AлA,,D,,FY_FIIL,,"DUSME_UNLU, DONUSUM_A","ала, еле, оло, өлө, ла, ле, ло, лө",
FY_ETTIRGEN_DIr,DIp,,D,,FY_FIIL,,"DONUSUM_D, DONUSUM_I, OZEL_tır","дыр, дир, дур, дүр, тыр, тир, тур, түр",
FY_SUREKLILIK_GIlA,GIлA,,D,,FY_FIIL,,"DONUSUM_G, DONUSUM_I, DONUSUM_A","гыла, гиле, гула, гүлө, кыла, киле, кула, күлө",
FY_ETTIRGEN_tAr,тAр,,D,,FY_FIIL,,DONUSUM_A,"тар, тер, тор, төр",
FY_ETTIRGEN_GIr,GIp,,D,,FY_FIIL,,"DONUSUM_G, DONUSUM_I","гыp, гиp, гуp, гүp, кыp, киp, куp, күp",
FY_ETTIRGEN_GIz,GIз,,D,,FY_FIIL,,"DONUSUM_G, DONUSUM_I","гыз, гиз, гуз, гүз, кыз, киз, куз, күз",
FY_ETTIRGEN_(I)r,Ip,,D,,FY_FIIL,,"DUSME_UNLU, DONUSUM_I","р, ыр, ир, ур, үр",
FY_ETTIRGEN_(I)z,Iз,,D,,FY_FIIL,,"DUSME_UNLU, DONUSUM_I","з, ыз, из, уз, үз",
FY_ETTIRGEN_(I)t,т,,D,,FY_FIIL,,"OZEL_ettirgen_t, DONUSUM_I","т, ыт, ит, ут, үт",
FY_EDILGEN_(I)l,Iл,,D,,FY_FIIL,,"DUSME_UNLU, DONUSUM_I","л, ыл, ил, ул, үл",
FY_DONUSLULUK_(I)n,Iн,,D,,FY_FIIL,,"DUSME_UNLU, DONUSUM_I","н, ын, ин, ун, үн",
FY_ISTES_(I)ş,Iш,,D,,FY_FIIL,,"DUSME_UNLU, DONUSUM_I","ш, ыш, иш, уш, үш",
FY_OLUMSUZLUK_BA,BA,,D,,,,"DONUSUM_B, DONUSUM_A","ба, бе, бо, бө, па, пе, по, пө, б, п",
FIILIMSI_SIFAT_AçAk,AчAк,,D,,FIILIMSI_SIFAT,,DONUSUM_A,"ачак, ечек, очок, өчөк",
FIILIMSI_SIFAT_(A)r,Aг,,D,,FIILIMSI_SIFAT,,"DUSME_UNLU, DONUSUM_A","р, ар, ер, ор, өр",
FIILIMSI_SIFAT_BAs,BAс,,D,,FIILIMSI_SIFAT,,"DONUSUM_B, DONUSUM_A","бас, бес, бос, бөс, пас, пес, пос, пөс",
FIILIMSI_SIFAT_dık,дык,,D,,FIILIMSI_SIFAT,,,дык,
FIILIMSI_SIFAT_GAn,GAн,,D,,FIILIMSI_SIFAT,,"DONUSUM_G, DONUSUM_A","ган, ген, гон, гөн, кан, кен, кон, көн",
FIILIMSI_SIFAT_GIdAy,GIдAй,,D,,FIILIMSI_SIFAT,,"DONUSUM_G, DONUSUM_A, DONUSUM_I","кыдай, кидей, кудай, күдөй, гыдай, гидей, гудай, гүдөй",
FIILIMSI_SIFAT_(YY)çU,YчU,,D,,FIILIMSI_SIFAT,,"DUSME_UNLU, DONUSUM_Y, DONUSUM_U, OZEL_YY","уучу, үүчү, оочу, өөчү, учу, үчү, очу, өчү",
FIILIMSI_SIFAT_A,A,,D,,FIILIMSI_SIFAT,,OZEL_A,"а, е, о, ө, й",
FIILIMSI_SIFAT_GIs,GIс,,D,,FIILIMSI_SIFAT,,"DONUSUM_G, DONUSUM_I","гыс, гис, гус, гүс, кыс, кис, кус, күс",
FIILIMSI_ZARF_A,A,,D,,FIILIMSI_ZARF,,"OZEL_A, EKLE_t","а, е, о, ө, й, ат, ет, от, өт, йт",
FIILIMSI_ZARF_A_elekte,A_электе,,D,,FIILIMSI_ZARF,,"OZEL_A, ALTTIRE_KALDIR","а_электе, е_электе, о_электе, ө_электе, й_электе",
FIILIMSI_ZARF_(A)rdA,AрдA,,D,,FIILIMSI_ZARF,,"DONUSUM_A, DUSME_UNLU","рда, рде, рдо, рдө, арда, ерде, ордо, өрдө",
FIILIMSI_ZARF_bAstAn,бAстAн,,D,,FIILIMSI_ZARF,,DONUSUM_A,"бастан, бестен, бостон, бөстөн",
FIILIMSI_ZARF_çUday,чUдай,,D,,FIILIMSI_ZARF,,DONUSUM_U,"чудай, чүдай",
FIILIMSI_ZARF_GAnçA,GAнчA,,D,,FIILIMSI_ZARF,,"DONUSUM_G, DONUSUM_A","ганча, генче, канча, кенче",
FIILIMSI_ZARF_GAndA,GAндA,,D,,FIILIMSI_ZARF,,"DONUSUM_G, DONUSUM_A","ганда, генде, канда, кенде",
FIILIMSI_ZARF_GAnI,GAнI,,D,,FIILIMSI_ZARF,,"DONUSUM_G, DONUSUM_A, DONUSUM_I","ганы, гени, гону, гөнү, каны, кени, кону, көнү",
FIILIMSI_ZARF_GIçA,GIчA,,D,,FIILIMSI_ZARF,,"DONUSUM_G, DONUSUM_I, DONUSUM_A","гыча, гиче, гуча, гүче, кыча, киче, куча, күче",
FIILIMSI_ZARF_mAyInçA,мAйIнчA,,D,,FIILIMSI_ZARF,,"DONUSUM_A, DONUSUM_I","майынча, мейинче, мойунча, мөйүнче",
FIILIMSI_ZARF_(I)p,Iп,,D,,FIILIMSI_ZARF,,"DUSME_UNLU, DONUSUM_I","п, ып, ип, уп, үп",
FIILIMSI_ISIM_YY,Y,,D,,FIILIMSI_ISIM,,"DONUSUM_Y, OZEL_YY","уу, үү, оо, өө",
FIILIMSI_ISIM_(I)ş,Iш,,D,,FIILIMSI_ISIM,,"DUSME_UNLU, DONUSUM_I","ш, ыш, иш, уш, үш",
FIILIMSI_ISIM_Oş,Oш,,D,,FIILIMSI_ISIM,,DONUSUM_O,"ош, өш",
KARAKTER_KESME,',,O,,,,"KESME_KALDIR, KESME_EKLE",',
FY_YARDIMCI_ele,_эле,,I,,FY_YARDIMCI,,ALTTIRE_KALDIR,_эле,
FY_YARDIMCI_elek,_элек,,I,,FY_YARDIMCI,,ALTTIRE_KALDIR,_элек,
FY_YARDIMCI_otur,_отур,,I,,FY_YARDIMCI,,ALTTIRE_KALDIR,_отур,
FY_YARDIMCI_cat,_жат,,I,,FY_YARDIMCI,,ALTTIRE_KALDIR,_жат,
FY_YARDIMCI_cür,_жүр,,I,,FY_YARDIMCI,,ALTTIRE_KALDIR,_жүр,
FY_YARDIMCI_tur,_тур,,I,,FY_YARDIMCI,,ALTTIRE_KALDIR,_тур,
FY_YARDIMCI_kel,_кел,,I,,FY_YARDIMCI,,ALTTIRE_KALDIR,_кел,
FY_YARDIMCI_keldi,_келди,,I,,FY_YARDIMCI,,ALTTIRE_KALDIR,_келди,
FY_YARDIMCI_kelet,_келет,,I,,FY_YARDIMCI,,ALTTIRE_KALDIR,_келет,
FY_YARDIMCI_eken,_экен,,I,,FY_YARDIMCI,,ALTTIRE_KALDIR,_экен,
FY_YARDIMCI_bar,_бар,,I,,FY_YARDIMCI,,ALTTIRE_KALDIR,_бар,
FY_YARDIMCI_bolçu,_болчу,,I,,FY_YARDIMCI,,ALTTIRE_KALDIR,_болчу,
FY_YARDIMCI_bolso,_болсо,,I,,FY_YARDIMCI,,ALTTIRE_KALDIR,_болсо,
FY_YARDIMCI_OLUMSUZLUK_emes,_эмес,,I,,FY_YARDIMCI,,ALTTIRE_KALDIR,_эмес,
FY_YARDIMCI_OLUMSUZLUK_cok,_жок,,I,,FY_YARDIMCI,,ALTTIRE_KALDIR,_жок,
FY_YARDIMCI_GEREKLILIK_kerek,_керек,,I,,FY_YARDIMCI_GEREKLILIK,,ALTTIRE_KALDIR,_керек,
FY_YARDIMCI_GEREKLILIK_zarıl,_зарыл,,I,,FY_YARDIMCI_GEREKLILIK,,ALTTIRE_KALDIR,_зарыл,
FY_YARDIMCI_GEREKLILIK_laazım,_лаазым,,I,,FY_YARDIMCI_GEREKLILIK,,ALTTIRE_KALDIR,_лаазым,
FY_YARDIMCI_GEREKLILIK_tiyiş,_тийиш,,I,,FY_YARDIMCI_GEREKLILIK,,ALTTIRE_KALDIR,_тийиш,