<?xml version="1.0" encoding="utf-8"?>

<morphology lang="Öz-ÖZ">

  <suffixGroups>
    <suffixGroup name="IYELIK">
      <suffix>NNI_POSS1s_(H)m</suffix>
	  <suffix>NNI_POSS1p_(H)miz</suffix>
	  <suffix>NNI_POSS2s_(H)ng</suffix>
	  <suffix>NNI_POSS2s_(H)ng</suffix>
	  <suffix>NNI_POSS2p1_(H)ngiz</suffix>
	  <suffix>NNI_POSS2p2_(H)nglär</suffix>
	  <suffix>NNI_POSS2p3_läring</suffix>
	  <suffix>NNI_POSS3s_(s)H</suffix>
	  <suffix>NNI_POSS3p_läri</suffix>
 
    </suffixGroup>
	<suffixGroup name="HAL">
	  <suffix>NNI_OBJ_ni</suffix>
	  <suffix>NNI_OBJ_n</suffix>
	  <suffix>NNI_NOM_0</suffix>
	  <suffix>NNI_GEN_ning</suffix>
	  <suffix>NNI_DAT_GA</suffix>
	  <suffix>NNI_DAT3_ngä</suffix>
	  <suffix>NNI_LOC_dä</suffix>
	  <suffix>NNI_LOC3_ndä</suffix>
	  <suffix>NNI_ABL_dän</suffix>
	  <suffix>NNI_ABL3_dän</suffix>
	  <suffix>NNI_INC_0bilän</suffix>

	</suffixGroup>
	
	<suffixGroup name="QUE" >
      <suffix>QUE_mi</suffix>

	</suffixGroup>	
	
	<suffixGroup name="AITLIK" >
      <suffix>NNI_REL1_gi</suffix>
	  <suffix>NNI_REL2_Qi</suffix>
	  <suffix>NNI_REL3_niki</suffix>
	</suffixGroup>	
	
	<!-- İSİMDEN İSİM YAPAN EK -->	
	<suffixGroup name="NND" >
      <suffix>NND_ä</suffix>
	  <suffix>NND_çä</suffix>
	  <suffix>NND_çi</suffix>
	  <suffix>NND_çHQ</suffix>
	  <suffix>NND_çAQ</suffix>
	  <suffix>NND_çAN</suffix>
	  <suffix>NND_cån</suffix>
	  <suffix>NND_AQ</suffix> 
	  <suffix>NND_dåş</suffix>
	  <suffix>NND_GHnä</suffix> 
	  <suffix>NND_låq</suffix>
	  <suffix>NND_DHq</suffix>
	  <suffix>NND_Ga</suffix>
	  <suffix>NND_qur</suffix>	  
	  <suffix>NND_lHQ</suffix>
	  <suffix>NND_mån</suffix>
	  <suffix>NND_tåy</suffix>
	  <suffix>NND_dån</suffix>
	  <suffix>NND_DHrHQ</suffix>
	  <suffix>NND_(H)n</suffix>
	  <suffix>NND_måç</suffix>
	  <suffix>NND_(H)ldåq</suffix>
	  <suffix>NND_låv</suffix>
	  <suffix>NND_zår</suffix>
	  <suffix>NND_(H)stån</suffix>
	  <suffix>NND_xånä</suffix>
	  <suffix>NND_gåh</suffix>
	  <suffix>NND_ik</suffix>
	  <suffix>NND_iyon</suffix>
	  <suffix>NND_älä</suffix>
	  <suffix>NND_åv</suffix>
	  <suffix>NND_xån</suffix>
	  <suffix>NND_åy</suffix>
	  <suffix>NND_åt</suffix>
	  <suffix>NND_iy</suffix>
	  <suffix>NND_åniy</suffix>
	  <suffix>NND_dår</suffix>
	  <suffix>NND_al</suffix>	  

	</suffixGroup>
	<!-- İSİMDEN FİİL YAPAN EK -->		

	<suffixGroup name="VND" >
      <suffix>VND_ä</suffix>
	  <suffix>VND_lä</suffix>
	  <suffix>VND_(A)r</suffix>
	  <suffix>VND_(A)y</suffix>
	  <suffix>VND_dä</suffix>
	  <suffix>VND_GA</suffix>
	  <suffix>VND_GAr</suffix>
	  <suffix>VND_ĠH</suffix>
	  <suffix>VND_i</suffix>
	  <suffix>VND_(H)Q</suffix>
	  <suffix>VND_QHr</suffix>
	  <suffix>VND_QHrA</suffix>
	  <suffix>VND_lä</suffix>
	  <suffix>VND_län</suffix>
	  <suffix>VND_läş</suffix>
	  <suffix>VND_lät</suffix>
	  <suffix>VND_(H)r</suffix>
	  <suffix>VND_rä</suffix>
	  <suffix>VND_sä</suffix>
	  <suffix>VND_si</suffix>
	  <suffix>VND_sin</suffix>
	  <suffix>VND_sit</suffix>
	  <suffix>VND_sirä</suffix>
	  <suffix>VND_şä</suffix>
	  <suffix>VND_şi</suffix>
	  
	</suffixGroup>
	
	
	<!-- SIFATTAN İSİM YAPAN EK -->	
	<suffixGroup name="NJD" >
      <suffix>NJD_çä</suffix>
      <suffix>NJD_çHQ</suffix>
      <suffix>NJD_lHQ</suffix>
	</suffixGroup>
<!-- İSİMDEN SIFAT YAPAN EK -->	
	<suffixGroup name="JND">
      <suffix>JND_çil</suffix>
      <suffix>JND_li</suffix>
      <suffix>JND_lHQ</suffix>
      <suffix>JND_simån</suffix>
      <suffix>JND_siz</suffix>
      <suffix>JND_tä</suffix>
      <suffix>JND_(v)iy</suffix>
      <suffix>JND_äki</suffix>
      <suffix>JND_iv</suffix>
      <suffix>JND_al</suffix>
      <suffix>JND_ser</suffix>
      <suffix>JND_bA</suffix>
      <suffix>JND_nå</suffix>
      <suffix>JND_be</suffix> 
	</suffixGroup>	
<!-- SIFATTAN SIFAT YAPAN EK -->		
	<suffixGroup name="JJD" >
      <suffix>JJD_çä</suffix>
      <suffix>JJD_GHnä</suffix> 
      <suffix>JJD_(H)mtir</suffix>
      <suffix>JJD_råq</suffix>
      <suffix>JJD_iş</suffix>
      <suffix>JJD_ġış</suffix>
	</suffixGroup>
<!-- ZARF YAPAN EKLER -->	
	<suffixGroup name="AND">
      <suffix>АND_GH</suffix>
      <suffix>АND_ånä</suffix>	
	</suffixGroup>
	<suffixGroup name="AJD">
      <suffix>AJD_(n)çä</suffix>
      <suffix>AJD_lärçä</suffix>
      <suffix>AJD_çäsigä</suffix>
      <suffix>AJD_(ä/s)igä</suffix>
      <suffix>AJD_(n)gäçä</suffix>
      <suffix>AJD_simån</suffix>
	</suffixGroup>
	<suffixGroup name="AAD">
      <suffix>AAD_(n)day</suffix>
      <suffix>AAD_(n)Dag</suffix>
      <suffix>AAD_(n)dAQA</suffix>	
	</suffixGroup>
	<!-- FİİLLERDEN ISIM YAPAN EKLER -->
	<suffixGroup name="NVD">
      <suffix>NVD_(A)Q</suffix>
      <suffix>NVD_(H)v</suffix>
      <suffix>NVD_(H)nç</suffix>
      <suffix>NVD_nç</suffix>
      <suffix>NVD_çHq</suffix>
      <suffix>NVD_dÅQ</suffix>
      <suffix>NVD_dHQ</suffix>
      <suffix>NVD_GH</suffix>
      <suffix>NVD_GHç</suffix>
      <suffix>NVD_GHn</suffix>
      <suffix>NVD_(J)Q</suffix>
      <suffix>NVD_(ĠH)nDH</suffix>
      <suffix>NVD_(J)m</suffix>
      <suffix>NVD_mä</suffix>
      <suffix>NVD_måq</suffix>
      <suffix>NVD_(H)n</suffix>
      <suffix>NVD_(H)ş</suffix>
      <suffix>NVD_uş</suffix>
      <suffix>NVD_mHr</suffix>
      <suffix>NVD_mHş</suffix>
      <suffix>NVD_(ån)ġHç</suffix>	
	</suffixGroup>
	<!-- FİİLLERDEN SIFAT YAPAN EKLER -->
	<suffixGroup name="JVD">	
      <suffix>JVD_(A)Q</suffix>
      <suffix>JVD_çÅQ</suffix>
      <suffix>JVD_GJr</suffix>
      <suffix>JVD_äġån</suffix>
      <suffix>JVD_äsi</suffix>
      <suffix>JVD_(H)Nç</suffix>
      <suffix>JVD_çÅQ</suffix>
      <suffix>JVD_QÅQ</suffix>
      <suffix>JVD_çHQ</suffix>
      <suffix>JVD_GAn</suffix>
      <suffix>JVD_(J)r</suffix>
      <suffix>JVD_mäs</suffix>
      <suffix>JVD_GUsi</suffix>
      <suffix>JVD_(a/y)digän</suffix>
      <suffix>JVD_miş</suffix>
      <suffix>JVD_(y)äcäk</suffix>
	</suffixGroup>
	
	<!-- ÇATI EKLERİ -->
	<suffixGroup name="CATI">	
      <suffix>X_(H)n</suffix>
      <suffix>PASSL_(H)l</suffix>
      <suffix>PASSN_(H)n</suffix>
      <suffix>RECP_(H)ş</suffix>
      <suffix>CAUSR_(J)r</suffix>
      <suffix>CAUSDAR_Där</suffix>
      <suffix>CAUSDIR_DHr</suffix>
      <suffix>CAUSG‘IZ_GHz</suffix>
      <suffix>CAUSG‘AZ_GAz</suffix>
      <suffix>CAUSQAR_GJr</suffix>
      <suffix>CAUSSAT_sät</suffix>
      <suffix>CAUST_t</suffix>
      <suffix>CAUSIZ _Hz</suffix>
	</suffixGroup>

	<!-- SAHIS1.TİP -->
	<suffixGroup name="SAHIS1.tip" >
      <suffix>PERS1s1_män</suffix>
      <suffix>PERS1s2_m</suffix>
      <suffix>PERS1p1_miz</suffix>
      <suffix>PERS1p2_k</suffix>
      <suffix>PERS2s1_sän</suffix>
      <suffix>PERS2s2_ng</suffix>
      <suffix>PERS2p1_siz</suffix>
      <suffix>PERS2p1_sizlär</suffix>
      <suffix>PERS2p2_ngiz</suffix>
      <suffix>PERS2p2_ngizlär</suffix>
      <suffix>PERS2p2_nglar</suffix>
      <suffix>PERS2p2_laring</suffix>
      <suffix>PERS2p2_laringiz</suffix>
      <suffix>PERS3s1and2_0</suffix>  
      <suffix>PERS3s1_di</suffix>
      <suffix>PERS3s1_TPROG_(A)yapti</suffix>
      <suffix>PERS3p1 _di(lär)</suffix>
	  <suffix>PERS3p1and2_(i)ş</suffix>
	  
	</suffixGroup>

	<suffixGroup name="bugfixtest" >
      <suffix>PERS1s1_män</suffix>
     
      <suffix>PERS1p1_miz</suffix>
      <suffix>PERS1p2_k</suffix>
      <suffix>PERS2s1_sän</suffix>
      <suffix>PERS2s2_ng</suffix>
      <suffix>PERS2p1_siz</suffix>
      <suffix>PERS2p1_sizlär</suffix>
      <suffix>PERS2p2_ngiz</suffix>
      <suffix>PERS2p2_ngizlär</suffix>
      <suffix>PERS2p2_nglar</suffix>
      <suffix>PERS2p2_laring</suffix>
      <suffix>PERS2p2_laringiz</suffix>
      <suffix>PERS3s1and2_0</suffix>  
      <suffix>PERS3s1_di</suffix>
      <suffix>PERS3s1_TPROG_(A)yapti</suffix>
      <suffix>PERS3p1 _di(lär)</suffix>
	  <suffix>PERS3p1and2_(i)ş</suffix>
	  
	</suffixGroup>
	
	<!-- SAHIS2.TİP -->
	<suffixGroup name="SAHIS2.tip" >
      <suffix>PERS1s2_m</suffix>
      <suffix>PERS1p2_k</suffix>
      <suffix>PERS2s2_ng</suffix>
      <suffix>PERS2p2_ngiz</suffix>
      <suffix>PERS2p2_ngizlär</suffix>
      <suffix>PERS2p2_nglar</suffix>
      <suffix>PERS2p2_laring</suffix>
      <suffix>PERS2p2_laringiz</suffix>
      <suffix>PERS3s1and2_0</suffix>  
	  <suffix>PERS3p2_lär</suffix>
	  <suffix>PERS3p1and2_(i)ş</suffix>
	  
	</suffixGroup>	
	<!-- BILDIRME_EKI -->
	<suffixGroup name="VVI_dir" >
      <suffix>VVI_dir</suffix>
	</suffixGroup>	
	<suffixGroup name="SAHIS2.tip" >
      <suffix>PERS1s2_m</suffix>
      <suffix>PERS1p2_k</suffix>
      <suffix>PERS2s2_ng</suffix>
      <suffix>PERS2p2_ngiz</suffix>
      <suffix>PERS2p2_ngizlär</suffix>
      <suffix>PERS2p2_nglar</suffix>
      <suffix>PERS2p2_laring</suffix>
      <suffix>PERS2p2_laringiz</suffix>
      <suffix>PERS3s1and2_0</suffix>  
	  <suffix>PERS3p2_lär</suffix>
	  <suffix>PERS3p1and2_(i)ş</suffix>
	  
	</suffixGroup>

	
	<!-- OLUMSUZLUK -->
	<suffixGroup name="NEG" >
      <suffix>NEG_ma</suffix>
      <suffix>XNEGE_0emäs</suffix>
      <suffix>XNEGY_ 0yoq</suffix>
	</suffixGroup>	
	
	<!-- EMIR KIPININ EKLERI -->
	<suffixGroup name="EMIR" >
      <suffix>IMPAY1s1_(a)y</suffix>
      <suffix>IMPAYN1s2_(a)yin</suffix>
      <suffix>IMPAYLK1p_(A)ylik</suffix>
      <suffix>IMP02s1_0</suffix>
      <suffix>IMPGN2s1_GHn</suffix>
	  <suffix>IMPNG2p1_(i)ng</suffix>
	  <suffix>IMPNGZ2p1_(i)ngiz</suffix>
	  <suffix>IMPSN3s_sin</suffix>
	  <suffix>IMPSN3s_sinlär</suffix>
	</suffixGroup>

	<!-- BILDIRME KIPLERI (ZAMAN ÇEKİMLERİ) -->	
	<suffixGroup name="BLD_KIP" >	
      <suffix>TAORSA_(A)r</suffix>
	  <suffix>TPROGAYAP_(A)yäp</suffix>
      <suffix>TPROGAYATIB_(A)yåtib</suffix>
      <suffix>TPROGAYATIR_(A)yåtir</suffix>
      <suffix>TPROGMOQDA_måqdä</suffix>
      <suffix>PROGIB1_(H)b 0turib</suffix>
	  <suffix>PROGIB2_(H)b 0yåtib</suffix>
	  <suffix>PROGIB3_(H)b 0otirib</suffix>
	  <suffix>PROGIB4_(H)b 0yürib</suffix>
	  <suffix>TPASTD_di</suffix>
	  <suffix>TPASTG_GAn</suffix>
	  <suffix>XPASTM_miş</suffix>
	  <suffix>TPASTNARR_(H)b</suffix>
	  <suffix>TFUTRAY_(A)y</suffix>
	  <suffix>TFUTRAJAK_(y)äcäk</suffix>
	  
	</suffixGroup>
	<!-- TASARLAMA KIPLERI  -->	
	<suffixGroup name="TSR_KIP" >
      <suffix>XCOND_sä</suffix>
      <suffix>TOPTAMÇ_måqçi</suffix>
      <suffix>TOPTAGY_GАy</suffix>
      <suffix>TOPTAGI_GI+si+0bar</suffix>
	  <suffix>TOPTAGI_GI+si+ 0yoq</suffix>
	  <suffix>TOPTAGI1_GI+si+0kel</suffix>
	  <suffix>TNECEŞ_(I)ş+i+0keräk</suffix>
	  <suffix>TNECEŞ_(I)ş+i+0låzım</suffix>
	  <suffix>TNECEŞ_(I)ş+i+0zärür</suffix>
	  <suffix>TNECEMQ_måq+0keräk</suffix>
	  <suffix>TNECEMQ_måq+0låzım</suffix>
	  <suffix>TNECEV_(u)v+0keräk</suffix>
	  <suffix>TNECEV_(u)v+0låzim</suffix>
	  <suffix>TNECEV_(u)v+0zårur</suffix>
	  <suffix>XCONDB1_0bolsä</suffix>
	  <suffix>XCONDB2_0bolsä</suffix>
	  
	<!-- HIKAYE ÇEKIMI EKLERI VE KALIPLARI  -->		  
	</suffixGroup>	
	<suffixGroup name="HIKAYE">
      <suffix>XDUBTE1_0edi</suffix>
      <suffix>XDUBTE2_0edi</suffix>	  
	  <suffix>XPAST_sa 0edi</suffix>
	</suffixGroup>
	<!-- RIVAYET ÇEKIMI EKLERI VE KALIPLARI -->		
	<suffixGroup name="RIVAYET">
      <suffix>XPASTEK1_0ekän</suffix>
      <suffix>XPASTEK2_0ekän</suffix>	  
	  <suffix>XPASTEM4_0emiş</suffix>
	  <suffix>XDUBT_miş</suffix>  
	</suffixGroup>
	<!-- TASVIR FIILERININ EKLERI VE KALIPLARI  -->
	<suffixGroup name="TSVR_FIIL">
      <suffix>TAYAL_(A)y ål</suffix>
      <suffix>XPASTEK2_0ekän</suffix>	  
	  <suffix>XPASTEM4_0emiş</suffix>
	  <suffix>XDUBT_miş</suffix>
	  <suffix>TAYALMA_(A)y ålmä</suffix>
	  <suffix>TAYBİL_(A)y bil</suffix>
	  <suffix>BYUBOR_(H)b 0yubår</suffix>
	  <suffix>TTASHLA_(H)b 0täşlä</suffix>
	  <suffix>TAVER_äver</suffix>
	  <suffix>TIBOTUR_(H)b 0o‘tir</suffix>
	  <suffix>TIBTUR_(H)b 0tur</suffix>
	  <suffix>AYOZ_Аyåz</suffix>
	  <suffix>AQAL_А qål/aqål</suffix>
	</suffixGroup>



	
	</suffixGroups>

  <graph>
	<source id="ISIM">
		<targetGroup id="NEG">
		</targetGroup>		
	<!--	<targetGroup id= "SAHIS1.tip" />	-->	
	<targetGroup id="bugfixtest"/>
		<targetGroup id="NND">
		</targetGroup>		
		<targetGroup id="NJD">
		</targetGroup>
		<targetGroup id="JND">
		</targetGroup>
		<targetGroup id="АND">
		</targetGroup>
		<targetGroup id="VND">
		</targetGroup>
		<target id="NNI_PLU_lär" />
		<targetGroup id= "IYELIK" />
		<targetGroup id="HAL">
		</targetGroup>
		<targetGroup id="QUE">
		</targetGroup>
		<targetGroup id="AITLIK">
		</targetGroup>
		<target id="VVI_dir" />

	</source>
	<source id="SIFAT">
		<targetGroup id="NEG">
		</targetGroup>
		<targetGroup id= "SAHIS1.tip" />		
		<targetGroup id="NJD">
		</targetGroup> 
		<targetGroup id="JJD">
		</targetGroup>
		<targetGroup id="VND">
		</targetGroup>		
		<target id="NNI_PLU_lär" />
		<targetGroup id= "IYELIK" />
		<targetGroup id="HAL">
		</targetGroup>
		<targetGroup id="QUE">
		</targetGroup>
		<targetGroup id="AITLIK">
		</targetGroup>
		<target id="VVI_dir" />			
	</source>
	
	<source id="ZARF">
		<targetGroup id="NEG">
		</targetGroup>
		<targetGroup id= "SAHIS1.tip" />		
		<targetGroup id="AJD">
		</targetGroup>
		<targetGroup id="AAD">
		</targetGroup>
		<targetGroup id="NND">
		</targetGroup>		
		<target id="NNI_PLU_lär" />
		<targetGroup id= "IYELIK" />
		<targetGroup id="HAL">
		</targetGroup>
		<targetGroup id="QUE">
		</targetGroup>
		<targetGroup id="AITLIK">
		</targetGroup>
		<target id="VVI_dir" />			
	</source>
	<source id="ZAMIR_SAHIS">
		<targetGroup id="NEG">
		</targetGroup>
		<targetGroup id= "SAHIS1.tip" />		
		<targetGroup id="AJD">
		</targetGroup>
		<targetGroup id="AAD">
		</targetGroup>
		<target id="NNI_PLU_lär" />
		<targetGroup id= "IYELIK" />
		<targetGroup id="HAL">
		</targetGroup>
		<targetGroup id="QUE">
		</targetGroup>
		<targetGroup id="AITLIK">
		</targetGroup>
		<target id="VVI_dir" />			
	</source>
	<source id="SAYI">
		<targetGroup id="NEG">
		</targetGroup>
		<targetGroup id= "SAHIS1.tip" />		
		<targetGroup id="AJD">
		</targetGroup>
		<targetGroup id="AAD">
		</targetGroup>
		<target id="NNI_PLU_lär" />
		<targetGroup id= "IYELIK" />
		<targetGroup id="HAL">
		</targetGroup>
		<targetGroup id="QUE">
		</targetGroup>
		<targetGroup id="AITLIK">
		</targetGroup>
		<target id="VVI_dir" />	
	</source>

	<!-- EDATLAR -->
	<source id="EDAT_OLUMSUZLUK" >
		<target id="NNI_PLU_lär" />
		<targetGroup id= "IYELIK" />
		<targetGroup id="HAL">
		</targetGroup>
		<targetGroup id="QUE">
		</targetGroup>  
	</source>
	
	<source id="EDAT_CEKIM" >
		<target id="NNI_PLU_lär" />
		<targetGroup id= "IYELIK" />
		<targetGroup id="HAL">
		</targetGroup>
		<targetGroup id="QUE">
		</targetGroup>  
	</source>	
	<source id="EDAT_CEKIM_BAGLAMA" >
		<target id="NNI_PLU_lär" />
		<targetGroup id= "IYELIK" />
		<targetGroup id="HAL">
		</targetGroup>
		<targetGroup id="QUE">
		</targetGroup>  
	</source>

    <source id="NNI_PLU_lär">
      <targetGroup id="IYELIK" />
      <targetGroup id="HAL"></targetGroup>
	  <targetGroup id="QUE"></targetGroup>
	  <targetGroup id="AITLIK"></targetGroup>
		<target id="VVI_dir" />	
	<target id="XDUBT_miş"></target>		  
    </source>
	<source id= "SAHIS1.tip" />
	<source id="NEG_ma"></source>
	<source id="XNEGE_0emäs">
		<target id="VVI_dir" />		
	</source>
	<source id="XNEGY_ 0yoq">
		<target id="VVI_dir" />		
	</source>
	
	<source id="FIIL">
		<targetGroup id="EMIR">
		</targetGroup>
		<targetGroup id="NVD">
		</targetGroup>
		<targetGroup id="JVD">
		</targetGroup>
		<targetGroup id="VVD">
		</targetGroup>
		<targetGroup id="CATI">
		</targetGroup>
		<targetGroup id="I-FIIL">
		</targetGroup>
		<targetGroup id="BLD_KIP">
		</targetGroup>
		<targetGroup id="TSR_KIP">
		</targetGroup>
		<targetGroup id="HIKAYE">
		</targetGroup>
		<targetGroup id="RIVAYET">
		</targetGroup>
		<targetGroup id="TSVR_FIIL">
		</targetGroup>
		<targetGroup id="NEG">
		</targetGroup>
		<targetGroup id="QUE">
		</targetGroup>
	</source>
	
	<source id="EMIR">
		<targetGroup id="QUE" />

	</source>
	
	<source id="BLD_KIP">
		<targetGroup id="SAHIS1.tip"></targetGroup>
		<targetGroup id="SAHIS2.tip" />
		<targetGroup id="SAHIS1.,2.tip" />
		
	</source>
	<source id="HIKAYE">
		<targetGroup id="SAHIS2.tip" />
		<targetGroup id="SAHIS1.,2.tip" />	
	</source>
	
	<source id="XDUBTE1_0edi">
		<targetGroup id="SAHIS1.tip" />
		<targetGroup id="QUE">
		</targetGroup>	
	</source>
	<source id="XDUBTE2_0edi">
		<targetGroup id="SAHIS1.tip" />
		<targetGroup id="QUE">
		</targetGroup>	
	</source>	
	<source id="XPAST_sa 0edi">
		<targetGroup id="SAHIS1.tip" />
		<targetGroup id="QUE">
		</targetGroup>	
	</source>
	
	<!-- RIVAYET ÇEKIMI EKLERI VE KALIPLARI GRAPHI-->
	<source id="XPASTEK1_0ekän">
		<targetGroup id="SAHIS1.tip" />
		<targetGroup id="QUE">
		</targetGroup>
	</source>
	<source id="XPASTEM3_0emiş">
		<targetGroup id="SAHIS1.tip" />
		<targetGroup id="QUE">
		</targetGroup>
	</source>	
	<source id="XPASTEM4_0emiş">
		<targetGroup id="SAHIS1.tip" />
		<targetGroup id="QUE">
		</targetGroup>
	</source>
	<source id="XDUBT_miş">
	<target id="NNI_PLU_lär"></target>	
		<targetGroup id="SAHIS1.tip" />
		<targetGroup id="QUE">
		</targetGroup>
	</source>
	<!-- TASVIR FIILERININ GRAPHI  -->
	<source id="TAYAL_(A)y ål">
		<targetGroup id="SAHIS2.tip" />
		<targetGroup id="QUE">
		</targetGroup>
	</source>	
	<source id="TAYALMA_(A)y ålmä">
		<targetGroup id="SAHIS2.tip" />
		<targetGroup id="QUE">
		</targetGroup>
	</source>
	<source id="TAYBİL_(A)y bil">
		<targetGroup id="SAHIS2.tip" />
		<targetGroup id="QUE">
		</targetGroup>
	</source>
	<source id="BYUBOR_(H)b 0yubår">
		<targetGroup id="SAHIS2.tip" />
		<targetGroup id="QUE">
		</targetGroup>
	</source>
	<source id="TTASHLA_(H)b 0täşlä">
		<targetGroup id="SAHIS2.tip" />
		<targetGroup id="QUE">
		</targetGroup>
	</source>
	<source id="TAVER_äver">
		<targetGroup id="SAHIS2.tip" />
		<targetGroup id="QUE">
		</targetGroup>
	</source>
	<source id="TIBOTUR_(H)b 0o‘tir">
		<targetGroup id="SAHIS2.tip" />
		<targetGroup id="QUE">
		</targetGroup>
	</source>
	<source id="TIBTUR_(H)b 0tur">
		<targetGroup id="SAHIS2.tip" />
		<targetGroup id="QUE">
		</targetGroup>
	</source>
	<source id="AYOZ_Аyåz">
		<targetGroup id="SAHIS2.tip" />
		<targetGroup id="QUE">
		</targetGroup>
	</source>
	<source id="AQAL_А qål/aqål">
		<targetGroup id="SAHIS2.tip" />
		<targetGroup id="QUE">
		</targetGroup>
	</source>



	
	<!-- TASARLAMA KIPLERININ GRAPHI  -->	
	<source id="XCOND_sä">
		<targetGroup id="SAHIS2.tip" />
		<targetGroup id="QUE">
		</targetGroup>
	</source>
	<source id="TOPTAMÇ_måqçi">
		<targetGroup id="SAHIS1.tip" />
		<targetGroup id="QUE">
		</targetGroup>
	</source>
	<source id="TOPTAGY_GАy">
		<targetGroup id="SAHIS1.tip" />
		<targetGroup id="QUE">
		</targetGroup>
	</source>
	<source id="TOPTAGI_GI+si+0bar">
		<targetGroup id="QUE">
		</targetGroup>	
	</source>
	<source id="TOPTAGI_GI+si+ 0yoq">
		<targetGroup id="QUE">
		</targetGroup>	
	</source>
	<source id="TOPTAGI1_GI+si+0kel">
		<targetGroup id="QUE">
		</targetGroup>	
	</source>
	<source id="TNECEŞ_(I)ş+i+0keräk">
		<targetGroup id="QUE">
		</targetGroup>	
	</source>
	<source id="TNECEŞ_(I)ş+i+0låzım">
		<targetGroup id="QUE">
		</targetGroup>	
	</source>
	<source id="TNECEŞ_(I)ş+i+0zärür">
		<targetGroup id="QUE">
		</targetGroup>	
	</source>
	<source id="TNECEMQ_måq+0keräk">
		<targetGroup id="QUE">
		</targetGroup>	
	</source>
	<source id="TNECEMQ_måq+0låzım">
		<targetGroup id="QUE">
		</targetGroup>	
	</source>
	<source id="TNECEV_(u)v+0keräk">
		<targetGroup id="QUE">
		</targetGroup>	
	</source>
	<source id="TNECEV_(u)v+0låzim">
		<targetGroup id="QUE">
		</targetGroup>	
	</source>
	<source id="TNECEV_(u)v+0zårur">
		<targetGroup id="QUE">
		</targetGroup>	
	</source>
	<source id="XCONDB1_0bolsä">
		<targetGroup id="QUE">
		</targetGroup>	
	</source>
	<source id="XCONDB2_0bolsä">
		<targetGroup id="QUE">
		</targetGroup>	
	</source>	


	
	
	  	<!-- EMIR KIPI EKLERININ GRAPHI -->
	<source id="IMPAY1s1_(a)y"></source>
	<source id="IMPAYN1s2_(a)yin"></source>
	<source id="IMPAYLK1p_(A)ylik"></source>
	<source id="IMP02s1_0"></source>
	<source id="IMPGN2s1_GHn"></source>
	<source id="IMPNG2p1_(i)ng"></source>
	<source id="IMPNGZ2p1_(i)ngiz"></source>
	<source id="IMPSN3s_sin"></source>
	<source id="IMPSN3s_sinlär"></source>
	
!-- BILDIRME KIPLERI (ZAMAN ÇEKİMLERİ) GRAPHI--> 
	<source id="TAORSA_(A)r">
		<targetGroup id="SAHIS1.tip" />	
		<targetGroup id="QUE">
		</targetGroup>	
	</source>

	<source id="TPROGAYAP_(A)yäp">
		<targetGroup id="SAHIS1.tip" />	
		<targetGroup id="QUE">
		</targetGroup>	
	</source>
	
	<source id="TPROGAYATIB_(A)yåtib">
		<targetGroup id= "SAHIS1.tip" />
		<targetGroup id="QUE">
		</targetGroup>
	</source>
	
	<source id="TPROGAYATIR_(A)yåtir">
		<targetGroup id="SAHIS1.tip" />
		<targetGroup id="QUE">
		</targetGroup>		
	</source>
	
	<source id="TPROGMOQDA_måqdä">
		<targetGroup id="SAHIS1.tip" />	
		<targetGroup id="QUE">
		</targetGroup>		
	</source>
	
	<source id="PROGIB1_(H)b 0turib">
		<targetGroup id= "SAHIS1.tip" />
		<targetGroup id="QUE">
		</targetGroup>		
	</source>
	
	<source id="PROGIB2_(H)b 0yåtib">
		<targetGroup id="SAHIS1.tip" />
		<targetGroup id="QUE">
		</targetGroup>			
	</source>
	
	<source id="PROGIB3_(H)b 0otirib">
		<targetGroup id="SAHIS1.tip" />
		<targetGroup id="QUE">
		</targetGroup>			
	</source>
	
	<source id="PROGIB4_(H)b 0yürib">
	<target id="NNI_PLU_lär"></target>	
		<targetGroup id="SAHIS1.tip" />	
		<targetGroup id="QUE">
		</targetGroup>
	</source>
	
	<source id="TPASTD_di">
	<target id="NNI_PLU_lär"></target>	
		<targetGroup id="SAHIS2.tip" />
		<targetGroup id="QUE">
		</targetGroup>	
	</source>
	<source id="TPASTG_GAn">
	<target id="NNI_PLU_lär"></target>
	<target id="XDUBT_miş"></target>	
			<targetGroup id="SAHIS1.tip" />
		<targetGroup id="QUE">
		</targetGroup>		
	</source>
	<source id="XPASTM_miş">
		<targetGroup id= "SAHIS1.tip" />
		<targetGroup id="QUE">
		</targetGroup>			
	</source>
	
	<source id="TPASTNARR_(H)b">
	<target id="NNI_PLU_lär"></target>
	<target id="XDUBT_miş"></target>	
		<target id="TPASTD_di"></target>
		<targetGroup id= "SAHIS1.tip" />
		<targetGroup id="QUE">
		</targetGroup>
	</source>
	
	<source id="TFUTRAY_(A)y">
		<targetGroup id= "SAHIS1.tip" />
		<targetGroup id="QUE">
		</targetGroup>			
	</source>
	
	
	<source id="TFUTRAJAK_(y)äcäk">
	<target id="NNI_PLU_lär"></target>	
	<target id="XDUBT_miş"></target>
		<targetGroup id= "SAHIS1.tip" />
		<targetGroup id="QUE">
		</targetGroup>			
	</source>	
	
    <source id="CATI">
		<targetGroup id="NVD">
		</targetGroup>
		<targetGroup id="JVD">
		</targetGroup>
		<targetGroup id="VVD">
		</targetGroup>
		<targetGroup id="CATI">
		</targetGroup>
		<targetGroup id="I-FIIL">
		</targetGroup>
		<targetGroup id= "SAHIS1.tip" />
		<targetGroup id= "SAHIS2.tip" />
		<targetGroup id="NEG">
		</targetGroup>
		<targetGroup id="QUE">
		</targetGroup>	  
    </source>
	
    <source id="NVD">
      <targetGroup id="IYELIK" />
      <targetGroup id="HAL"></targetGroup>
	  <targetGroup id="QUE"></targetGroup>
	  <targetGroup id="AITLIK"></targetGroup>
	  
    </source>
	
	<!-- ÇATI EKLERININ GRAPHI -->
	<source id="X_(H)n"></source>
	<source id="PASSL_(H)l">
	  <targetGroup id="NVD"></targetGroup>
	  <targetGroup id="JVD"></targetGroup>
		<targetGroup id="CATI"></targetGroup>
		<targetGroup id="BLD_KIP"></targetGroup>		
	</source>
	<source id="PASSN_(H)n"></source>
	<source id="RECP_(H)ş">
		<targetGroup id="BLD_KIP"></targetGroup>
	</source>
	<source id="CAUSR_(J)r"></source>
	<source id="CAUSDAR_Där"></source>
	<source id="CAUSDIR_DHr"></source>
	<source id="CAUSG‘IZ_GHz"></source>
	<source id="CAUSG‘AZ_GAz"></source>
	<source id="CAUSQAR_GJr"></source>
	<source id="CAUSSAT_sät"></source>
	<source id="CAUST_t">
	  <targetGroup id="JVD"></targetGroup>
		<target id="RECP_(H)ş"></target>
		<targetGroup id="EMIR"></targetGroup>
		<targetGroup id="BLD_KIP"></targetGroup>
		<target id="PASSL_(H)l"></target>
		
	</source>
	<source id="CAUSIZ _Hz"></source>
	
	<!-- FIILDEN ISIM YAPAN EKLERIN GRAPHI -->
	<source id="NVD_(A)Q">
      <targetGroup id="IYELIK" />
      <targetGroup id="HAL"></targetGroup>
	  <targetGroup id="QUE"></targetGroup>
	  <targetGroup id="AITLIK"></targetGroup>
	  <target id="NNI_PLU_lär"></target> 	
	</source>
	<source id="NVD_(H)v">
      <targetGroup id="IYELIK" />
      <targetGroup id="HAL"></targetGroup>
	  <targetGroup id="QUE"></targetGroup>
	  <targetGroup id="AITLIK"></targetGroup>
	  <target id="NNI_PLU_lär"></target>	
	</source>
	<source id="NVD_(H)nç">
      <targetGroup id="IYELIK" />
      <targetGroup id="HAL"></targetGroup>
	  <targetGroup id="QUE"></targetGroup>
	  <targetGroup id="AITLIK"></targetGroup>
	  <target id="NNI_PLU_lär"></target>	
	</source>
	<source id="NVD_nç">
      <targetGroup id="IYELIK" />
      <targetGroup id="HAL"></targetGroup>
	  <targetGroup id="QUE"></targetGroup>
	  <targetGroup id="AITLIK"></targetGroup>
	  <target id="NNI_PLU_lär"></target>	
	</source>
	<source id="JVD_(H)nç">
      <targetGroup id="IYELIK" />
      <targetGroup id="HAL"></targetGroup>
	  <targetGroup id="QUE"></targetGroup>
	  <targetGroup id="AITLIK"></targetGroup>
	  <target id="NNI_PLU_lär"></target>	
	</source>	
	<source id="NVD_çHq">
      <targetGroup id="IYELIK" />
      <targetGroup id="HAL"></targetGroup>
	  <targetGroup id="QUE"></targetGroup>
	  <targetGroup id="AITLIK"></targetGroup>
	  <target id="NNI_PLU_lär"></target>	
	</source>
	<source id="NVD_dÅQ">
      <targetGroup id="IYELIK" />
      <targetGroup id="HAL"></targetGroup>
	  <targetGroup id="QUE"></targetGroup>
	  <targetGroup id="AITLIK"></targetGroup>
	  <target id="NNI_PLU_lär"></target>	
	</source>
	<source id="NVD_dHQ">
      <targetGroup id="IYELIK" />
      <targetGroup id="HAL"></targetGroup>
	  <targetGroup id="QUE"></targetGroup>
	  <targetGroup id="AITLIK"></targetGroup>
	  <target id="NNI_PLU_lär"></target>	
	</source>
	<source id="NVD_GH">
      <targetGroup id="IYELIK" />
      <targetGroup id="HAL"></targetGroup>
	  <targetGroup id="QUE"></targetGroup>
	  <targetGroup id="AITLIK"></targetGroup>
	  <target id="NNI_PLU_lär"></target>	
	</source>
	<source id="NVD_GHç"></source>
	<source id="NVD_GHn">
      <targetGroup id="IYELIK" />
      <targetGroup id="HAL"></targetGroup>
	  <targetGroup id="QUE"></targetGroup>
	  <targetGroup id="AITLIK"></targetGroup>
	  <target id="NNI_PLU_lär"></target>	
	</source>	
	<source id="NVD_(J)Q"></source>
	<source id="NVD_(ĠH)nDH"></source>
	<source id="NVD_(J)m"></source>
	<source id="NVD_mä">
      <targetGroup id="IYELIK" />
      <targetGroup id="HAL"></targetGroup>
	  <targetGroup id="QUE"></targetGroup>
	  <targetGroup id="AITLIK"></targetGroup>
	  <target id="NNI_PLU_lär"></target>	
	</source>
	<source id="NVD_måq">
      <targetGroup id="IYELIK" />
      <targetGroup id="HAL"></targetGroup>
	  <targetGroup id="QUE"></targetGroup>
	  <targetGroup id="AITLIK"></targetGroup>
	  <target id="NNI_PLU_lär"></target>	
	</source>
	<source id="NVD_(H)n">
      <targetGroup id="IYELIK" />
      <targetGroup id="HAL"></targetGroup>
	  <targetGroup id="QUE"></targetGroup>
	  <targetGroup id="AITLIK"></targetGroup>
	  <target id="NNI_PLU_lär"></target>	
	</source>
	<source id="NVD_(H)ş">
      <targetGroup id="IYELIK" />
      <targetGroup id="HAL"></targetGroup>
	  <targetGroup id="QUE"></targetGroup>
	  <targetGroup id="AITLIK"></targetGroup>
	  <target id="NNI_PLU_lär"></target>	
	</source>
	<source id="NVD_uş">
      <targetGroup id="IYELIK" />
      <targetGroup id="HAL"></targetGroup>
	  <targetGroup id="QUE"></targetGroup>
	  <targetGroup id="AITLIK"></targetGroup>
	  <target id="NNI_PLU_lär"></target>	
	</source>	
	<source id="NVD_mHr">
      <targetGroup id="IYELIK" />
      <targetGroup id="HAL"></targetGroup>
	  <targetGroup id="QUE"></targetGroup>
	  <targetGroup id="AITLIK"></targetGroup>
	  <target id="NNI_PLU_lär"></target>	
	</source>
	<source id="NVD_mHş">
      <targetGroup id="IYELIK" />
      <targetGroup id="HAL"></targetGroup>
	  <targetGroup id="QUE"></targetGroup>
	  <targetGroup id="AITLIK"></targetGroup>
	  <target id="NNI_PLU_lär"></target>	
	</source>
	<source id="NVD_(ån)ġHç">
      <targetGroup id="IYELIK" />
      <targetGroup id="HAL"></targetGroup>
	  <targetGroup id="QUE"></targetGroup>
	  <targetGroup id="AITLIK"></targetGroup>
	  <target id="NNI_PLU_lär"></target>	
	</source>
	
	
	<!-- FIILDEN SIFAT YAPAN EKLERIN GRAPHI -->
	<source id="JVD_(A)Q">
      <targetGroup id="IYELIK" />
      <targetGroup id="HAL"></targetGroup>
	  <targetGroup id="QUE"></targetGroup>
	  <targetGroup id="AITLIK"></targetGroup>
	  <target id="NNI_PLU_lär"></target>	
	</source>
	<source id="JVD_çÅQ">
      <targetGroup id="IYELIK" />
      <targetGroup id="HAL"></targetGroup>
	  <targetGroup id="QUE"></targetGroup>
	  <targetGroup id="AITLIK"></targetGroup>
	  <target id="NNI_PLU_lär"></target>	
	</source>
	<source id="JVD_GJr">
      <targetGroup id="IYELIK" />
      <targetGroup id="HAL"></targetGroup>
	  <targetGroup id="QUE"></targetGroup>
	  <targetGroup id="AITLIK"></targetGroup>
	  <target id="NNI_PLU_lär"></target>	
	</source>
	<source id="JVD_äġån">
      <targetGroup id="IYELIK" />
      <targetGroup id="HAL"></targetGroup>
	  <targetGroup id="QUE"></targetGroup>
	  <targetGroup id="AITLIK"></targetGroup>
	  <target id="NNI_PLU_lär"></target>	
	</source>
	<source id="JVD_äsi">
      <targetGroup id="IYELIK" />
      <targetGroup id="HAL"></targetGroup>
	  <targetGroup id="QUE"></targetGroup>
	  <targetGroup id="AITLIK"></targetGroup>
	  <target id="NNI_PLU_lär"></target>	
	</source>
	<source id="JVD_(H)Nç">
      <targetGroup id="IYELIK" />
      <targetGroup id="HAL"></targetGroup>
	  <targetGroup id="QUE"></targetGroup>
	  <targetGroup id="AITLIK"></targetGroup>
	  <target id="NNI_PLU_lär"></target>	
	</source>
	<source id="JVD_çÅQ">
      <targetGroup id="IYELIK" />
      <targetGroup id="HAL"></targetGroup>
	  <targetGroup id="QUE"></targetGroup>
	  <targetGroup id="AITLIK"></targetGroup>
	  <target id="NNI_PLU_lär"></target>	
	</source>
	<source id="JVD_QÅQ">
      <targetGroup id="IYELIK" />
      <targetGroup id="HAL"></targetGroup>
	  <targetGroup id="QUE"></targetGroup>
	  <targetGroup id="AITLIK"></targetGroup>
	  <target id="NNI_PLU_lär"></target>	
	</source>
	<source id="JVD_çHQ">
      <targetGroup id="IYELIK" />
      <targetGroup id="HAL"></targetGroup>
	  <targetGroup id="QUE"></targetGroup>
	  <targetGroup id="AITLIK"></targetGroup>
	  <target id="NNI_PLU_lär"></target>	
	</source>
	<source id="JVD_GAn">
      <targetGroup id="IYELIK" />
      <targetGroup id="HAL"></targetGroup>
	  <targetGroup id="QUE"></targetGroup>
	  <targetGroup id="AITLIK"></targetGroup>
	  <target id="NNI_PLU_lär"></target>	
	</source>
	<source id="JVD_(J)r">
      <targetGroup id="IYELIK" />
      <targetGroup id="HAL"></targetGroup>
	  <targetGroup id="QUE"></targetGroup>
	  <targetGroup id="AITLIK"></targetGroup>
	  <target id="NNI_PLU_lär"></target>	
	</source>
	<source id="JVD_mäs">
      <targetGroup id="IYELIK" />
      <targetGroup id="HAL"></targetGroup>
	  <targetGroup id="QUE"></targetGroup>
	  <targetGroup id="AITLIK"></targetGroup>
	  <target id="NNI_PLU_lär"></target>	
	</source>
	<source id="JVD_GUsi">
      <targetGroup id="IYELIK" />
      <targetGroup id="HAL"></targetGroup>
	  <targetGroup id="QUE"></targetGroup>
	  <targetGroup id="AITLIK"></targetGroup>
	  <target id="NNI_PLU_lär"></target>	
	</source>
	<source id="JVD_(a/y)digän">
      <targetGroup id="IYELIK" />
      <targetGroup id="HAL"></targetGroup>
	  <targetGroup id="QUE"></targetGroup>
	  <targetGroup id="AITLIK"></targetGroup>
	  <target id="NNI_PLU_lär"></target>	
	</source>
	<source id="JVD_miş">
      <targetGroup id="IYELIK" />
      <targetGroup id="HAL"></targetGroup>
	  <targetGroup id="QUE"></targetGroup>
	  <targetGroup id="AITLIK"></targetGroup>
	  <target id="NNI_PLU_lär"></target>	
	</source>
	<source id="JVD_(y)äcäk">
      <targetGroup id="IYELIK" />
      <targetGroup id="HAL"></targetGroup>
	  <targetGroup id="QUE"></targetGroup>
	  <targetGroup id="AITLIK"></targetGroup>
	  <target id="NNI_PLU_lär"></target>
	</source>
	
	<!-- ISIMDEN ZARF YAPAN EKLERIN GRAPHI -->
	<source id="АND_GH">
      <targetGroup id="IYELIK" />
      <targetGroup id="HAL"></targetGroup>
	  <targetGroup id="QUE"></targetGroup>
	  <targetGroup id="AITLIK"></targetGroup>
	  <target id="NNI_PLU_lär"></target>
	</source>
	<source id="АND_ånä">
      <targetGroup id="IYELIK" />
      <targetGroup id="HAL"></targetGroup>
	  <targetGroup id="QUE"></targetGroup>
	  <targetGroup id="AITLIK"></targetGroup>
	  <target id="NNI_PLU_lär"></target>
	</source>
	<!-- SIFATTAN ZARF YAPAN EKLERIN GRAPHI -->	
	<source id="AJD_(n)çä"></source>
	<source id="AJD_lärçä"></source>
	<source id="AJD_çäsigä"></source>
	<source id="AJD_(ä/s)igä"></source>
	<source id="AJD_(n)gäçä"></source>
	<source id="AJD_simån"></source>	
	<!-- ZARFTAN ZARF YAPAN EKLERIN GRAPHI -->	
	<source id="AAD_(n)day"></source>
	<source id="AAD_(n)Dag"></source>
	<source id="AAD_(n)dAQA"></source>	
	<!-- SIFATTAN SIFAT YAPAN EKLERIN GRAPHI -->	
	<source id="JJD_çä">
      <targetGroup id="IYELIK" />
      <targetGroup id="HAL"></targetGroup>
	  <targetGroup id="QUE"></targetGroup>
	  <targetGroup id="AITLIK"></targetGroup>
	  <target id="NNI_PLU_lär"></target>	
	</source>
	<source id="JJD_GHnä">
      <targetGroup id="IYELIK" />
      <targetGroup id="HAL"></targetGroup>
	  <targetGroup id="QUE"></targetGroup>
	  <targetGroup id="AITLIK"></targetGroup>
	  <target id="NNI_PLU_lär"></target>	
	</source> 
	<source id="JJD_(H)mtir">
      <targetGroup id="IYELIK" />
      <targetGroup id="HAL"></targetGroup>
	  <targetGroup id="QUE"></targetGroup>
	  <targetGroup id="AITLIK"></targetGroup>
	  <target id="NNI_PLU_lär"></target>	
	</source>
	<source id="JJD_råq">
      <targetGroup id="IYELIK" />
      <targetGroup id="HAL"></targetGroup>
	  <targetGroup id="QUE"></targetGroup>
	  <targetGroup id="AITLIK"></targetGroup>
	  <target id="NNI_PLU_lär"></target>	
	</source>
	<source id="JJD_iş">
      <targetGroup id="IYELIK" />
      <targetGroup id="HAL"></targetGroup>
	  <targetGroup id="QUE"></targetGroup>
	  <targetGroup id="AITLIK"></targetGroup>
	  <target id="NNI_PLU_lär"></target>	
	</source>
	<source id="JJD_ġış">
      <targetGroup id="IYELIK" />
      <targetGroup id="HAL"></targetGroup>
	  <targetGroup id="QUE"></targetGroup>
	  <targetGroup id="AITLIK"></targetGroup>
	  <target id="NNI_PLU_lär"></target>	
	</source>
	
	<!-- SIFATTAN ISIM YAPAN EKLERIN GRAPHI -->
	<source id="NJD_çä">
      <targetGroup id="IYELIK" />
      <targetGroup id="HAL"></targetGroup>
	  <targetGroup id="QUE"></targetGroup>
	  <targetGroup id="AITLIK"></targetGroup>
	  <target id="NNI_PLU_lär"></target> 
	</source>
	<source id="NJD_çHQ">
      <targetGroup id="IYELIK" />
      <targetGroup id="HAL"></targetGroup>
	  <targetGroup id="QUE"></targetGroup>
	  <targetGroup id="AITLIK"></targetGroup>
	  <target id="NNI_PLU_lär"></target>	  
	</source>
	<source id="NJD_lHQ">
      <targetGroup id="IYELIK" />
      <targetGroup id="HAL"></targetGroup>
	  <targetGroup id="QUE"></targetGroup>
	  <targetGroup id="AITLIK"></targetGroup>
	  <target id="NNI_PLU_lär"></target>	  
	</source>	
	<!-- İSİMDEN SIFAT YAPAN EKLERIN GRAPHI -->	
	<source id="JND_çil">
      <targetGroup id="IYELIK" />
      <targetGroup id="HAL"></targetGroup>
	  <targetGroup id="QUE"></targetGroup>
	  <targetGroup id="AITLIK"></targetGroup>
	  <target id="NNI_PLU_lär"></target>	  
	</source>
	<source id="JND_li">
      <targetGroup id="IYELIK" />
      <targetGroup id="HAL"></targetGroup>
	  <targetGroup id="QUE"></targetGroup>
	  <targetGroup id="AITLIK"></targetGroup>
	  <target id="NNI_PLU_lär"></target>	  
	</source>
	<source id="JND_lHQ">
      <targetGroup id="IYELIK" />
      <targetGroup id="HAL"></targetGroup>
	  <targetGroup id="QUE"></targetGroup>
	  <targetGroup id="AITLIK"></targetGroup>
	  <target id="NNI_PLU_lär"></target>	  
	</source>
	<source id="JND_simån">
      <targetGroup id="IYELIK" />
      <targetGroup id="HAL"></targetGroup>
	  <targetGroup id="QUE"></targetGroup>
	  <targetGroup id="AITLIK"></targetGroup>
	  <target id="NNI_PLU_lär"></target>	  
	</source>
	<source id="JND_siz">
      <targetGroup id="IYELIK" />
      <targetGroup id="HAL"></targetGroup>
	  <targetGroup id="QUE"></targetGroup>
	  <targetGroup id="AITLIK"></targetGroup>
	  <target id="NNI_PLU_lär"></target>	  
	</source>
	<source id="JND_tä">
      <targetGroup id="IYELIK" />
      <targetGroup id="HAL"></targetGroup>
	  <targetGroup id="QUE"></targetGroup>
	  <targetGroup id="AITLIK"></targetGroup>	
	</source>
	<source id="JND_(v)iy">
      <targetGroup id="IYELIK" />
      <targetGroup id="HAL"></targetGroup>
	  <targetGroup id="QUE"></targetGroup>
	  <targetGroup id="AITLIK"></targetGroup>
	  <target id="NNI_PLU_lär"></target>	  
	</source>
	<source id="JND_äki">
      <targetGroup id="IYELIK" />
      <targetGroup id="HAL"></targetGroup>
	  <targetGroup id="QUE"></targetGroup>
	  <targetGroup id="AITLIK"></targetGroup>
	  <target id="NNI_PLU_lär"></target>	  
	</source>
	<source id="JND_iv">
      <targetGroup id="IYELIK" />
      <targetGroup id="HAL"></targetGroup>
	  <targetGroup id="QUE"></targetGroup>
	  <targetGroup id="AITLIK"></targetGroup>
	  <target id="NNI_PLU_lär"></target>	  
	</source>
	<source id="JND_al">
      <targetGroup id="IYELIK" />
      <targetGroup id="HAL"></targetGroup>
	  <targetGroup id="QUE"></targetGroup>
	  <targetGroup id="AITLIK"></targetGroup>
	  <target id="NNI_PLU_lär"></target>	  
	</source>
	<source id="JND_ser">
      <targetGroup id="IYELIK" />
      <targetGroup id="HAL"></targetGroup>
	  <targetGroup id="QUE"></targetGroup>
	  <targetGroup id="AITLIK"></targetGroup>
	  <target id="NNI_PLU_lär"></target>	  
	</source>
	<source id="JND_bA">
      <targetGroup id="IYELIK" />
      <targetGroup id="HAL"></targetGroup>
	  <targetGroup id="QUE"></targetGroup>
	  <targetGroup id="AITLIK"></targetGroup>
	  <target id="NNI_PLU_lär"></target>	  
	</source>
	<source id="JND_nå">
      <targetGroup id="IYELIK" />
      <targetGroup id="HAL"></targetGroup>
	  <targetGroup id="QUE"></targetGroup>
	  <targetGroup id="AITLIK"></targetGroup>
	  <target id="NNI_PLU_lär"></target>	  
	</source>
	<source id="JND_be">
      <targetGroup id="IYELIK" />
      <targetGroup id="HAL"></targetGroup>
	  <targetGroup id="QUE"></targetGroup>
	  <targetGroup id="AITLIK"></targetGroup>
	  <target id="NNI_PLU_lär"></target>	  
	</source>	

	<!-- ISIMDEN ISIM YAPAN EKLERIN GRAPHI -->
	<source id="NND_ä"> 
      <targetGroup id="HAL"></targetGroup>
	  <targetGroup id="QUE"></targetGroup>
	  <targetGroup id="AITLIK"></targetGroup>
	  <target id="NNI_PLU_lär"></target>
    </source>
	<source id="NND_çä"> 
      <targetGroup id="HAL"></targetGroup>
	  <targetGroup id="QUE"></targetGroup>
	  <targetGroup id="AITLIK"></targetGroup>
	  <target id="NNI_PLU_lär"></target>
    </source>
	<source id="NND_çi">
      <targetGroup id="HAL"></targetGroup>
	  <targetGroup id="QUE"></targetGroup>
	  <targetGroup id="AITLIK"></targetGroup>
	  <target id="NNI_PLU_lär"></target>	
	</source>
	<source id="NND_çHQ">
      <targetGroup id="HAL"></targetGroup>
	  <targetGroup id="QUE"></targetGroup>
	  <targetGroup id="AITLIK"></targetGroup>
	  <target id="NNI_PLU_lär"></target>	
	</source>
	<source id="NND_çAQ">
      <targetGroup id="HAL"></targetGroup>
	  <targetGroup id="QUE"></targetGroup>
	  <targetGroup id="AITLIK"></targetGroup>
	  <target id="NNI_PLU_lär"></target>	
	</source>
	<source id="NND_çAN">
      <targetGroup id="HAL"></targetGroup>
	  <targetGroup id="QUE"></targetGroup>
	  <targetGroup id="AITLIK"></targetGroup>
	  <target id="NNI_PLU_lär"></target>	
	</source>
	<source id="NND_cån">
      <targetGroup id="HAL"></targetGroup>
	  <targetGroup id="QUE"></targetGroup>
	  <targetGroup id="AITLIK"></targetGroup>
	  <target id="NNI_PLU_lär"></target>	
	</source>	
	<source id="NND_AQ">
      <targetGroup id="HAL"></targetGroup>
	  <targetGroup id="QUE"></targetGroup>
	  <targetGroup id="AITLIK"></targetGroup>
	  <target id="NNI_PLU_lär"></target>	
	</source> 
	<source id="NND_dåş">
      <targetGroup id="HAL"></targetGroup>
	  <targetGroup id="QUE"></targetGroup>
	  <targetGroup id="AITLIK"></targetGroup>
	  <target id="NNI_PLU_lär"></target>	
	</source>
	<source id="NND_GHnä">
      <targetGroup id="HAL"></targetGroup>
	  <targetGroup id="QUE"></targetGroup>
	  <targetGroup id="AITLIK"></targetGroup>
	  <target id="NNI_PLU_lär"></target>	
	</source> 
	<source id="NND_låq">
      <targetGroup id="HAL"></targetGroup>
	  <targetGroup id="QUE"></targetGroup>
	  <targetGroup id="AITLIK"></targetGroup>
	  <target id="NNI_PLU_lär"></target>	
	</source>
	<source id="NND_DHq">
      <targetGroup id="HAL"></targetGroup>
	  <targetGroup id="QUE"></targetGroup>
	  <targetGroup id="AITLIK"></targetGroup>
	  <target id="NNI_PLU_lär"></target>	
	</source>
	<source id="NND_Ga">
      <targetGroup id="HAL"></targetGroup>
	  <targetGroup id="QUE"></targetGroup>
	  <targetGroup id="AITLIK"></targetGroup>
	  <target id="NNI_PLU_lär"></target>	
	</source>
	<source id="NND_lHQ">
      <targetGroup id="HAL"></targetGroup>
	  <targetGroup id="QUE"></targetGroup>
	  <targetGroup id="AITLIK"></targetGroup>
	  <target id="NNI_PLU_lär"></target>	
	</source>
	<source id="NND_qur">
      <targetGroup id="HAL"></targetGroup>
	  <targetGroup id="QUE"></targetGroup>
	  <targetGroup id="AITLIK"></targetGroup>
	  <target id="NNI_PLU_lär"></target>	
	</source>	
	<source id="NND_mån">
      <targetGroup id="HAL"></targetGroup>
	  <targetGroup id="QUE"></targetGroup>
	  <targetGroup id="AITLIK"></targetGroup>
	  <target id="NNI_PLU_lär"></target>	
	</source>
	<source id="NND_tåy">
      <targetGroup id="HAL"></targetGroup>
	  <targetGroup id="QUE"></targetGroup>
	  <targetGroup id="AITLIK"></targetGroup>
	  <target id="NNI_PLU_lär"></target>	
	</source>
	<source id="NND_dån">
      <targetGroup id="HAL"></targetGroup>
	  <targetGroup id="QUE"></targetGroup>
	  <targetGroup id="AITLIK"></targetGroup>
	  <target id="NNI_PLU_lär"></target>	
	</source>
	<source id="NND_DHrHQ">
      <targetGroup id="HAL"></targetGroup>
	  <targetGroup id="QUE"></targetGroup>
	  <targetGroup id="AITLIK"></targetGroup>
	  <target id="NNI_PLU_lär"></target>	
	</source>
	<source id="NND_(H)n">
      <targetGroup id="HAL"></targetGroup>
	  <targetGroup id="QUE"></targetGroup>
	  <targetGroup id="AITLIK"></targetGroup>
	  <target id="NNI_PLU_lär"></target>	
	</source>
	<source id="NND_måç">
      <targetGroup id="HAL"></targetGroup>
	  <targetGroup id="QUE"></targetGroup>
	  <targetGroup id="AITLIK"></targetGroup>
	  <target id="NNI_PLU_lär"></target>	
	</source>
	<source id="NND_(H)ldåq">
      <targetGroup id="HAL"></targetGroup>
	  <targetGroup id="QUE"></targetGroup>
	  <targetGroup id="AITLIK"></targetGroup>
	  <target id="NNI_PLU_lär"></target>	
	</source>
	<source id="NND_låv">
      <targetGroup id="HAL"></targetGroup>
	  <targetGroup id="QUE"></targetGroup>
	  <targetGroup id="AITLIK"></targetGroup>
	  <target id="NNI_PLU_lär"></target>	
	</source>
	<source id="NND_zår">
      <targetGroup id="HAL"></targetGroup>
	  <targetGroup id="QUE"></targetGroup>
	  <targetGroup id="AITLIK"></targetGroup>
	  <target id="NNI_PLU_lär"></target>	
	</source>
	<source id="NND_(H)stån">
      <targetGroup id="HAL"></targetGroup>
	  <targetGroup id="QUE"></targetGroup>
	  <targetGroup id="AITLIK"></targetGroup>
	  <target id="NNI_PLU_lär"></target>	
	</source>
	<source id="NND_xånä">
      <targetGroup id="HAL"></targetGroup>
	  <targetGroup id="QUE"></targetGroup>
	  <targetGroup id="AITLIK"></targetGroup>
	  <target id="NNI_PLU_lär"></target>	
	</source>
	<source id="NND_gåh">
      <targetGroup id="HAL"></targetGroup>
	  <targetGroup id="QUE"></targetGroup>
	  <targetGroup id="AITLIK"></targetGroup>
	  <target id="NNI_PLU_lär"></target>	
	</source>
	<source id="NND_ik">
      <targetGroup id="HAL"></targetGroup>
	  <targetGroup id="QUE"></targetGroup>
	  <targetGroup id="AITLIK"></targetGroup>
	  <target id="NNI_PLU_lär"></target>	
	</source>
	<source id="NND_iyon">
      <targetGroup id="HAL"></targetGroup>
	  <targetGroup id="QUE"></targetGroup>
	  <targetGroup id="AITLIK"></targetGroup>
	  <target id="NNI_PLU_lär"></target>	
	</source>
	<source id="NND_älä">
      <targetGroup id="HAL"></targetGroup>
	  <targetGroup id="QUE"></targetGroup>
	  <targetGroup id="AITLIK"></targetGroup>
	  <target id="NNI_PLU_lär"></target>	
	</source>
	<source id="NND_åv">
      <targetGroup id="HAL"></targetGroup>
	  <targetGroup id="QUE"></targetGroup>
	  <targetGroup id="AITLIK"></targetGroup>
	  <target id="NNI_PLU_lär"></target>	
	</source>
	<source id="NVD_xån">
      <targetGroup id="HAL"></targetGroup>
	  <targetGroup id="QUE"></targetGroup>
	  <targetGroup id="AITLIK"></targetGroup>
	  <target id="NNI_PLU_lär"></target>	
	</source>
	<source id="NVD_åy">
      <targetGroup id="HAL"></targetGroup>
	  <targetGroup id="QUE"></targetGroup>
	  <targetGroup id="AITLIK"></targetGroup>
	  <target id="NNI_PLU_lär"></target>	
	</source>
	<source id="NVD_åt">
      <targetGroup id="HAL"></targetGroup>
	  <targetGroup id="QUE"></targetGroup>
	  <targetGroup id="AITLIK"></targetGroup>
	  <target id="NNI_PLU_lär"></target>	
	</source>
	<source id="NVD_iy">
      <targetGroup id="HAL"></targetGroup>
	  <targetGroup id="QUE"></targetGroup>
	  <targetGroup id="AITLIK"></targetGroup>
	  <target id="NNI_PLU_lär"></target>	
	</source>
	<source id="NVD_åniy">
      <targetGroup id="HAL"></targetGroup>
	  <targetGroup id="QUE"></targetGroup>
	  <targetGroup id="AITLIK"></targetGroup>
	  <target id="NNI_PLU_lär"></target>	
	</source>
	<source id="NND_dår">
      <targetGroup id="HAL"></targetGroup>
	  <targetGroup id="QUE"></targetGroup>
	  <targetGroup id="AITLIK"></targetGroup>
	  <target id="NNI_PLU_lär"></target>	
	</source>
	<source id="NND_al">
      <targetGroup id="HAL"></targetGroup>
	  <targetGroup id="QUE"></targetGroup>
	  <targetGroup id="AITLIK"></targetGroup>
	  <target id="NNI_PLU_lär"></target> 
	</source>

	<!-- ISIMDEN FİİL YAPAN EKLERIN GRAPHI -->

	<source id="VND_ä">
	<targetGroup id="EMIR"></targetGroup>
	<targetGroup id="NVD"></targetGroup>
	<targetGroup id="JVD"></targetGroup>
	<targetGroup id="VVD"></targetGroup>
	<targetGroup id="CATI"></targetGroup>
	<targetGroup id="I-FIIL"></targetGroup>
	<targetGroup id="BLD_KIP"></targetGroup>
	<targetGroup id="TSR_KIP"></targetGroup>
	<targetGroup id="HIKAYE"></targetGroup>
	<targetGroup id="RIVAYET"></targetGroup>
	<targetGroup id="TSVR_FIIL"></targetGroup>
	<targetGroup id="NEG"></targetGroup>
	<targetGroup id="QUE"></targetGroup>
	</source>
	<source id="VND_(A)r">
	<targetGroup id="EMIR"></targetGroup>
	<targetGroup id="NVD"></targetGroup>
	<targetGroup id="JVD"></targetGroup>
	<targetGroup id="VVD"></targetGroup>
	<targetGroup id="CATI"></targetGroup>
	<targetGroup id="I-FIIL"></targetGroup>
	<targetGroup id="BLD_KIP"></targetGroup>
	<targetGroup id="TSR_KIP"></targetGroup>
	<targetGroup id="HIKAYE"></targetGroup>
	<targetGroup id="RIVAYET"></targetGroup>
	<targetGroup id="TSVR_FIIL"></targetGroup>
	<targetGroup id="NEG"></targetGroup>
	<targetGroup id="QUE"></targetGroup>
	</source>
	<source id="VND_(A)y">
	<targetGroup id="EMIR"></targetGroup>
	<targetGroup id="NVD"></targetGroup>
	<targetGroup id="JVD"></targetGroup>
	<targetGroup id="VVD"></targetGroup>
	<targetGroup id="CATI"></targetGroup>
	<targetGroup id="I-FIIL"></targetGroup>
	<targetGroup id="BLD_KIP"></targetGroup>
	<targetGroup id="TSR_KIP"></targetGroup>
	<targetGroup id="HIKAYE"></targetGroup>
	<targetGroup id="RIVAYET"></targetGroup>
	<targetGroup id="TSVR_FIIL"></targetGroup>
	<targetGroup id="NEG"></targetGroup>
	<targetGroup id="QUE"></targetGroup>
	</source>	
	<source id="VND_dä">
	<targetGroup id="EMIR"></targetGroup>
	<targetGroup id="NVD"></targetGroup>
	<targetGroup id="JVD"></targetGroup>
	<targetGroup id="VVD"></targetGroup>
	<targetGroup id="CATI"></targetGroup>
	<targetGroup id="I-FIIL"></targetGroup>
	<targetGroup id="BLD_KIP"></targetGroup>
	<targetGroup id="TSR_KIP"></targetGroup>
	<targetGroup id="HIKAYE"></targetGroup>
	<targetGroup id="RIVAYET"></targetGroup>
	<targetGroup id="TSVR_FIIL"></targetGroup>
	<targetGroup id="NEG"></targetGroup>
	<targetGroup id="QUE"></targetGroup>
	</source>
	<source id="VND_GA">
	<targetGroup id="EMIR"></targetGroup>
	<targetGroup id="NVD"></targetGroup>
	<targetGroup id="JVD"></targetGroup>
	<targetGroup id="VVD"></targetGroup>
	<targetGroup id="CATI"></targetGroup>
	<targetGroup id="I-FIIL"></targetGroup>
	<targetGroup id="BLD_KIP"></targetGroup>
	<targetGroup id="TSR_KIP"></targetGroup>
	<targetGroup id="HIKAYE"></targetGroup>
	<targetGroup id="RIVAYET"></targetGroup>
	<targetGroup id="TSVR_FIIL"></targetGroup>
	<targetGroup id="NEG"></targetGroup>
	<targetGroup id="QUE"></targetGroup>
	</source>
	<source id="VND_GAr">
	<targetGroup id="EMIR"></targetGroup>
	<targetGroup id="NVD"></targetGroup>
	<targetGroup id="JVD"></targetGroup>
	<targetGroup id="VVD"></targetGroup>
	<targetGroup id="CATI"></targetGroup>
	<targetGroup id="I-FIIL"></targetGroup>
	<targetGroup id="BLD_KIP"></targetGroup>
	<targetGroup id="TSR_KIP"></targetGroup>
	<targetGroup id="HIKAYE"></targetGroup>
	<targetGroup id="RIVAYET"></targetGroup>
	<targetGroup id="TSVR_FIIL"></targetGroup>
	<targetGroup id="NEG"></targetGroup>
	<targetGroup id="QUE"></targetGroup>
	</source>
	<source id="VND_ĠH">
	<targetGroup id="EMIR"></targetGroup>
	<targetGroup id="NVD"></targetGroup>
	<targetGroup id="JVD"></targetGroup>
	<targetGroup id="VVD"></targetGroup>
	<targetGroup id="CATI"></targetGroup>
	<targetGroup id="I-FIIL"></targetGroup>
	<targetGroup id="BLD_KIP"></targetGroup>
	<targetGroup id="TSR_KIP"></targetGroup>
	<targetGroup id="HIKAYE"></targetGroup>
	<targetGroup id="RIVAYET"></targetGroup>
	<targetGroup id="TSVR_FIIL"></targetGroup>
	<targetGroup id="NEG"></targetGroup>
	<targetGroup id="QUE"></targetGroup>
	</source>
	<source id="VND_i">
	<targetGroup id="EMIR"></targetGroup>
	<targetGroup id="NVD"></targetGroup>
	<targetGroup id="JVD"></targetGroup>
	<targetGroup id="VVD"></targetGroup>
	<targetGroup id="CATI"></targetGroup>
	<targetGroup id="I-FIIL"></targetGroup>
	<targetGroup id="BLD_KIP"></targetGroup>
	<targetGroup id="TSR_KIP"></targetGroup>
	<targetGroup id="HIKAYE"></targetGroup>
	<targetGroup id="RIVAYET"></targetGroup>
	<targetGroup id="TSVR_FIIL"></targetGroup>
	<targetGroup id="NEG"></targetGroup>
	<targetGroup id="QUE"></targetGroup>
	</source>
	<source id="VND_(H)Q">
	<targetGroup id="EMIR"></targetGroup>
	<targetGroup id="NVD"></targetGroup>
	<targetGroup id="JVD"></targetGroup>
	<targetGroup id="VVD"></targetGroup>
	<targetGroup id="CATI"></targetGroup>
	<targetGroup id="I-FIIL"></targetGroup>
	<targetGroup id="BLD_KIP"></targetGroup>
	<targetGroup id="TSR_KIP"></targetGroup>
	<targetGroup id="HIKAYE"></targetGroup>
	<targetGroup id="RIVAYET"></targetGroup>
	<targetGroup id="TSVR_FIIL"></targetGroup>
	<targetGroup id="NEG"></targetGroup>
	<targetGroup id="QUE"></targetGroup>
	</source>
	<source id="VND_QHr">
	<targetGroup id="EMIR"></targetGroup>
	<targetGroup id="NVD"></targetGroup>
	<targetGroup id="JVD"></targetGroup>
	<targetGroup id="VVD"></targetGroup>
	<targetGroup id="CATI"></targetGroup>
	<targetGroup id="I-FIIL"></targetGroup>
	<targetGroup id="BLD_KIP"></targetGroup>
	<targetGroup id="TSR_KIP"></targetGroup>
	<targetGroup id="HIKAYE"></targetGroup>
	<targetGroup id="RIVAYET"></targetGroup>
	<targetGroup id="TSVR_FIIL"></targetGroup>
	<targetGroup id="NEG"></targetGroup>
	<targetGroup id="QUE"></targetGroup>
	</source>
	<source id="VND_QHrA">
	<targetGroup id="EMIR"></targetGroup>
	<targetGroup id="NVD"></targetGroup>
	<targetGroup id="JVD"></targetGroup>
	<targetGroup id="VVD"></targetGroup>
	<targetGroup id="CATI"></targetGroup>
	<targetGroup id="I-FIIL"></targetGroup>
	<targetGroup id="BLD_KIP"></targetGroup>
	<targetGroup id="TSR_KIP"></targetGroup>
	<targetGroup id="HIKAYE"></targetGroup>
	<targetGroup id="RIVAYET"></targetGroup>
	<targetGroup id="TSVR_FIIL"></targetGroup>
	<targetGroup id="NEG"></targetGroup>
	<targetGroup id="QUE"></targetGroup>
	</source>
	<source id="VND_lä">
	<targetGroup id="EMIR"></targetGroup>
	<targetGroup id="NVD"></targetGroup>
	<targetGroup id="JVD"></targetGroup>
	<targetGroup id="VVD"></targetGroup>
	<targetGroup id="CATI"></targetGroup>
	<targetGroup id="I-FIIL"></targetGroup>
	<targetGroup id="BLD_KIP"></targetGroup>
	<targetGroup id="TSR_KIP"></targetGroup>
	<targetGroup id="HIKAYE"></targetGroup>
	<targetGroup id="RIVAYET"></targetGroup>
	<targetGroup id="TSVR_FIIL"></targetGroup>
	<targetGroup id="NEG"></targetGroup>
	<targetGroup id="QUE"></targetGroup>
	</source>
	<source id="VND_län">
	<targetGroup id="EMIR"></targetGroup>
	<targetGroup id="NVD"></targetGroup>
	<targetGroup id="JVD"></targetGroup>
	<targetGroup id="VVD"></targetGroup>
	<targetGroup id="CATI"></targetGroup>
	<targetGroup id="I-FIIL"></targetGroup>
	<targetGroup id="BLD_KIP"></targetGroup>
	<targetGroup id="TSR_KIP"></targetGroup>
	<targetGroup id="HIKAYE"></targetGroup>
	<targetGroup id="RIVAYET"></targetGroup>
	<targetGroup id="TSVR_FIIL"></targetGroup>
	<targetGroup id="NEG"></targetGroup>
	<targetGroup id="QUE"></targetGroup>
	</source>
	<source id="VND_läş">
	<targetGroup id="EMIR"></targetGroup>
	<targetGroup id="NVD"></targetGroup>
	<targetGroup id="JVD"></targetGroup>
	<targetGroup id="VVD"></targetGroup>
	<targetGroup id="CATI"></targetGroup>
	<targetGroup id="I-FIIL"></targetGroup>
	<targetGroup id="BLD_KIP"></targetGroup>
	<targetGroup id="TSR_KIP"></targetGroup>
	<targetGroup id="HIKAYE"></targetGroup>
	<targetGroup id="RIVAYET"></targetGroup>
	<targetGroup id="TSVR_FIIL"></targetGroup>
	<targetGroup id="NEG"></targetGroup>
	<targetGroup id="QUE"></targetGroup>
	</source>
	<source id="VND_lät">
	<targetGroup id="EMIR"></targetGroup>
	<targetGroup id="NVD"></targetGroup>
	<targetGroup id="JVD"></targetGroup>
	<targetGroup id="VVD"></targetGroup>
	<targetGroup id="CATI"></targetGroup>
	<targetGroup id="I-FIIL"></targetGroup>
	<targetGroup id="BLD_KIP"></targetGroup>
	<targetGroup id="TSR_KIP"></targetGroup>
	<targetGroup id="HIKAYE"></targetGroup>
	<targetGroup id="RIVAYET"></targetGroup>
	<targetGroup id="TSVR_FIIL"></targetGroup>
	<targetGroup id="NEG"></targetGroup>
	<targetGroup id="QUE"></targetGroup>
	</source>
	<source id="VND_(H)r">
	<targetGroup id="EMIR"></targetGroup>
	<targetGroup id="NVD"></targetGroup>
	<targetGroup id="JVD"></targetGroup>
	<targetGroup id="VVD"></targetGroup>
	<targetGroup id="CATI"></targetGroup>
	<targetGroup id="I-FIIL"></targetGroup>
	<targetGroup id="BLD_KIP"></targetGroup>
	<targetGroup id="TSR_KIP"></targetGroup>
	<targetGroup id="HIKAYE"></targetGroup>
	<targetGroup id="RIVAYET"></targetGroup>
	<targetGroup id="TSVR_FIIL"></targetGroup>
	<targetGroup id="NEG"></targetGroup>
	<targetGroup id="QUE"></targetGroup>
	</source>
	<source id="VND_rä">
	<targetGroup id="EMIR"></targetGroup>
	<targetGroup id="NVD"></targetGroup>
	<targetGroup id="JVD"></targetGroup>
	<targetGroup id="VVD"></targetGroup>
	<targetGroup id="CATI"></targetGroup>
	<targetGroup id="I-FIIL"></targetGroup>
	<targetGroup id="BLD_KIP"></targetGroup>
	<targetGroup id="TSR_KIP"></targetGroup>
	<targetGroup id="HIKAYE"></targetGroup>
	<targetGroup id="RIVAYET"></targetGroup>
	<targetGroup id="TSVR_FIIL"></targetGroup>
	<targetGroup id="NEG"></targetGroup>
	<targetGroup id="QUE"></targetGroup>
	</source>
	<source id="VND_sä">
	<targetGroup id="EMIR"></targetGroup>
	<targetGroup id="NVD"></targetGroup>
	<targetGroup id="JVD"></targetGroup>
	<targetGroup id="VVD"></targetGroup>
	<targetGroup id="CATI"></targetGroup>
	<targetGroup id="I-FIIL"></targetGroup>
	<targetGroup id="BLD_KIP"></targetGroup>
	<targetGroup id="TSR_KIP"></targetGroup>
	<targetGroup id="HIKAYE"></targetGroup>
	<targetGroup id="RIVAYET"></targetGroup>
	<targetGroup id="TSVR_FIIL"></targetGroup>
	<targetGroup id="NEG"></targetGroup>
	<targetGroup id="QUE"></targetGroup>
	</source>
	<source id="VND_si">
	<targetGroup id="EMIR"></targetGroup>
	<targetGroup id="NVD"></targetGroup>
	<targetGroup id="JVD"></targetGroup>
	<targetGroup id="VVD"></targetGroup>
	<targetGroup id="CATI"></targetGroup>
	<targetGroup id="I-FIIL"></targetGroup>
	<targetGroup id="BLD_KIP"></targetGroup>
	<targetGroup id="TSR_KIP"></targetGroup>
	<targetGroup id="HIKAYE"></targetGroup>
	<targetGroup id="RIVAYET"></targetGroup>
	<targetGroup id="TSVR_FIIL"></targetGroup>
	<targetGroup id="NEG"></targetGroup>
	<targetGroup id="QUE"></targetGroup>
	</source>
	<source id="VND_sin">
	<targetGroup id="EMIR"></targetGroup>
	<targetGroup id="NVD"></targetGroup>
	<targetGroup id="JVD"></targetGroup>
	<targetGroup id="VVD"></targetGroup>
	<targetGroup id="CATI"></targetGroup>
	<targetGroup id="I-FIIL"></targetGroup>
	<targetGroup id="BLD_KIP"></targetGroup>
	<targetGroup id="TSR_KIP"></targetGroup>
	<targetGroup id="HIKAYE"></targetGroup>
	<targetGroup id="RIVAYET"></targetGroup>
	<targetGroup id="TSVR_FIIL"></targetGroup>
	<targetGroup id="NEG"></targetGroup>
	<targetGroup id="QUE"></targetGroup>
	</source>
	<source id="VND_sit">
	<targetGroup id="EMIR"></targetGroup>
	<targetGroup id="NVD"></targetGroup>
	<targetGroup id="JVD"></targetGroup>
	<targetGroup id="VVD"></targetGroup>
	<targetGroup id="CATI"></targetGroup>
	<targetGroup id="I-FIIL"></targetGroup>
	<targetGroup id="BLD_KIP"></targetGroup>
	<targetGroup id="TSR_KIP"></targetGroup>
	<targetGroup id="HIKAYE"></targetGroup>
	<targetGroup id="RIVAYET"></targetGroup>
	<targetGroup id="TSVR_FIIL"></targetGroup>
	<targetGroup id="NEG"></targetGroup>
	<targetGroup id="QUE"></targetGroup>
	</source>
	<source id="VND_sirä">
	<targetGroup id="EMIR"></targetGroup>
	<targetGroup id="NVD"></targetGroup>
	<targetGroup id="JVD"></targetGroup>
	<targetGroup id="VVD"></targetGroup>
	<targetGroup id="CATI"></targetGroup>
	<targetGroup id="I-FIIL"></targetGroup>
	<targetGroup id="BLD_KIP"></targetGroup>
	<targetGroup id="TSR_KIP"></targetGroup>
	<targetGroup id="HIKAYE"></targetGroup>
	<targetGroup id="RIVAYET"></targetGroup>
	<targetGroup id="TSVR_FIIL"></targetGroup>
	<targetGroup id="NEG"></targetGroup>
	<targetGroup id="QUE"></targetGroup>
	</source>
	<source id="VND_şä">
	<targetGroup id="EMIR"></targetGroup>
	<targetGroup id="NVD"></targetGroup>
	<targetGroup id="JVD"></targetGroup>
	<targetGroup id="VVD"></targetGroup>
	<targetGroup id="CATI"></targetGroup>
	<targetGroup id="I-FIIL"></targetGroup>
	<targetGroup id="BLD_KIP"></targetGroup>
	<targetGroup id="TSR_KIP"></targetGroup>
	<targetGroup id="HIKAYE"></targetGroup>
	<targetGroup id="RIVAYET"></targetGroup>
	<targetGroup id="TSVR_FIIL"></targetGroup>
	<targetGroup id="NEG"></targetGroup>
	<targetGroup id="QUE"></targetGroup>
	</source>
	<source id="VND_şi">
	<targetGroup id="EMIR"></targetGroup>
	<targetGroup id="NVD"></targetGroup>
	<targetGroup id="JVD"></targetGroup>
	<targetGroup id="VVD"></targetGroup>
	<targetGroup id="CATI"></targetGroup>
	<targetGroup id="I-FIIL"></targetGroup>
	<targetGroup id="BLD_KIP"></targetGroup>
	<targetGroup id="TSR_KIP"></targetGroup>
	<targetGroup id="HIKAYE"></targetGroup>
	<targetGroup id="RIVAYET"></targetGroup>
	<targetGroup id="TSVR_FIIL"></targetGroup>
	<targetGroup id="NEG"></targetGroup>
	<targetGroup id="QUE"></targetGroup>
	</source>


	  
	<source id="NNI_REL1_gi"> 
      <targetGroup id="HAL"></targetGroup>
	  <targetGroup id="QUE"></targetGroup>
	  <targetGroup id="AITLIK"></targetGroup>     
    </source>
 	<source id="NNI_REL2_Qi"> 
      <targetGroup id="HAL"></targetGroup>
	  <targetGroup id="QUE"></targetGroup>
	  <targetGroup id="AITLIK"></targetGroup>     
    </source>
	<source id="NNI_REL3_niki"> 
      <targetGroup id="HAL"></targetGroup>
	  <targetGroup id="QUE"></targetGroup>
	  <targetGroup id="AITLIK"></targetGroup>     
    </source>
	
	<source id="QUE_mi"> 
      
    </source>	

    <source id="NNI_POSS1s_(H)m"> 
      <targetGroup id="HAL"></targetGroup>
	  <targetGroup id="QUE"></targetGroup>
	  <targetGroup id="AITLIK"></targetGroup>	  
    </source>
	
	<source id="NNI_POSS1p_(H)miz">
      <targetGroup id="HAL"></targetGroup>
	  <targetGroup id="QUE"></targetGroup>
	  <targetGroup id="AITLIK"></targetGroup>
    </source>
	
	<source id="NNI_POSS2s_(H)ng">
      <targetGroup id="HAL"></targetGroup>
	  <targetGroup id="QUE"></targetGroup>
	  <targetGroup id="AITLIK"></targetGroup>
    </source>	
	
	<source id="NNI_POSS2p1_(H)ngiz">
      <targetGroup id="HAL"></targetGroup>
	  <targetGroup id="QUE"></targetGroup>
	  <targetGroup id="AITLIK"></targetGroup>
    </source>
	
	<source id="NNI_POSS2p2_(H)nglär">
      <targetGroup id="HAL"></targetGroup>
	  <targetGroup id="QUE"></targetGroup>
	  <targetGroup id="AITLIK"></targetGroup>
    </source>
	
	<source id="NNI_POSS2p3_läring">
      <targetGroup id="HAL"></targetGroup>
	  <targetGroup id="QUE"></targetGroup>
	  <targetGroup id="AITLIK"></targetGroup>
    </source>	
	
	<source id="NNI_POSS3s_(s)H">
      <targetGroup id="HAL"></targetGroup>
	  <targetGroup id="QUE"></targetGroup>
	  <targetGroup id="AITLIK"></targetGroup>
    </source>	
	
	<source id="NNI_POSS3p_läri">
      <targetGroup id="HAL"></targetGroup>
	  <targetGroup id="QUE"></targetGroup>
	  <targetGroup id="AITLIK"></targetGroup>
    </source>
	
	<source id="NNI_OBJ_ni">
	  <targetGroup id="QUE"></targetGroup>	

	</source>
	
	<source id="NNI_OBJ_n">
	  <targetGroup id="QUE"></targetGroup>

	  
	</source>
	
	<source id="NNI_NOM_0">
	  <targetGroup id="QUE"></targetGroup>	
	</source>
	
	<source id="NNI_GEN_ning">
	  <targetGroup id="QUE"></targetGroup>	
	</source>
	
	<source id="NNI_DAT_GA">
	  <targetGroup id="QUE"></targetGroup>	
	</source>
	
	<source id="NNI_DAT3_ngä">
	  <targetGroup id="QUE"></targetGroup>	
	</source>
	
	<source id="NNI_LOC_dä">
	  <targetGroup id="AITLIK"></targetGroup>
	  <targetGroup id="QUE"></targetGroup>	
	</source>
	
	<source id="NNI_LOC3_ndä">
	  <targetGroup id="QUE"></targetGroup>	
	</source>
	
	<source id="NNI_ABL_dän">
	  <targetGroup id="QUE"></targetGroup>	
	</source>
	
	<source id="NNI_ABL3_dän">
	  <targetGroup id="QUE"></targetGroup>	
	</source>
	
	<source id="NNI_INC_0bilän">
	  <targetGroup id="QUE"></targetGroup>	
	</source>
	
	ŞAHIS EKLERI 1. TIP GRAPHI
	<source id="PERS1s1_män">
		<targetGroup id="QUE">
		</targetGroup>
	</source>
	<source id="PERS1p1_miz">
		<targetGroup id="QUE">
		</targetGroup>	
	</source>
	<source id="PERS2s1_sän">
		<targetGroup id="QUE">
		</targetGroup>	
	</source>
	<source id="PERS2p1_siz">
		<targetGroup id="QUE">
		</targetGroup>	
	</source>
	<source id="PERS2p1_sizlär">
		<targetGroup id="QUE">
		</targetGroup>	
	</source>
	<source id="PERS3s1and2_0">
		<targetGroup id="QUE">
		</targetGroup>	
	</source>  
	<source id="PERS3s1_di">
		<targetGroup id="QUE">
		</targetGroup>	
	</source>
	<source id="PERS3s1_TPROG_(A)yapti">
		<targetGroup id="QUE">
		</targetGroup>	
	</source>
	<source id="PERS3p1 _di(lär) ">
		<targetGroup id="QUE">
		</targetGroup>	
	</source>
	<source id="PERS3p1and2_(i)ş">
		<targetGroup id="QUE">
		</targetGroup>	
	</source>

	
	
	ŞAHIS EKLERI 2. TIP GRAPHI

	<source id="PERS1s2_m">
		<targetGroup id="QUE">
		</targetGroup>	
	</source>
	<source id="PERS1p2_k">
		<targetGroup id="QUE">
		</targetGroup>	
	</source>
	<source id="PERS2s2_ng">
		<targetGroup id="QUE">
		</targetGroup>	
	</source>
	<source id="PERS2p2_ngiz">
		<targetGroup id="QUE">
		</targetGroup>	
	</source>
	<source id="PERS2p2_ngizlär">
		<targetGroup id="QUE">
		</targetGroup>	
	</source>
	<source id="PERS2p2_nglar">
		<targetGroup id="QUE">
		</targetGroup>	
	</source>
	<source id="PERS2p2_laring">
		<targetGroup id="QUE">
		</targetGroup>	
	</source>
	<source id="PERS2p2_laringiz">
		<targetGroup id="QUE">
		</targetGroup>	
	</source>
	<source id="PERS3s1and2_0">
		<targetGroup id="QUE">
		</targetGroup>	
	</source>  
	<source id="PERS3p1and2_(i)ş">
		<targetGroup id="QUE">
		</targetGroup>	
	</source>
	<source id="PERS3p_lär">
		<targetGroup id="QUE">
		</targetGroup>		
	</source>
	  
	<!-- BILDIRME_EKI -->
	<source id="VVI_dir">
		<targetGroup id="QUE">
		</targetGroup>	
	</source>
		<targetGroup id="QUE">
		</targetGroup>	
	
	
	
	
	
	
	
	
	
	


	
   
  </graph>

</morphology>