root,surfaces,lex,Anlam,active,Id,flags,rules,Ekler,AltTür,Dil,BüyükHarf,FY_EDILGEN_(U)n,FY_EDILGEN_Ul,Geçişlilik,E-hali
bek,beg,,bey,,ISIM,ISIM,YUMUSAMA_kg ,,,,,,,,
bek,,,"kapalı, berk, bek",,SIFAT,sifat,,,,,,,,,
u,un,,o,,ZAMIR_ISARET,zamir,TUREME_n,,,,,,,,
bu,bun,,bu,,ZAMIR_ISARET,zamir,TUREME_n,,,,,,,,
shu,shun,,şu,,ZAMIR_ISARET,zamir,TUREME_n,,,,,,,,
o‘sha,,,işte o,,ZAMIR_ISARET,zamir,TUREME_n,,,,,,,,
tog‘,toq,,dağ,,ISIM,isim,SERTLESME_g‘q,,,,,,,,
parvo,parvoy,,perva,,ISIM,isim,TUREME_y,,,,,,,,
abro‘,abro‘y,,otorite,,ISIM,isim,TUREME_y,,,,,,,,
xudo,xudoy,,"Hüda, Tanrı",,ISIM,isim,TUREME_y,,,,,,,,
mavqe,mavqey,,mevki,,ISIM,isim,TUREME_y,,,,,,,,
avzo,avzoy,,"yüz, surat, çehre",,ISIM,isim,TUREME_y,,,,,,,,
dohiy,,,"dahi, deha",,ISIM,isim,,,,,,,,,
adabiyot,adab,,edebiyat,,ISIM,isim,DUSME_SON_IKI_HECE,,,,,,,,
partiya,,,parti,,ISIM,isim,,,,,,,,,
irq,,,ırk,,ISIM,isim,,,,,,,,,
irs,,,ırs,,ISIM,isim,,,,,,,,,
inson,,,insan,,ISIM,isim,,,,,,,,,
qalb,,,kalb,,ISIM,isim,,,,,,,,,
zo‘r,,,"zor, büyük, kuvvet",,ISIM,isim,,,,,,,,,
dast,,,el,,ISIM,isim,,,,,,,,,
biologiya,biologi,,biyoloji,,ISIM,isim,DUSME_SON_HECE,,,,,,,,
fiziologiya,fiziologi,,fizyoloji,,ISIM,isim,DUSME_SON_HECE,,,,,,,,
demagogiya,demagogi,,demagoji,,ISIM,isim,DUSME_SON_HECE,,,,,,,,
geografiya,geografi,,coğrafya,,ISIM,isim,DUSME_SON_HECE,,,,,,,,
ob’ekt,,,objektif,,ISIM,isim,,,,,,,,,
sub’ekt,,,subjektif,,,,,,,,,,,,
konservator,konservats,,muhafazakar,,,,DUSME_SON_HECE,,,,,,,,
koloniya,koloni,,somürge,,,,DUSME_SON_HECE,,,,,,,,
gorizont,,,uguk,,,,,,,,,,,,
moment,,,an,,,,,,,,,,,,
natsiya,,,millet,,,,,,,,,,,,
reaksiya,reaks,,tepki,,,,DUSME_SON_IKI_HECE,,,,,,,,
kompozitsiya,kompozits,,kompozizsyon,,,,DUSME_SON_IKI_HECE,,,,,,,,
redaksiya,redaks,,redaksiyon,,,,DUSME_SON_IKI_HECE,,,,,,,,
revolyutsiya,revolyuts,,devrim,,,,DUSME_SON_IKI_HECE,,,,,,,,
to‘la,to‘lo,,öde,,FIIL,fiil,YUVARLAKLASMA_ao,,,,,,,,
ko‘k,,,"gök, mavi",,SIFAT,sifat,,,,,,,,,
shahar,shahr,,şehir,,ISIM,isim,DUSME_SON_UNLU,,,,,,,,
qizil,giz,,"kırmızı, kızıl",,SIFAT,sifat,DUSME_SON_HECE,,,,,,,,
qabr,qabr,,"kabir, mezar",,ISIM,isim,DUSME_SON_UNLU,,,,,,,,
qir,,,kır,,FIIL,fiil,,,,,,,,,
tiz,,,diz,,FIIL,fiil,,,,,,,,,
filolog,,,filolog,,ISIM,isim,,,,,,,,,
pedagog,,,pedagog,,ISIM,isim,,,,,,,,,
Orenburg,,,Orenburg,,ISIM_OZEL,isim,,,,,,,,,
Luksemburg,,,Luksemburg,,ISIM_OZEL,isim,,,,,,,,,
bug‘,,,buhar,,ISIM,isim,,,,,,,,,
sog‘,,,sağ,,ZARF,isim,,,,,,,,,
sig‘,,,sığ,,FIIL,fiil,,,,,,,,,
barg,,,yaprak,,ISIM,isim,,,,,,,,,
terak,terag,,kavak ağacı,,ISIM,isim,YUMUSAMA_kg,,,,,,,,
uch,,,uç,,FIIL,fiil,,,,,,,,,
men,me,,ben,,ZAMIR_SAHIS,zamir,TEKLESME_n,,,,,,,,
sen,se,,sen,,ZAMIR_SAHIS,zamir,TEKLESME_n,,,,,,,,
tala,talo,,talan et,,FIIL,fiil,YUVARLAKLAŞMA_ao,,,,,,,,
qayir,qayr,,bük-,,FIIL,fiil,DUSME_SON_UNLU,,,,,,,,
ulug‘,ulg‘,,büyük,,ISIM,isim,DUSME_SON_UNLU,,,,,,,,
sariq,sarg‘,,sarı,,SIFAT,sifat,"YUMUSAMA_qg‘, DUSME_SON_UNLU",,,,,,,,
ayir,ayr,,ayır,,FIIL,fiil,DUSME_SON_UNLU,,,,,,,,
xlorofill,xlorofil,,klorofil,,ISIM,isim,TEKLESME_l,,,,,,,,
metall,metal,,"metal, demir",,ISIM,isim,TEKLESME_l,,,,,,,,
ekspress,ekspres,,ekspres,,ISIM,isim,TEKLESME_s,,,,,,,,
bir,bit,,bir,,SAYI,sayi,DEGISME_rt,,,,,,,,
ikki,ikk,,iki,,SAYI,sayi,DUSME_SON_UNLU,,,,,,,,
olti,olt,,altı,,SAYI,sayi,DUSME_SON_UNLU,,,,,,,,
yetti,yett,,yedi,,SAYI,sayi,DUSME_SON_UNLU,,,,,,,,
o‘rin,o‘rn,,"yer, makam",,ISIM,isim,DUSME_SON_UNLU,,,,,,,,
sina,sino,,sınamak,,FIIL,fiil,YUVARLAKLASMA_ao,,,,,,,,
qista,qisto,,zorla,,FIIL,fiil,YUVARLAKLASMA_ao,,,,,,,,
so‘ra,so‘ro,,sor,,FIIL,fiil,YUVARLAKLASMA_ao,,,,,,,,
sayra,sayro,,öt,,FIIL,fiil,YUVARLAKLASMA_ao,,,,,,,,
burun,burn,,burun,,ISIM,isim,DUSME_SON_UNLU,,,,,,,,
o‘qi,o‘qu,,oku,,FIIL,fiil,YUVARLAMLASMA_iu,,,,,,,,
tug,tuk,,düğüm yap,,FIIL,fiil,SERTLESME_gk,,,,,,,,
bag‘ir,bag‘r,,bağır,,ISIM,isim,DUSME_SON_UNLU,,,,,,,,
og‘iz,og‘z,,ağız,,ISIM,isim,DUSME_SON_UNLU,,,,,,,,
bo‘yin,bo‘yn,,boyun,,ISIM,isim,DUSME_SON_UNLU,,,,,,,,
ayril,ayr,,ayrıl,,FIIL,fiil,DUSME_SON_UNLU,,,,,,,,
o‘mil,,,"ön, göğüs",,ISIM,isim,,,,,,,,,
qil,,,kıl,,ISIM,isim,,,,,,,,,
uq,,,"dinle, duy",,FIIL,fiil,,,,,,,,,
qız,,,kız,,FIIL,fiil,,,,,,,,,
tush,,,düş,,ISIM,isim,,,,,,,,,
tush,,,"düş, in",,FIIL,fiil,,,,,,,,,
yoq,,,yak,,FIIL,fiil,,,,,,,,,
yoq,yog‘,,"yan, etraf",,ISIM,isim,YUMUSAMA_qg‘  ,,,,,,,,
yo‘q,yo‘g‘,,yok,,ISIM,isim,YUMUSAMA_qg‘  ,,,,,,,,
kubok,kubog,,kupa,,ISIM,isim,YUMUSAMA_kg,,,,,,,,
yuv,,,yıka,,FIIL,fiil,,,,,,,,,
shosh,,,acele et,,FIIL,fiil,,,,,,,,,
olov,,,alev,,ISIM,isim,,,,,,,,,
tort,,,çek,,FIIL,fiil,,,,,,,,,
erin,,,üşen,,FIIL,fiil,,,,,,,,,
bij,,,"vıj, vıcık vıcık",,ISIM_TAKLIT,isim,,,,,,,,,
sel,,,"nem, sel",,ISIM,isim,,,,,,,,,
o‘t,,,geç,,FIIL,fiil,,,,,,,,,
yig‘,yiq,,yığ,,,,SERTLESME_g‘q,,,,,,,,
tug‘,tuq,,doğmak,,FIIL,fiil,SERTLESME_g‘q,,,,,,,,
noq,,,armut,,ISIM,isim,,,,,,,,,
o‘q,,,ok,,ISIM,isim,,,,,,,,,
ishtiyoq,,,"iştiyak, istek, arzu",,ISIM,isim,,,,,,,,,
tashviq ,,,teşvik,,ISIM,isim,,,,,,,,,
ocherk,,,"deneme, belgesel yazı",,ISIM,isim,,,,,,,,,
erk,,,"erk, irade",,ISIM,isim,,,,,,,,,
huquq,,,hukuk,,ISIM,isim,,,,,,,,,
ravnaq,,,"revnak, parlak",,,,,,,,,,,,
yuq,,,yük,,ISIM,isim,,,,,,,,,
fark,,,fark,,ISIM,isim,,,,,,,,,
to‘k,,,dök,,FIIL,fiil,,,,,,,,,
sovi,sovu,,soğumak,,FIIL,fiil,,,,,,,,,
sovuq,sovq,,,,ISIM,isim,"YUMUSAMA_qg‘, DUSME_SON_UNLU",,,,,,,,
qavi,,,sırı,,FIIL,fiil,,,,,,,,,
suz,,,"süz, filitre et",,FIIL,fiil,,,,,,,,,
suz,,,yüz,,FIIL,fiil,,,,,,,,,
suz,,,tosla,,FIIL,fiil,,,,,,,,,
ust,,,üst,,ZARF,zarf,,,,,,,,,
yuk,,,yük,,ISIM,isim,,,,,,,,,
o‘rtoq,o‘rtog‘,,ortak,,ISIM,isim,YUMUSAMA_qg‘,,,,,,,,
o‘raq,o‘rag‘,,orak,,ISIM,isim,YUMUSAMA_qg‘,,,,,,,,
o‘r,,,or,,FIIL,fiil,,,,,,,,,
o‘r,,,ör,,FIIL,fiil,,,,,,,,,
o'kin,o'ki,,pişman olmak,,FIIL,fiil,DUSME_UNSUZ,,,,,,,,
o‘r,,,yukarı tırman,,FIIL,fiil,,,,,,,,,
ishtiroq,,,iştirak,,ISIM,isim,,,,,,,,,
ittifoq,,,ittifak,,ISIM,isim,,,,,,,,,
bog‘,boq,,"bağ, bahçe",,ISIM,"isim,",SERTLESME_g‘q,,,,,,,,
bugun,,,bugün,,ZARF,"zarf, zaman",,,,,,,,,
buzoq,buzog‘,,buzağı,,ISIM,isim,YUMUSAMA_qg‘,,,,,,,,
tur,,,tür,,ISIM,isim,,,,,,,,,
tur,,,"dur, kalk",,FIIL,fiil,,,,,,,,,
kel,,,gelmek,,FIIL,fiil,,,,,,,,,
tur,,,dür,,FIIL,fiil,,,,,,,,,
ket,,,gitmek,,FIIL,fiil,,,,,,,,,
kichik,"kichig, kich",,küçük,,SIFAT,sifat,"YUMUSAMA_kg, DUSME_SON_HECE",,,,,,,,
kitob,,,kitap,,ISIM,isim,,,,,,,,,
ko‘ngil,ko‘ngl,,gönül,,ISIM,isim,DUSME_SON_UNLU,,,,,,,,
och,,,açmak,,FIIL,fiil,,,,,,,,,
och,,,aç,,SIFAT,sifat,,,,,,,,,
ona,,,ana,,ISIM,isim,,,,,,,,,
qalam,,,kalem,,ISIM,isim,,,,,,,,,
sog‘,soq,,sağmak,,FIIL,fiil,SERTLESME_g‘q,,,,,,,,
teg,tek,,değ,,FIIL,fiil,SERTLESME_gk,,,,,,,,
tosh,,,taş,,ISIM,isim,,,,,,,,,
oz,,,"zayıf düş, bitkin düş",,FIIL,fiil,,,,,,,,,
oz,,,"az, doğru yoldan sap",,FIIL,fiil,,,,,,,,,
tug‘,tuq,,"tuğ, bayrak, alem",,ISIM,isim,SERTLESME_g‘q,,,,,,,,
uch,,,üç,,SAYI,sayi,,,,,,,,,
to‘rt,,,dört,,SAYI,sayi,,,,,,,,,
besh,,,beş,,SAYI,sayi,,,,,,,,,
ur,,,vur,,FIIL,fiil,,,,,,,,,
qora,,,"kara, siyah",,SIFAT,sayi,,,,,,,,,
oq,,,"ak, beyaz",,SIFAT,sifat,,,,,,,,,
yot,,,yat,,FIIL,fiil,,,,,,,,,
yov,,,"düşman, yagu",,ISIM,isim,,,,,,,,,
yoy,,,"gökkuşağı, yay",,ISIM,isim,,,,,,,,,
yoy,,,"yaymak, sermek",,FIIL,fiil,,,,,,,,,
yoyiq,,,yassı,,ISIM,isim,,,,,,,,,
yoz,,,yaz,,FIIL,fiil,,,,,,,,,
yoz,,,aç,,FIIL,fiil,,,,,,,,,
yoz,,,şaşırmak,,FIIL,fiil,,,,,,,,,
yoz,,,yaz,,ISIM,isim,,,,,,,,,
yubor,,,gönder,,FIIL,fiil,,,,,,,,,
Yugnakiy,,,Yükneki,,ISIM_OZEL,isim,,,,,,,,,
yugur,,,koş,,FIIL,fiil,,,,,,,,,
yuklama,,,edat,,ISIM,isim,,,,,,,,,
yul,,,"yol, kopar",,FIIL,fiil,,,,,,,,,
yumsha,yumsho,,yumşa,,FIIL,fiil,YUVARLAKLASMA_ao,,,,,,,,
yum,,,"yum, kapa",,FIIL,fiil,,,,,,,,,
yunon,,,Yunan,,ISIM_OZEL,isim,,,,,,,,,
yupan,,,avun,,FIIL,fiil,,,,,,,,,
yuqori,,,yukarı,,ZARF,zarf,,,,,,,,,
a’lam,a’lam,,"baş müftü, ulema",,ISIM,isim,,,,,,,,,
a’zo,a’zo,,"üye, uzuv, organ",,ISIM,isim,,,,,,,,,
qiz,,,kız,,FIIL,fiil,,,,,,,,,
tiz,,,diz,,FIIL,fiil,,,,,,,,,
qir,,,"kır,",,FIIL,fiil,,,,,,,,,
Abdulaziz,Abdulaziz,,Abdulaziz,,ISIM_OZEL,isim,,,,,,,,,
Abdusalom,,,Abduselam,,ISIM_OZEL,isim,,,,,,,,,
Absalom,,,Absalom,,ISIM_OZEL,isim,,,,,,,,,
Abusami,,,Abusami,,ISIM_OZEL,isim,,,,,,,,,
Abushqa,,,Abuşka,,ISIM_OZEL,isim,,,,,,,,,
abzal,,,koşum takımı,,ISIM,,,,,,,,,,
adl,,,"adil, doğru",,ISIM,isim,,,,,,,,,
aeroport,,,havalimanı,,ISIM,isim,,,,,,,,,
affiks,,,ek,,ISIM,isim,,,,,,,,,
affrikat,,,afrikat,,ISIM,isim,,,,,,,,,
Afg‘oniston,,,"maalesef, ah keşke, yazık",,ISIM_OZEL,isim,,,,,,,,,
afsus,,,Afganistan,,EDAT_CUMLE_BASI,edat,,,,,,,,,
aft,,,"yüz, surat, dış görünüm",,ISIM,isim,,,,,,,,,
afzal,,,"âlâ, daha iyi",,SIFAT,sifat,,,,,,,,,
ag‘,,,ağmak,,FIIL,fiil,,,,,,,,,
antar,,,çevir,,FIIL,fiil,,,,,,,,,
agar,,,eğer,,EDAT,edat,,,,,,,,,
aggletinativ,,,eklemeli,,ISIM,isim,,,,,,,,,
ahamiyat,,,ehemmiyet,,ISIM,isim,,,,,,,,,
ahd,ahd,,ahit,,ISIM,isim,,,,,,,,,
ahil,,,ehil,,ISIM,isim,,,,,,,,,
ahl,,,ehl,,ISIM,isim,,,,,,,,,
Ahmad,,,Ahmet,,ISIM_OZEL,isim,,,,,,,,,
aholi,,,ahali,,ISIM,isim,,,,,,,,,
ahvol,,,"ahval, hal",,ISIM,isim,,,,,,,,,
ajab,,,ilginç,,ISIM,isim,,,,,,,,,
ajra,,,ayrıl,,FIIL,fiil,,,,,,,,,
aka,,,ağabey,,ISIM,isim,,,,,,,,,
akademiya,akademi,,akademi,,ISIM,isim,DUSME_SON_HECE,,,,,,,,
akatsiya,,,akasya,,ISIM,isim,,,,,,,,,
aks,,,akis,,ISIM,isim,,,,,,,,,
aksariyat,,,ekseriyet,,ISIM,isim,,,,,,,,,
aksentema,,,???,,ISIM,isim,,,,,,,,,
aksilterror,,,teröre karşı,,ISIM,isim,,,,,,,,,
aktiv,,,"faal,  aktif",,ISIM,isim,,,,,,,,,
akustika,,,akustik,,ISIM,isim,,,,,,,,,
alam,,,"alem, bayrak",,ISIM,isim,,,,,,,,,
alam,,,elem,,ISIM,isim,,,,,,,,,
alanga,,,alev,,ISIM,isim,,,,,,,,,
alaxsi,,,"birşeylerle uğraşarak zaman geçirmek, dalmak",,FIIL,fiil,,,,,,,,,
albatta,,,elbette,,EDAT,edat,,,,,,,,,
alda,,,"kandır, aldat",,FIIL,fiil,,,,,,,,,
alfavit,,,alfabe,,ISIM,isim,,,,,,,,,
alifbo,,,elifba,,ISIM,isim,,,,,,,,,
Alisher,,,Alişer,,ISIM,isim,,,,,,,,,
allafon,,,alafon,,ISIM,isim,,,,,,,,,
allaqachon,,,bir zamanlar,,ZARF_BELIRSIZLIK,zarf,,,,,,,,,
almash,,,değiştir,,FIIL,fiil,,,,,,,,,
alohida,,,"ayrı, münferit",,ZARF,zarf,,,,,,,,,
alohida-alohida,,,"ayrı ayrı, tek tek",,ZARF_IKILEME,zarf,,,,,,,,,
aloqa,,,alaka,,ISIM,isim,,,,,,,,,
Alpomish,,,Alpamış,,ISIM_OZEL,isim,,,,,,,,,
alternativ,,,alernatif,,ISIM,isim,,,,,,,,,
amal,,,"amel, mansıp",,ISIM,isim,,,,,,,,,
Amerika,,,Amerika,,ISIM_OZEL,isim,,,,,,,,,
Amir,,,"Emir, Han, Hükümdar",,ISIM,Unvan,,,,,,,,,
amr,,,"emir, buyruk",,ISIM,isim,,,,,,,,,
ammo,,,ama,,EDAT_BAGLAMA,edat,,,,,,,,,
amorf,,,amorf,,ISIM,isim,,,,,,,,,
an’ana,,,anane,,ISIM,isim,,,,,,,,,
ana,,,işte,,ZAMIR_ISARET,zamir,,,,,,,,,
ancha,,,o kadar,,ZARF_ZAMAN,zarf,,,,,,,,,
Andijon,,,Andican,,ISIM_OZEL,isim,,,,,,,,,
andoza,,,kalıp,,ISIM,isim,,,,,,,,,
aniq,,,"kesin, tam",,SIFAT,sifat,,,,,,,,,
anjom,,,ev alet edevatları,,ISIM,isim,,,,,,,,,
anjuman,,,"toplantı, meclis, encümen",,ISIM,isim,,,,,,,,,
anor,,,nar,,ISIM,isim,,,,,,,,,
anorzor,,,Ankara,,,,,,,,,,,,
Anqara,,,bön bön bak,,ISIM_OZEL,isim,,,,,,,,,
anqay,,,bön bön bak,,FIIL,fiil,,,,,,,,,
anqov,,,"aptal, bön",,ISIM,isim,,,,,,,,,
antonim,,,zıt,,ISIM,isim,,,,,,,,,
aorta,,,atar damar,,ISIM,isim,,,,,,,,,
apparat,,,"aygıt, cihaz",,ISIM,isim,,,,,,,,,
Apsami,,,Apsami,,ISIM_OZEL,,,,,,,,,,
aq,,,hapşu,,ISIM_TAKLIT,isim,,,,,,,,,
aql,,,akıl,,ISIM,isim,,,,,,,,,
AQSh,,,ABD,,KISALTMA,isim,,,,,,,,,
ar,,,100m kareye eşit ölçü birimi,,ISIM,isim,,,,,,,,,
arab,,,Arap,,ISIM,isim,,,,,,,,,
arafa,,,arefe,,ISIM,isim,,,,,,,,,
aralash,,,karışık,,SIFAT,sifat,,,,,,,,,
araz,,,küs,,SIFAT,sifat,,,,,,,,,
archi,,,sil,,FIIL,fiil,,,,,,,,,
argo,,,argo,,ISIM,isim,,,,,,,,,
ariya,,,arya,,ISIM,isim,,,,,,,,,
aro,,,ara,,ZARF,zarf,,,,,,,,,
arra,,,testere,,ISIM,isim,,,,,,,,,
art,,,"sil, temizle",,FIIL,fiil,,,,,,,,,
artikulyatsiya,,,"artikülasyon, konuşma esnasında ses organlarının hareketi",,ISIM,isim,,,,,,,,,
arxeologiya,arxeologi,,arkeoloji,,ISIM,isim,DUSME_SON_HECE,,,,,,,,
arzan,,,ucuz,,SIFAT,sifat,,,,,,,,,
asar,,,eser,,ISIM,isim,,,,,,,,,
asbob,,,"aygıt, esvab",,ISIM,isim,,,,,,,,,
Ashxobod,,,Aşkabat,,ISIM_OZEL,isim,,,,,,,,,
askiya,,,fıkra,,ISIM,isim,,,,,,,,,
asl,,,"asıl, esas",,ISIM,isim,,,,,,,,,
aslo,,,asla,,ZARF,zarf,,,,,,,,,
asos,,,esas,,ISIM,isim,,,,,,,,,
asr,,,"asır, yüzyıl",,ISIM,isim,,,,,,,,,
assimilyatsiya,,,"asimilasyon, benzetme",,ISIM,isim,,,,,,,,,
asta-sekin,,,yavaş yavaş,,ZARF_IKILEME,zarf,,,,,,,,,
ata,,,"adlandırmak, ad koymak",,FIIL,fiil,,,,,,,,,
atir,,,koku,,ISIM,isim,,,,,,,,,
atlas,,,atlas,,ISIM,isim,,,,,,,,,
Atoiy,,,Atayi,,ISIM_OZEL,isim,,,,,,,,,
atrof,,,etraf,,ISIM,isim,,,,,,,,,
avgust,,,Ağustos,,ISIM,isim,,,,,,,,,
avhol,,,"ahval, durum",,ISIM,isim,,,,,,,,,
avliyo,,,evliya,,ISIM,isim,,,,,,,,,
avlod,,,evlat,,ISIM,isim,,,,,,,,,
avtonom,,,otonomi,,ISIM,isim,,,,,,,,,
avval,,,evvel,,ZARF,zarf,,,,,,,,,
axtar,,,"gezmek, aramak",,FIIL,fiil,,,,,,,,,
ayb,,,"ayıp, noksan",,ISIM,isim,,,,,,,,,
haykir,,,haykır,,FIIL,fiil,,,,,,,,,
aykir,,,"şiddetli ses çıkarıp akmak, haykır",,FIIL,fiil,,,,,,,,,
aylan,,,"dön, dolaş",,FIIL,fiil,,,,,,,,,
ayni,,,aynı,,SIFAT,sifat,DUSME_SON_UNLU,,,,,,,,
ayol,,,kadın,,ISIM,isim,,,,,,,,,
ayon,,,ayan,,ISIM,isim,,,,,,,,,
ayrim,,,"ayrı, münferit",,ISIM,isim,,,,,,,,,
ayt,,,"söyle, anlat",,FIIL,fiil,,,,,,,,,
azm,,,"kesin karar, kararlılık, azim",,ISIM,isim,,,,,,,,,
azon,,,ezan,,ISIM,isim,,,,,,,,,
ba’zi,,,bazı,,ISIM,isim,,,,,,,,,
badavlat,,,devletli,,SIFAT,sifat,,,,,,,,,
badiiy,,,"bedi, edebi, sanatsal",,SIFAT,sifat,,,,,,,,,
Badoi,,,Bedâyi,,ISIM_OZEL,isim,,,,,,,,,
bag‘ayrat,,,gayretli,,SIFAT,sifat,,,,,,,,,
bahodir,,,bahadır,,ISIM,isim,,,,,,,,,
bahor,,,bahar,,ISIM,isim,,,,,,,,,
bajar,,,"becer, başar",,FIIL,fiil,,,,,,,,,
baland,,,"bülent, yüksek",,SIFAT,sifat,,,,,,,,,
baliq,balig‘,,balık,,ISIM,isim,YUMUSAMA_qg‘,,,,,,,,
balki,balki,,belki,,EDAT_CUMLE_BASI,edat,,,,,,,,,
balo,,,bela,,ISIM,isim,,,,,,,,,
bank,,,banka,,ISIM,isim,,,,,,,,,
banka,,,banka,,ISIM,isim,,,,,,,,,
banka,,,kavanoz,,ISIM,isim,,,,,,,,,
baqir,,,bağır,,FIIL,fiil,,,,,,,,,
baquvvat,,,kuvvetli,,SIFAT,sifat,,,,,,,,,
baravar,,,"eşit, denk, aynı anda, birlikte",,SIFAT,sifat,,,,,,,,,
barcha,,,birçok,,ZARF,zarf,,,,,,,,,
barmoq,barmog‘,,parmak,,ISIM,isim,YUMUSAMA_qg‘,,,,,,,,
barqaror,,,"sağlam, karara bağlanmış",,SIFAT,sifat,,,,,,,,,
bartaraf,,,bertaraf,,ISIM,isim,,,,,,,,,
basavlat,,,"görkemli, büyük",,SIFAT,sifat,,,,,,,,,
bashara,,,"yüz, sima, didar",,ISIM,isim,,,,,,,,,
batafsil,,,"büsbütün, tamamen",,ZARF,zarf,,,,,,,,,
baxt,,,baht,,ISIM,isim,,,,,,,,,
Baxtiyor-noma,,,Bahtıyar-name,,ISIM_OZEL,isim,,,,,,,,,
Bayirbujak,,,Bayırbujak,,ISIM_OZEL,isim,,,,,,,,,
bayram,,,bayram,,ISIM,isim,,,,,,,,,
baza,,,"esas, temel, dayanak, üs, ambar",,ISIM,isim,,,,,,,,,
bebaho,,,pahasız,,SIFAT,sifat,,,,,,,,,
befoyda,,,faydasız,,SIFAT,sifat,,,,,,,,,
beg‘alva,,,"kavgasız, sakin",,SIFAT,sifat,,,,,,,,,
beg‘ubor,,,"saf, katışıksız",,SIFAT,sifat,,,,,,,,,
belbog‘,,belboq,"belbağı, kuşak",,ISIM_BIRLESIK,isim,SERTLESME_g‘q,,,,,,,,
belgi,,,"işaret, damga",,ISIM,isim,,,,,,,,,
bemaza,,,tatsız,,SIFAT,sifat,,,,,,,,,
bepul,,,parasız,,SIFAT,sifat,,,,,,,,,
beqiyos,,,"ölçüsüz, hadsiz",,SIFAT,sifat,,,,,,,,,
ber,,,ver,,FIIL,fiil,,,,,,,,,
Berdimuhamedov,Berdimuhamedov,,Berdimuhammedov,,ISIM_OZEL,isim,,,,,,,,,
besabr,,,sabırsız,,SIFAT,sifat,,,,,,,,,
beshik,,,beşik,,ISIM,isim,,,,,,,,,
bet,,,"yüz, sima",,ISIM,isim,,,,,,,,,
betaraf,,,tarafsız,,SIFAT,sifat,,,,,,,,,
betashvish,,,"gamsız, sıkıntısı olmayan",,SIFAT,sifat,,,,,,,,,
betoqat,,,"takatsız, güçsüz",,SIFAT,sifat,,,,,,,,,
bevosita,,,"doğrudan, direk",,SIFAT,sifat,,,,,,,,,
bexabar,,,habersiz,,SIFAT,sifat,,,,,,,,,
Bhagat,,,Bhagat,,ISIM_OZEL,isim,,,,,,,,,
bil,,,bil,,FIIL,fiil,,,,,,,,,
bilak,bilag,,bilek,,ISIM,isim,YUMUSAMA_kg,,,,,,,,
bilan,bilan,,ile,,EDAT_CEKIM_BAGLAMA,edat,,,,,,,,,
Bilgahoqon,,,Bilge Kağğan,,ISIM_OZEL,isim,,,,,,,,,
bilik,bilig,,"bilgi, bilik",,ISIM,isim,YUMUSAMA_kg,,,,,,,,
binoan,,,binaen,,EDAT_EDAT_CEKIM,isim,,,,,,,,,
biq,,,koyu sıvının kaynadığında çıkardığı ses,,ISIM_TAKLIT,isim,,,,,,,,,
bir-biri,bir-bir,,"birbiri, kendi ara",,SAYI_BIRLESIK,sayi,DUSME_SON_UNLU,,,,,,,,
birma-bir,,,"bir bir, teker teker, tek tek, ",,SAYI_BIRLESIK,sayi,,,,,,,,,
birmuncha,,,bir hayli,,SIFAT_BIRLESIK,sifat,,,,,,,,,
birodar,,,birader,,ISIM,isim,,,,,,,,,
biroq,,,"ancak, fakat",,EDAT_CUMLE_BASI,edat,,,,,,,,,
bit,,,bitmek,,FIIL,fiil,,,,,,,,,
bit,,,"yetişmek, bitmek",,FIIL,fiil,,,,,,,,,
bit,,,"yazmak, bitimek",,FIIL,fiil,,,,,,,,,
biyron,,,"keskin keskin konuşan, hatip, konuşkan",,ISIM,isim,,,,,,,,,
biyron,,,"kıvamında pişirilmiş, ",,SIFAT,sıfat,,,,,,,,,
biznes-struktura,,,ticarî yapı,,BIRLESIK ISIM,isim,,,,,,,,,
bo‘g‘,bo‘q,bo‘q,boğmak,,FIIL,fiil,SERTLESME_g‘q,,,,,,,,
bo‘kir,,,böğür,,FIIL,fiil,,,,,,,,,
bo‘l,,,ol,,FIIL,fiil,,,,,,,,,
bo‘l,,,böl,,FIIL,fiil,,,,,,,,,
bo‘la,,,"olgun, iyi yetişmiş",,ISIM,isim,,,,,,,,,
bo‘la,,,kuzen,,ISIM,isim,,,,,,,,,
bo‘rala,,,şidetle yağ,,FIIL,fiil,,,,,,,,,
bo‘ya,,,boyamak,,ISIM,isim,,,,,,,,,
bo‘ya,bo‘yo,,boya,,FIIL,fiil,YUVARLAKLASMA_ao,,,,,,,,
bo‘yicha,bo‘yicha,,"göre, binayen, tüm, hakkında",,EDAT_CEKIM,edat,,,,,,,,,
boadab,,,edebli,,ISIM,isim,,,,,,,,,
bobo,bobo,,ata,,ISIM,isim,,,,,,,,,
Bobur,,,Babur,,ISIM_OZEL,isim,,,,,,,,,
bog’iston,,,bahar,,,,,,,,,,,,
bois,,,sebep,,ISIM,isim,,,,,,,,,
bola,,,çocuk,,ISIM,isim,,,,,,,,,
Bolgariya,,,Bulgaristan,,ISIM_OZEL,isim,,,,,,,,,
boq,,,bak,,FIIL,fiil,,,,,,,,,
baqir,,,bağır,,FIIL,fiil,,,,,,,,,
bor,,,var,,ISIM,isim,,,,,,,,,
bor,,,"git, var",,FIIL,fiil,,,,,,,,,
borada,,,hakkında,,EDAT,edat,,,,,,,,,
bos,,,bas,,FIIL,fiil,,,,,,,,,
bosh,,,baş,,ISIM,isim,,,,,,,,,
yog‘,yoq,,yağ,,FIIL,fiil,SERTLESME_g‘q,,,,,,,,
tut,,,tut,,FIIL,fiil,,,,,,,,,
tut,,,tüt,,FIIL,fiil,,,,,,,,,
tuta,,,tüt,,FIIL,fiil,,,,,,,,,
bot,,,bat,,FIIL,fiil,,,,,,,,,
boy,,,zengin,,ISIM,isim,,,,,,,,,
Bryussel,,,,,ISIM_OZEL,isim,,,,,,,,,
budjet,,,,,ISIM,isim,,,,,,,,,
bufet,,,,,ISIM,isim,,,,,,,,,
bug‘u,,,,,ISIM,isim,,,,,,,,,
buk,,,,,FIIL,fiil,,,,,,,,,
bulg‘a,,,,,FIIL,fiil,,,,,,,,,
buloq,bulog‘,,,,ISIM,isim,YUMUSAMA_qg‘,,,,,,,,
buqa,,,,,ISIM,isim,,,,,,,,,
bur,,,,,FIIL,fiil,,,,,,,,,
bur,,,,,ISIM_TAKLIT,isim,,,,,,,,,
burch,,,,,ISIM,isim,,,,,,,,,
burgut,,,,,ISIM,isim,,,,,,,,,
burj,,,,,ISIM,isim,,,,,,,,,
burka,,,,,FIIL,fiil,,,,,,,,,
Bursa,,,,,ISIM_OZEL,isim,,,,,,,,,
butun,,,,,SIFAT,sifat,,,,,,,,,
buvi,,,,,ISIM,isim,,,,,,,,,
buyuk,,,,,ISIM,isim,,,,,,,,,
buyur,buyr,,,,FIIL,fiil,DUSME_SON_UNLU,,,,,,,,
buz,,,,,FIIL,fiil,,,,,,,,,
chak,,,,,FIIL,fiil,,,,,,,,,
chalkash,,,,,ISIM,isim,,,,,,,,,
chalpi,,,,,,,,,,,,,,,
chambar,,,,,ISIM,isim,,,,,,,,,
chang,,,,,,,,,,,,,,,
chap,,,,,,,,,,,,,,,
chaq,,,,,FIIL,fiil,,,,,,,,,
chayna,,,,,FIIL,fiil,,,,,,,,,
chayqa,chakqo,,,,ISIM,isim,YUVARLAKLASMA_ao,,,,,,,,
chegara,,,,,ISIM_BIRLESIK,isim,,,,,,,,,
chehra,,,,,ISIM,isim,,,,,,,,,
chek,,,,,FIIL,fiil,,,,,,,,,
chempion,,,,,ISIM,isim,,,,,,,,,
chet,,,,,ISIM,isim,,,,,,,,,
chig‘atoy,,,,,ISIM_OZEL,isim,,,,,,,,,
chigil,,,,,ISIM_OZEL,isim,,,,,,,,,
chik,,,aşık kemiğinin çukurlu tarafı,,ISIM,isim,,,,,,,,,
chimchi,,,,,FIIL,fiil,,,,,,,,,
chin,,,,,ISIM,isim,,,,,,,,,
chin,,,,,ISIM,isim,,,,,,,,,
chinkir,,,,,FIIL,fiil,,,,,,,,,
chiq,,,,,FIIL,fiil,,,,,,,,,
chiroyli,,,güzel,,SIFAT,sifat,,,,,,,,,
chiyra,,,,,FIIL,fiil,,,,,,,,,
chiz,,,,,FIIL,fiil,,,,,,,,,
cho‘chi,,,,,FIIL,fiil,,,,,,,,,
cho‘hoq,,,,,FIIL,fiil,,,,,,,,,
cho‘l,,,,,ISIM,isim,,,,,,,,,
cho‘qmor,,,,,ISIM,isim,,,,,,,,,
cho‘t,,,,,,,,,,,,,,,
cho‘tka,,,,,,,,,,,,,,,
cho‘z,,,,,FIIL,fiil,,,,,,,,,
chog‘,,,,,ISIM,isim,,,,,,,,,
cholg‘u,,,,,ISIM,isim,,,,,,,,,
chop,,,,,FIIL,fiil,,,,,,,,,
chop,,,,,FIIL,fiil,,,,,,,,,
chopon,,,,,ISIM,isim,,,,,,,,,
chora-tadbir,,,,,ISIM_BIRLESIK,isim,,,,,,,,,
choy,,,,,ISIM,isim,,,,,,,,,
chul,,,,,ISIM,isim,,,,,,,,,
chulg‘a,,,"sarıp sarmala, çuvalla",,FIIL,fiil,,,,,,,,,
chunki,,,,,EDAT,edat,,,,,,,,,
chunonchi,,,,,EDAT,edat,,,,,,,,,
chuqur,,,,,ISIM,isim,,,,,,,,,
chushkir,,,,,FIIL,fiil,,,,,,,,,
chuv,,,,,ISIM,isim,,,,,,,,,
chuv,,,,,ISIM,isim,,,,,,,,,
chuv,,,,,ISIM,isim,,,,,,,,,
chuv,,,,,ISIM_TAKLIT,isim,,,,,,,,,
da’vo,,,,,ISIM,isim,,,,,,,,,
daftar,,,,,ISIM,isim,,,,,,,,,
dala,,,,,ISIM,isim,,,,,,,,,
dalil,,,,,ISIM,isim,,,,,,,,,
dalolat,,,,,ISIM,isim,,,,,,,,,
dam,,,,,ISIM,isim,,,,,,,,,
dangasa,,,,,ISIM,isim,,,,,,,,,
danyalik,,,,,,,,,,,,,,,
daraja,,,,,ISIM,isim,,,,,,,,,
daraxt,,,,,ISIM,isim,,,,,,,,,
dard,,,,,ISIM,isim,,,,,,,,,
darkor,,,,,ISIM,isim,,,,,,,,,
darrov,,,,,ZARF,zarf,,,,,,,,,
dars,,,,,ISIM,isim,,,,,,,,,
daryo,,,,,ISIM,isim,,,,,,,,,
dastlabki,,,,,,,,,,,,,,,
dastur,,,,,ISIM,isim,,,,,,,,,
suv,su,,su,,ISIM,isim,DUSME_SON_UNSUZ,,,,,,,,
suva,suvo,,sıvamak,,FIIL,fiil,YUVARLAKLASMA_ao,,,,,,,,
dat,,,,,ISIM_TAKLIT,isim,,,,,,,,,
Davis,,,,,ISIM_OZEL,isim,,,,,,,,,
davlat,,,,,ISIM,isim,,,,,,,,,
davo,,,,,ISIM,isim,,,,,,,,,
davom,,,,,ISIM,isim,,,,,,,,,
davr,,,,,ISIM,isim,,,,,,,,,
daxl,,,,,ISIM,isim,,,,,,,,,
de,,,,,FIIL,fiil,,,,,,,,,
dengiz,,,,,ISIM,isim,,,,,,,,,
devon,,,,,ISIM,isim,,,,,,,,,
devor,,,,,ISIM,isim,,,,,,,,,
deyarli,,,,,ZARF,zarf,,,,,,,,,
dialekt,,,,,ISIM,isim,,,,,,,,,
dialektal,dialektal,,,,ISIM,isim,,,,,,,,,
dialektologiya,diyalektologi,,,,ISIM,isim,DUSME_SON_HECE,,,,,,,,
dialog,,,,,ISIM,isim,,,,,,,,,
dilmoch,,,,,,,,,,,,,,,
dimog‘,dimoq,dimoq,,,ISIM,isim,SERTLESME_g‘q,,,,,,,,
dinamika,dinami,,,,,,DUSME_SON_HECE,,,,,,,,
diqqat,,,,,ISIM,isim,,,,,,,,,
direktor,,,,,ISIM,isim,,,,,,,,,
dissimilyatsiya,dissimilyatsiya,,,,ISIM,isim,,,,,,,,,
do‘l,,,,,ISIM,isim,,,,,,,,,
do‘ng,,,,,ISIM,isim,,,,,,,,,
do‘ppi,,,,,ISIM,isim,,,,,,,,,
do‘st,,,,,ISIM,isim,,,,,,,,,
Dog‘iston,,,,,ISIM_OZEL,isim,,,,,,,,,
doim,,,,,ZARF,zarf,,,,,,,,,
doir,,,,,SIFAT,sifat,,,,,,,,,
doira,,,,,ISIM,isim,,,,,,,,,
doklad,,,,,ISIM,isim,,,,,,,,,
doktor,,,,,ISIM,isim,,,,,,,,,
dolzarb,,,"sıkışık, zor durum, vahim",,SIFAT,sifat,,,,,,,,,
dominant,,,,,ISIM,isim,,,,,,,,,
dona,,,,,ISIM,isim,,,,,,,,,
doston,,,,,ISIM,isim,,,,,,,,,
dotsent,,,,,ISIM,isim,,,,,,,,,
drama,,,,,ISIM,isim,,,,,,,,,
dublet,,,,,ISIM,isim,,,,,,,,,
duch,,,,,,,,,,,,,,,
dud,,,,,ISIM,isim,,,,,,,,,
Dunford,,,,,ISIM_OZEL,isim,,,,,,,,,
dunyo,,,,,ISIM,isim,,,,,,,,,
duo,,,,,ISIM,isim,,,,,,,,,
duoxon ,,,,,,,,,,,,,,,
Durbek,,,,,ISIM_OZEL,isim,,,,,,,,,
durdona,,,,,ISIM,isim,,,,,,,,,
dutor,,,,,ISIM,isim,,,,,,,,,
duxtir,,,,,,,,,,,,,,,
e’lon,,,,,ISIM,isim,,,,,,,,,
e’tibor,,,,,ISIM,isim,,,,,,,,,
e’tirof,,,,,ISIM,isim,,,,,,,,,
edi,,,,,FIIL_YARDIMCI,fiil,,,,,,,,,
eftalit,,,,,ISIM,isim,,,,,,,,,
ega,,,,,ISIM,isim,,,,,,,,,
Egamberdi,,,,,ISIM_OZEL,isim,,,,,,,,,
egin,egn,,,,ISIM,isim,DUSME_SON_UNLU,,,,,,,,
ehtiyoj,,,,,ISIM,isim,,,,,,,,,
ekan,,,,,FIIL_YARDIMCI,fiil,,,,,,,,,
ek,,,ek,,FIIL,fiil,,,,,,,,,
ekin,,,,,ISIM,isim,,,,,,,,,
ekinzor,,,,,,,,,,,,,,,
ekspeditsiya,ekspedits,,,,ISIM,isim,DUSME_SON_İKİ_HECE,,,,,,,,
eksperiment,,,,,ISIM,isim,,,,,,,,,
elchixona,,,,,ISIM_BIRLESIK,isim,,,,,,,,,
elektor,,,,,ISIM,isim,,,,,,,,,
elektr,,,,,ISIM,isim,,,,,,,,,
elik,,,,,ISIM,isim,,,,,,,,,
eliziya,,,,,ISIM,isim,,,,,,,,,
em,,,,,FIIL,fiil,,,,,,,,,
emas,,,,,EDAT_OLUMSUZLUK,edat,,,,,,,,,
emish,,,,,FIIL_YARDIMCI,fiil,,,,,,,,,
Enasoy,,,,,ISIM_OZEL,isim,,,,,,,,,
eng,,,,,SIFAT_PEKISTIRME,sifat,,,,,,,,,
epenteza,,,,,,,,,,,,,,,
epos,,,,,ISIM,isim,,,,,,,,,
era,,,,,,,,,,,,,,,
Erdog‘an,,,,,ISIM_OZEL,isim,,,,,,,,,
eri,,,,,FIIL,fiil,,,,,,,,,
erk,,,,,ISIM,isim,,,,,,,,,
erka,,,,,,,,,,,,,,,
erka,,,,,ISIM,isim,,,,,,,,,
erkatoy ,,,,,,,,,,,,,,,
Erkin,,,,,ISIM_OZEL,isim,,,,,,,,,
Erkinoy,,,,,,,,,,,,,,,
Erkinoy,,,,,ISIM_OZEL,isim,,,,,,,,,
Eron,,,,,ISIM_OZEL,isim,,,,,,,,,
ertak,,,,,ISIM,isim,,,,,,,,,
es,,,"akıl, hatıra",,ISIM,isim,,,,,,,,,
esa,,,,,FIIL_YARDIMCI,fiil,,,,,,,,,
Esenbog‘a,,,,,ISIM_OZEL,isim,,,,,,,,,
eshit,,,,,FIIL,fiil,,,,,,,,,
 esirik,,,,,,,,,,,,,,,
eski,,,,,SIFAT,sifat,,,,,,,,,
eskiroq,,,,,,,,,,,,,,,
estetika,esteti,,,,ISIM,isim,DUSME_SON_HECE,,,,,,,,
et,,,,,FIIL,fiil,,,,,,,,,
etak,,,,,ISIM,isim,,,,,,,,,
etnik,,,,,ISIM,isim,,,,,,,,,
evro,,,,,ISIM,isim,,,,,,,,,
ey,,,,,UNLEM,unlem,,,,,,,,,
ezgu,,,,,SIFAT,sifat,,,,,,,,,
fabrika,,,,,ISIM,isim,,,,,,,,,
fakt,,,,,ISIM,isim,,,,,,,,,
falokat,,,,,ISIM,isim,,,,,,,,,
fan,,,,,ISIM,isim,,,,,,,,,
faol,,,,,SIFAT,sifat,,,,,,,,,
faoliyat,,,,,ISIM,isim,,,,,,,,,
faqat,,,,,EDAT_CUMLE_BASI,edat,,,,,,,,,
Farg‘ona,,,,,ISIM_OZEL,isim,,,,,,,,,
farq,,,,,ISIM,isim,,,,,,,,,
farzand,,,,,ISIM,isim,,,,,,,,,
fasl,,,,,ISIM,isim,,,,,,,,,
faxriy,,,,,ISIM,isim,,,,,,,,,
fazo-,,,,,ISIM,isim,,,,,,,,,
fe’l,,,,,ISIM,isim,,,,,,,,,
festival,,,,,ISIM,isim,,,,,,,,,
fikr,,,,,ISIM,isim,,,,,,,,,
filologiya,filologi,,,,ISIM,isim,DUSME_SON_HECE,,,,,,,,
fin-ugor,,,,,ISIM_BIRLESIK,isim,,,,,,,,,
fizika,fizi,,,,ISIM,isim,DUSME_SON_HECE,,,,,,,,
flektiv,,,,,ISIM,isim,,,,,,,,,
fon,,,,,ISIM,isim,,,,,,,,,
fonema,fonem,,,,ISIM,isim,DUSME_SON_UNLU,,,,,,,,
fonetika,foneti,,,,ISIM,isim,DUSME_SON_HECE,,,,,,,,
fonografik,fonografik,,,,ISIM_BIRLESIK,isim,,,,,,,,,
fonologiya,fonologi,,,,ISIM,isim,DUSME_SON_HECE,,,,,,,,
fors,fors,,,,ISIM,isim,,,,,,,,,
fors-tojik,,,,,ISIM_BIRLESIK,isim,,,,,,,,,
foto galereya,,,,,ISIM_IS_TAMLAMA,isim,,,,,,,,,
foyda,,,,,ISIM,isim,,,,,,,,,
Fransiya,,,,,ISIM_OZEL,isim,,,,,,,,,
fraziologiya,fraziologi,,,,ISIM,isim,DUSME_SON_HECE,,,,,,,,
funksiya,funksi,,,,ISIM,isim,DUSME_SON_HECE,,,,,,,,
fursat,,,,,ISIM,isim,,,,,,,,,
G‘afforov,,,,,ISIM_OZEL,isim,,,,,,,,,
g‘ali,,,,,,,,,,,,,,,
g‘alla,,,,,ISIM,isim,,,,,,,,,
g‘azal,,,,,ISIM,isim,,,,,,,,,
g‘imir,,,,,,,,,,,,,,,
g‘o‘za,,,,,,,,,,,,,,,
g‘oya,,,,,ISIM,isim,,,,,,,,,
g‘ussa,,,,,ISIM,isim,,,,,,,,,
g’alladon,,,,,,,,,,,,,,,
gado,,,,,ISIM,isim,,,,,,,,,
 gaji,,,,,,,,,,,,,,,
galereya,,,,,ISIM,isim,,,,,,,,,
gap,,,,,ISIM,isim,,,,,,,,,
garchi,,,,,EDAT_CUMLE_BASI,edat,,,,,,,,,
gard,,,,,,,,,,,,,,,
gazet,,,,,ISIM,isim,,,,,,,,,
gazeta,,,,,ISIM,isim,,,,,,,,,
geneologiya,geneologi,,,,ISIM,isim,DUSME_SON_HECE,,,,,,,,
general,,,,,ISIM,isim,,,,,,,,,
geniy,geni,,dahi,,ISIM,isim,DUSME_SON_UNSUZ,,,,,,,,
geo΄log,,,,,ISIM,isim,,,,,,,,,
german,,,,,ISIM,isim,,,,,,,,,
gijja,,,,,,,,,,,,,,,
gil,,,,,,,,,,,,,,,
ginshi,,,,,,,,,,,,,,,
go‘dak,,,,,ISIM,isim,,,,,,,,,
Go‘ro‘g‘li,,,,,ISIM_OZEL,isim,,,,,,,,,
go‘sh,,,,,FIIL,fiil,,,,,,,,,
go‘sht,,,,,ISIM,isim,,,,,,,,,
go‘za,,,,,,,,,,,,,,,
Gollandiya,,,,,ISIM_OZEL,isim,,,,,,,,,
gorizont,,,,,ISIM,isim,,,,,,,,,
gorizontal,,,,,SIFAT,sifat,,,,,,,,,
got,,,,,,,,,,,,,,,
grafema,,,,,,,,,,,,,,,
grafika,grafi,,,,ISIM,isim,DUSME_SON_HECE,,,,,,,,
grafit,,,,,,,,,,,,,,,
gramm,,,,,ISIM,isim,,,,,,,,,
grammatika,grammati,,,,,,DUSME_SON_HECE,,,,,,,,
grant,,,,,ISIM,isim,,,,,,,,,
grek,,,,,ISIM,isim,,,,,,,,,
Gruziya,,,,,ISIM_OZEL,isim,,,,,,,,,
gul,,,,,ISIM,isim,,,,,,,,,
gulzor ,,,,,,,,,,,,,,,
gur,,,,,,,,,,,,,,,
Gurbanguli,,,,,ISIM_OZEL,isim,,,,,,,,,
guruh,,,,,ISIM,isim,,,,,,,,,
guvoh,,,,,ISIM,isim,,,,,,,,,
 guvra,,,,,,,,,,,,,,,
haj,,,,,ISIM,isim,,,,,,,,,
hajm,,,,,ISIM,isim,,,,,,,,,
hal,,,,,,,,,,,,,,,
ham,,,,,EDAT_baglama,edat,,,,,,,,,
hamisha,,,,,ZARF,zarf,,,,,,,,,
hamkasb,,,,,ISIM_BIRLESIK,isim,,,,,,,,,
hamkor,,,,,SIFAT,sifat,,,,,,,,,
hamma,,,,,ZAMIR_BELIRSIZLIK???,zamir,,,,,,,,,
hang,,,,,,,,,,,,,,,
haq,,,,,,,,,,,,,,,
haqda,,,,,EDAT_CEKIM,edat,,,,,,,,,
haqida,,,,,EDAT_CEKIM,edat,,,,,,,,,
har,,,,,EDAT,edat,,,,,,,,,
harakat,,,,,ISIM,isim,,,,,,,,,
harbiy,,,,,ISIM,isim,,,,,,,,,
harf,,,,,ISIM,isim,,,,,,,,,
harorat,,,,,ISIM,isim,,,,,,,,,
hasharga,,,,,,,,,,,,,,,
hasharot,,,,,ISIM,isim,,,,,,,,,
hatto,,,,,ZARF,zarf,,,,,,,,,
havo,,,,,ISIM,isim,,,,,,,,,
havza,,,,,ISIM,isim,,,,,,,,,
hayda,,,,,FIIL,fiil,,,,,,,,,
hayvon,,,,,ISIM,isim,,,,,,,,,
Hazarika,,,,,ISIM_OZEL,isim,,,,,,,,,
hech,,,,,ZARF,zarf,,,,,,,,,
Helga,,,,,ISIM_OZEL,isim,,,,,,,,,
hid,,,,,ISIM,isim,,,,,,,,,
hil,,,,,ISIM,isim,,,,,,,,,
hind,,,,,ISIM,isim,,,,,,,,,
Hindiston,,,,,ISIM_OZEL,isim,,,,,,,,,
hind-yevropa,,,,,ISIM_BIRLESIK,isim,,,,,,,,,
hiq,,,,,,,,,,,,,,,
hiqildoq,,,,,,,,,,,,,,,
his-hayajon,,,,,ISIM_BIRLESIK,isim,,,,,,,,,
hisob,,,,,ISIM,isim,,,,,,,,,
hisob,,,,,ISIM,isim,,,,,,,,,
hissa,,,,,ISIM,isim,,,,,,,,,
his-tuyg‘u,,,,,ISIM_BIRLESIK,isim,,,,,,,,,
hodisa,,,,,ISIM,isim,,,,,,,,,
hol,,,,,ISIM,isim,,,,,,,,,
hoqon,,,,,ISIM,isim,,,,,,,,,
hordiq,,,,,FIIL,fiil,,,,,,,,,
hosil,,,,,ISIM,isim,,,,,,,,,
hosila,,,,,ISIM,isim,,,,,,,,,
hovli,,,,,ISIM,isim,,,,,,,,,
hozir,,,,,ZARF,zarf,,,,,,,,,
hozir,,,,,,,,,,,,,,,
hudud,,,,,ISIM,isim,,,,,,,,,
hujjat,,,,,ISIM,isim,,,,,,,,,
hukm,,,,,ISIM,isim,,,,,,,,,
hunar,,,,,ISIM,isim,,,,,,,,,
hurmat,,,,,ISIM,isim,,,,,,,,,
hurmatli,,,,,,,,,,,,,,,
huzur,,,,,ISIM,isim,,,,,,,,,
iberiy-kavkaz,,,,,ISIM_BIRLESIK,isim,,,,,,,,,
iborat,,,,,EDAT_CEKIM,edat,,,,,,,,,
ibtido,,,,,ISIM,isim,,,,,,,,,
ich,,,,,ISIM,isim,,,,,,,,,
ich,,,,,FIIL,fiil,,,,,,,,,
ichak,,,,,,,,,,,,,,,
ichki,,,,,,,,,,,,,,,
idiografik,,,,,ISIM,isim,,,,,,,,,
idrok,,,,,ISIM,isim,,,,,,,,,
iflos,,,,,ISIM,isim,,,,,,,,,
ifoda,,,,,ISIM,isim,,,,,,,,,
igna,,,,,ISIM,isim,,,,,,,,,
ignasimon,,,,,,,,,,,,,,,
ijob,,,,,,,,,,,,,,,
ijod,,,,,ISIM,isim,,,,,,,,,
ijro,,,,,ISIM,isim,,,,,,,,,
ijtimoiy,,,,,SIFAT,sifat,,,,,,,,,
ijtimoiy-siyosiy,,,,,ISIM_BIRLESIK,isim,,,,,,,,,
il,,,,,FIIL,fiil,,,,,,,,,
ildiz,,,,,ISIM,isim,,,,,,,,,
ilgari,,,,,ZARF,zarf,,,,,,,,,
ilik,,,,,SIFAT,sifat,YUMUSAMA_kg,,,,,,,,
iliq,,,,,,,YUMUSAMA_qg‘,,,,,,,,
iljay,,,,,FIIL,fiil,,,,,,,,,
ilk,,,,,ZARF,zaf,,,,,,,,,
ilm,,,,,ISIM,isim,,,,,,,,,
ilm-fan,,,,,ISIM_BIRLESIK,isim,,,,,,,,,
ilmiy-tadqiqot,,,,,ISIM_BIRLESIK,isim,,,,,,,,,
iloj,,,,,ISIM,isim,,,,,,,,,
im,,,,,,,,,,,,,,,
imkon,,,,,ISIM,isim,,,,,,,,,
imlo,,,,,ISIM,isim,,,,,,,,,
imzo,,,,,ISIM,isim,,,,,,,,,
ingra,,,,,FIIL,fiil,,,,,,,,,
inistitut,,,,,ISIM,isim,,,,,,,,,
inqiroz,,,,,ISIM,isim,,,,,,,,,
intifoq,,,,,ISIM,isim,,,,,,,,,
intil,,,,,FIIL,fiil,,,,,,,,,
Iogan,,,,,,,,,,,,,,,
iqtisod,,,,,ISIM,isim,,,,,,,,,
iqtisodiy,,,,,,,,,,,,,,,
iqtisodiyot,,,,,,,,,,,,,,,
irgam,,,,,,,,,,,,,,,
irgamchik,,,,,,,,,,,,,,,
irik,,,,,SIFAT,sifat,YUMUSAMA_kg,,,,,,,,
Iroq,,,,,ISIM_OZEL,isim,,,,,,,,,
ırq,,,,,ISIM,isim,,,,,,,,,
is,,,koku,,ISIM,isim,,,,,,,,,
isbot,,,,,ISIM,isim,,,,,,,,,
ish,,,iş,,ISIM,isim,,,,,,,,,
ishan,,,,,FIIL,fiil,,,,,,,,,
ishbilarmon,,,,,ISIM_BIRLESIK,isim,,,,,,,,,
ishchan,,,,,,,,,,,,,,,
ishqir,,,,,FIIL,fiil,,,,,,,,,
ishtirok,,,,,ISIM,isim,,,,,,,,,
ishyoqmas,,,,,ISIM_BIRLESIK,isim,,,,,,,,,
island,,,,,ISIM,isim,,,,,,,,,
isloh,,,,,ISIM,isim,,,,,,,,,
islohat,,,,,ISIM,isim,,,,,,,,,
islom,,,,,ISIM,isim,,,,,,,,,
ism,,,,,ISIM,isim,,,,,,,,,
Ismoil,,,,,ISIM_OZEL,isim,,,,,,,,,
ispan,,,,,ISIM,isim,,,,,,,,,
issiq,,,,,SIFAT,sifat,,,,,,,,,
ista,,,,,FIIL,fiil,,,,,,,,,
istakan,,,,,ISIM,isim,,,,,,,,,
iste’mol,,,,,ISIM,isim,,,,,,,,,
istilo,,,,,ISIM,isim,,,,,,,,,
istinod,,,,,ISIM,isim,,,,,,,,,
istinodgoh,,,,,,,,,,,,,,,
istiqlol,,,,,ISIM,isim,,,,,,,,,
istiqomat,,,,,ISIM,isim,,,,,,,,,
istirohat,,,,,ISIM,isim,,,,,,,,,
italyan,,,,,ISIM,isim,,,,,,,,,
ivir,,,,,,,,,,,,,,,
ixcham,,,,,,,,,,,,,,,
ixtisos,,,,,ISIM,isim,,,,,,,,,
iyeroglif,,,,,ISIM,isim,,,,,,,,,
iyul,,,,,ISIM,isim,,,,,,,,,
iz,,,,,ISIM,isim,,,,,,,,,
izchil,,,,,,,,,,,,,,,
izhor,,,,,ISIM,isim,,,,,,,,,
izoh,,,,,ISIM,isim,,,,,,,,,
izzat,,,,,ISIM ,isim,,,,,,,,,
izzat-ikrom,,,,,ISIM_BIRLESIK,isim,,,,,,,,,
jabha,,,,,ISIM,isim,,,,,,,,,
jadid,,,,,ISIM,isim,,,,,,,,,
jag‘,jag‘,,,,,,,,,,,,,,
jahl,,,,,ISIM,isim,,,,,,,,,
jahon,,,,,ISIM,isim,,,,,,,,,
jam,,,,,ISIM,isim,,,,,,,,,
jam,,,,,ISIM,isim,,,,,,,,,
jamiyat,,,,,ISIM,isim,,,,,,,,,
jamoa,,,,,ISIM,isim,,,,,,,,,
jamoat,,,,,ISIM,isim,,,,,,,,,
Jamolxonov,,,,,ISIM_OZEL,isim,,,,,,,,,
jang,,,,,ISIM,isim,,,,,,,,,
janggoh,,,,,,,,,,,,,,,
janr,,,,,ISIM,isim,,,,,,,,,
janub,,,,,ISIM,isim,,,,,,,,,
jarang,,,,,ISIM,isim,,,,,,,,,
jarayon,,,,,ISIM,isim,,,,,,,,,
jargon,,,,,ISIM,isim,,,,,,,,,
jasur,,,,,ISIM,isim,,,,,,,,,
javob,,,,,ISIM,isim,,,,,,,,,
jayran,,,,,ISIM,isim,,,,,,,,,
Jeff,,,,,ISIM_OZEL,isim,,,,,,,,,
jekir,,,,,FIIL,fiil,,,,,,,,,
jihat,,,,,ISIM,isim,,,,,,,,,
jihoz,,,,,ISIM,isim,,,,,,,,,
jil,,,,,FIIL,fiil,,,,,,,,,
jilmay-,,,,,FIIL,fiil,,,,,,,,,
jim,,,,,ISIM,isim,,,,,,,,,
jindak,,,,,SIFAT,sifat,,,,,,,,,
jips,,,,,SIFAT,sifat,,,,,,,,,
jirkanch,,,,,SIFAT,sifat,,,,,,,,,
jism,,,,,ISIM,isim,,,,,,,,,
Jizzax,,,,,ISIM_OZEL,isim,,,,,,,,,
jo‘ja,,,,,,,,,,,,,,,
jo‘na,,,,,FIIL,fiil,,,,,,,,,
jo‘ra,,,,,,,,,,,,,,,
jo‘yak,,,,,,,,,,,,,,,
joiz,,,,,ISIM,isim,,,,,,,,,
jon,,,,,ISIM,isim,,,,,,,,,
jon,,,,,ISIM,isim,,,,,,,,,
joriy,,,,,ISIM,isim,,,,,,,,,
Joseph,,,,,ISIM_OZEL,isim,,,,,,,,,
joy,,,,,ISIM,isim,,,,,,,,,
juda,,,,,ZARF,zarf,,,,,,,,,
juft,,,,,ISIM,isim,,,,,,,,,
jumla,,,,,ISIM,isim,,,,,,,,,
jurnal,,,,,ISIM,isim,,,,,,,,,
kabi,,,,,EDAT_CEKIM,edat,,,,,,,,,
kabila,,,,,ISIM,isim,,,,,,,,,
kahramon,,,,,ISIM,isim,,,,,,,,,
kakildoq,,,,,,,,,,,,,,,
kakildoq,,,,,SIFAT,sifat,,,,,,,,,
kam,,,,,SIFAT,sifat,,,,,,,,,
kamchil,,,,,,,,,,,,,,,
kamon,,,,,ISIM,isim,,,,,,,,,
Karimov,,,,,ISIM_OZEL,isim,,,,,,,,,
kasb,,,,,ISIM,isim,,,,,,,,,
kashf,,,,,ISIM,isim,,,,,,,,,
kashta,,,,,ISIM,isim,,,,,,,,,
katta,,,,,SIFAT,sifat,,,,,,,,,
kayf,,,,,ISIM,sifat,,,,,,,,,
kech,,,geç,,FIIL,fiil,,,,,,,,,
kecha,,,dün,,ZARF_ZAMAN,zarf,,,,,,,,,
kech,,,"geç, akşam",,ZARF_ZAMAN,zarf,,,,,,,,,
kekir,,,geğirmek,,FIIL,fiil,,,,,,,,,
Keles,,,,,ISIM_OZEL,isim,,,,,,,,,
keng,,,,,SIFAT,sifat,,,,,,,,,
kengash,,,,,ISIM,isim,,,,,,,,,
kenja,,,küçük,,ISIM,isim,,,,,,,,,
kenjatoy,,,,,,,,,,,,,,,
kepchik,,,,,,,,,,,,,,,
kepchik,,,,,,,,,,,,,,,
kerak,,,,,ISIM,isim,,,,,,,,,
keraksiz,,,,,,,,,,,,,,,
kes,,,,,FIIL,fiil,,,,,,,,,
ketdi,,,,,,,,,,,,,,,
keyin,,,,,EDAT_CEKIM,edat,,,,,,,,,
kilovatt,,,,,ISIM,isim,,,,,,,,,
kim ,,,,,Zamir ,zamir,,,,,,,,,
kimniki,,,,,,,,,,,,,,,
Kipr,,,,,ISIM_OZEL,isim,,,,,,,,,
kir,,,gir,,FIIL,fiil,,,,,,,,,
kir,,,kir,,SIFAT,sifat,,,,,,,,,
kirchil,,,,,,,,,,,,,,,
kirgiz,,,,,ISIM,isim,,,,,,,,,
kirill,kiril,,,,ISIM,isim,TEKLESME_L,,,,,,,,
kishi,,,,,ISIM,isim,,,,,,,,,
kissa,,,,,ISIM,isim,,,,,,,,,
kitapli,,,,,,,,,,,,,,,
kitobcha,,,,,,,,,,,,,,,
kitobchi,,,,,,,,,,,,,,,
kitobim,,,,,,,,,,,,,,,
kitoblar,,,,,,,,,,,,,,,
kitoblar,,,,,,,,,,,,,,,
kitobniki,,,,,,,,,,,,,,,
kiy,,,,,FIIL,fiil,,,,,,,,,
kiyim-kechak,,,,,ISIM_BIRLESIK,isim,,,,,,,,,
ko‘ch,,,,,FIIL,fiil,,,,,,,,,
ko‘cha,,,,,ISIM,isim,,,,,,,,,
ko‘hna,,,,,SIFAT,sifat,,,,,,,,,
ko‘k,,,,,SIFAT,sifat,,,,,,,,,
ko‘kcha,,,,,,,,,,,,,,,
ko‘kcha,,,,,,,,,,,,,,,
ko‘krak,,,,,ISIM,isim,,,,,,,,,
ko‘lam,,,,,ISIM,isim,,,,,,,,,
ko‘lanka,,,,,ISIM,isim,,,,,,,,,
 ko‘m,,,,,FIIL,fiil,,,,,,,,,
ko‘mak,,,,,ISIM,isim,,,,,,,,,
ko‘n,,,alış,,FIIL,fiil,,,,,,,,,
ko‘p,,,,,SIFAT_BELIRSIZLIK,sifat,,,,,,,,,
ko‘plik,,,,,,,,,,,,,,,
ko‘r,,,kör,,ISIM,isim,,,,,,,,,
ko‘r,,,gör,,FIIL,fiil,,,,,,,,,
ko‘r,,,,,ISIM,isim,,,,,,,,,
ko‘ra,,,,,EDAT_CEKIM,edat,,,,,,,,,
Ko‘rfaz,,,,,ISIM_OZEL,isim,,,,,,,,,
ko‘tar,,,,,FIIL,fiil,,,,,,,,,
ko‘z,,,,,ISIM,isim,,,,,,,,,
ko‘za,,,,,ISIM,isim,,,,,,,,,
ko‘zga-,,,,,FIIL,fiil,,,,,,,,,
kod,,,,,ISIM,isim,,,,,,,,,
kofta,,,,,ISIM,isim,,,,,,,,,
Kojayayla,,,,,ISIM_OZEL,isim,,,,,,,,,
koloniya,koloni,,,,ISIM,isim,DUSME_SON_HECE,,,,,,,,
kombinator,,,,,SIFAT,sifat,,,,,,,,,
kombinatsiya,,,,,ISIM,isim,,,,,,,,,
Komilov,,,,,ISIM_OZEL,isim,,,,,,,,,
komissiya,komiss,,,,ISIM,isim,DUSME_SON_İKİ_HECE,,,,,,,,
kommunikatsiya,kommunikat,,,,ISIM,isim,DUSME_SON_İKİ_HECE,,,,,,,,
komparativistika,,,,,ISIM,isim,,,,,,,,,
konsonontism,,,,,ISIM,isim,,,,,,,,,
koordinator,,,,,ISIM,isim,,,,,,,,,
kor,,,,,ISIM,isim,,,,,,,,,
koreys,,,,,ISIM,isim,,,,,,,,,
koridor,,,,,ISIM,isim,,,,,,,,,
kosa,,,,,ISIM,isim,,,,,,,,,
Koshg‘ariy,,,,,ISIM_OZEL,isim,,,,,,,,,
Kosovo,,,,,ISIM_OZEL,isim,,,,,,,,,
kotib,,,,,ISIM,isim,,,,,,,,,
kuch,,,,,ISIM,isim,,,,,,,,,
kul,,,,,FIIL,fiil,,,,,,,,,
Kultegin,,,,,,,,,,,,,,,
kun,,,,,ISIM,isim,,,,,,,,,
kurash,,,,,ISIM,isim,,,,,,,,,
 kut,,,,,ISIM,isim,,,,,,,,,
 kuy,,,,,FIIL,fiil,,,,,,,,,
 kuy,,,,,ISIM,isim,,,,,,,,,
kuya,,,,,ISIM,isim,,,,,,,,,
kuyov,,,,,ISIM,isim,,,,,,,,,
kuyovlik ,,,,,,,,,,,,,,,
kuzat,,,,,FIIL,fiil,,,,,,,,,
kvars,,,,,ISIM,isim,,,,,,,,,
lab,,,,,ISIM,isim,,,,,,,,,
lab-lab,,,,,ISIM_BIRLESIK,isim,,,,,,,,,
lab-tish,,,,,ISIM_BIRLESIK,isim,,,,,,,,,
lahja,,,,,ISIM,isim,,,,,,,,,
lashkar,,,,,ISIM,isim,,,,,,,,,
latin,,,,,ISIM,isim,,,,,,,,,
latincha,,,,,,,,,,,,,,,
lekin,,,,,EDAT_CUMLE_BASI,edat,,,,,,,,,
leksika,leksi,,,,ISIM,isim,DUSME_SON_HECE,,,,,,,,
leksiklug‘aviy,,,,,ISIM_BIRLESIK,isim,,,,,,,,,
leksikografiya,,,,,ISIM_BIRLESIK,isim,,,,,,,,,
lexikos-lug‘at,,,,,ISIM_BIRLESIK,,,,,,,,,,
lingvistika,lingvisti,,,,,,DUSME_SON_HECE,,,,,,,,
lo‘p,,,,,ISIM_TAKLIT,isim,,,,,,,,,
lo‘pchik,,,,,,,,,,,,,,,
logika,logi,,,,,,DUSME_SON_HECE,,,,,,,,
lot,,,,,ISIM,isim,,,,,,,,,
lotin,,,,,ISIM,isim,,,,,,,,,
loy,,,çamur,,ISIM,isim,,,,,,,,,
loyiha,,,,,ISIM,isim,,,,,,,,,
loyxona,,,,,,,,,,,,,,,
lozim,,,,,MODAL_SOZ,modal,,,,,,,,,
lug‘at,lug‘a,,,,ISIM,isim,DUSME_SON_UNSUZ,,,,,,,,
Lutfiy,,,,,,,,,,,,,,,
ma‘lum,,,,,SIFAT,sifat,,,,,,,,,
ma’lumot,,,,,ISIM,isim,,,,,,,,,
ma’lumotnoma,,,,,ISIM_BIRLESIK,isim,,,,,,,,,
ma’naviy,,,,,SIFAT,sifat,,,,,,,,,
ma’no,,,,,ISIM,isim,,,,,,,,,
ma’qul,,,,,SIFAT,sifat,,,,,,,,,
ma’ruza,,,,,ISIM,isim,,,,,,,,,
mablag‘,,,,,ISIM,isim,,,,,,,,,
machit,,,,,ISIM,isim,,,,,,,,,
madaniy,,,,,SIFAT,sifat,,,,,,,,,
madaniyat,,,,,ISIM,isim,,,,,,,,,
madaniy-gumanitar,,,,,ISIM_BIRLESIK,isim,,,,,,,,,
Madhumita,,,,,ISIM_OZEL,isim,,,,,,,,,
mahal,,,,,ISIM,isim,,,,,,,,,
mahalliy,,,,,SIFAT,sifat,,,,,,,,,
mahkama,,,,,ISIM,isim,,,,,,,,,
Mahmud,,,,,ISIM_OZEL,isim,,,,,,,,,
mahsul,,,,,ISIM,isim,,,,,,,,,
majburiy,,,,,ISIM,isim,,,,,,,,,
majlis,,,,,ISIM,isim,,,,,,,,,
majmua,,,,,ISIM,isim,,,,,,,,,
majmui,,,,,ISIM,isim,,,,,,,,,
Makedoniya,,,,,ISIM_OZEL,isim,,,,,,,,,
makon,,,,,ISIM,isim,,,,,,,,,
maktab,,,,,ISIM,isim,,,,,,,,,
malumot,,,,,ISIM,isim,,,,,,,,,
mamlakat,,,,,ISIM,isim,,,,,,,,,
mamlakatlararo,,,,,ISIM_BIRLESIK,isim,,,,,,,,,
mamnuniyat,,,,,ISIM,isim,,,,,,,,,
manba,,,,,ISIM,isim,,,,,,,,,
manfaat,,,,,ISIM,isim,,,,,,,,,
Manservisi,,,,,ISIM_OZEL,isim,,,,,,,,,
mansub,,,,,ISIM,isim,,,,,,,,,
mantiq,,,,,ISIM,isim,,,,,,,,,
manzur,,,,,ISIM,isim,,,,,,,,,
maorif,,,,,ISIM,isim,,,,,,,,,
maqol,,,,,ISIM,isim,,,,,,,,,
maqom,,,,,ISIM,isim,,,,,,,,,
maqsad,,,,,ISIM,isim,,,,,,,,,
 mard,,,,,ISIM,isim,,,,,,,,,
marhamat,,,,,ISIM,isim,,,,,,,,,
markaz,,,,,ISIM,isim,,,,,,,,,
marmar,,,,,ISIM,isim,,,,,,,,,
mart,,,,,ISIM,isim,,,,,,,,,
marta,,,,,ISIM,isim,,,,,,,,,
mas’ul,,,,,ISIM,isim,,,,,,,,,
masala,,,,,ISIM,isim,,,,,,,,,
mashhur,,,,,SIFAT,sifat,,,,,,,,,
 mashina,,,,,ISIM,isim,,,,,,,,,
mashq,,,,,ISIM,isim,,,,,,,,,
maslak,,,,,ISIM,isim,,,,,,,,,
maslakdosh,,,,,,,,,,,,,,,
mata,,,,,ISIM,isim,,,,,,,,,
matal,,,,,ISIM,isim,,,,,,,,,
matbaa,,,,,ISIM,isim,,,,,,,,,
matbuot,,,,,ISIM,isim,,,,,,,,,
material,,,,,ISIM,isim,,,,,,,,,
matn,,,,,ISIM,isim,,,,,,,,,
mato,,,,,ISIM,isim,,,,,,,,,
mavhum,,,,,ISIM,isim,,,,,,,,,
mavjud,,,,,ISIM,isim,,,,,,,,,
mavrid,,,,,,,,,,,,,,,
maxsus,,,,,ISIM,isim,,,,,,,,,
may,,,,,ISIM,isim,,,,,,,,,
mayda,,,,,SIFAT,sifat,,,,,,,,,
maydon,,,,,ISIM,isim,,,,,,,,,
mayl,,,,,ISIM,isim,,,,,,,,,
mazkur,,,,,ISIM,isim,,,,,,,,,
mazmun,,,,,ISIM,isim,,,,,,,,,
Me’rojnoma,,,,,ISIM_OZEL,isim,,,,,,,,,
me’yor,,,,,ISIM,isim,,,,,,,,,
mendagi,,,,,,,,,,,,,,,
meniki,,,,,,,,,,,,,,,
Meredov,,,,,ISIM_OZEL,isim,,,,,,,,,
merosim,,,,,ISIM,isim,,,,,,,,,
metafora,,,,,ISIM,isim,,,,,,,,,
metateza,,,,,ISIM,isim,,,,,,,,,
metonimiya,,,,,ISIM,isim,,,,,,,,,
meva,,,,,ISIM,isim,,,,,,,,,
mexanika,mexani,,,,ISIM,isim,DUSME_SON_HECE,,,,,,,,
militsiya,,,,,ISIM,isim,,,,,,,,,
milk,,,,,ISIM,isim,,,,,,,,,
millat,mill,,,,ISIM,isim,DUSME_SESGRUBU,,,,,,,,
million,,,,,ISIM,isim,,,,,,,,,
milliy,,,,,ISIM,isim,,,,,,,,,
milod,,,,,ISIM,isim,,,,,,,,,
min,,,,,FIIL,fiil,,,,,,,,,
ming,,,,,SAYI,sayi,,,,,,,,,
minnat,,,,,ISIM,isim,,,,,,,,,
mintaqa,,,,,ISIM,isim,,,,,,,,,
mintaqalararo,,,,,,,,,,,,,,,
miqdor,,,,,ISIM,isim,,,,,,,,,
miqdor,,,,,,,,,,,,,,,
miqyos,,,,,ISIM,isim,,,,,,,,,
Mirziyoyev,,,,,ISIM_OZEL,isim,,,,,,,,,
Mirzo,,,,,ISIM_OZEL,isim,,,,,,,,,
mirzo,,,,,ISIM,isim,,,,,,,,,
misol,,,,,ISIM,isim,,,,,,,,,
mix,,,,,ISIM,isim,,,,,,,,,
Mo‘g‘iliston,,,,,ISIM_OZEL,isim,,,,,,,,,
mo‘g‘ul,,,,,ISIM,isim,,,,,,,,,
mo‘ljal,,,,,ISIM,isim,,,,,,,,,
mobaynida,,,,,EDAT_CEKIM,edat,,,,,,,,,
modal,,,,,ISIM,isim,,,,,,,,,
modda,modd,,,,ISIM,isim,DUSME_SON_UNLU,,,,,,,,
moddiy-texnik,,,,,ISIM_BIRLESIK,isim,,,,,,,,,
modernizatsiya,,,,,ISIM,isim,,,,,,,,,
mohiyat,,,,,ISIM,isim,,,,,,,,,
mojora,,,,,ISIM,isim,,,,,,,,,
mol,,,,,ISIM,isim,,,,,,,,,
Moldovya,,,,,ISIM_OZEL,isim,,,,,,,,,
moliya,,,,,ISIM,isim,,,,,,,,,
moment,,,,,ISIM,isim,,,,,,,,,
monolog,,,,,ISIM,isim,,,,,,,,,
monosemantik,,,,,ISIM_BIRLESIK,isim,,,,,,,,,
monosemiya,,,,,ISIM_BIRLESIK,isim,,,,,,,,,
monosillabik,,,,,ISIM_BIRLESIK,isim,,,,,,,,,
morfema,,,,,ISIM,isim,,,,,,,,,
morfemika,,,,,ISIM,isim,,,,,,,,,
morfologiya,morfologi,,,,ISIM,isim,DUSME_SON_HECE,,,,,,,,
mos,,,,,SIFAT,sifat,,,,,,,,,
Moskva,,,,,ISIM_OZEL,isim,,,,,,,,,
muammo,,,,,ISIM,isim,,,,,,,,,
muassasa,,,,,ISIM,isim,,,,,,,,,
muayyan,,,,,SIFAT,sifat,,,,,,,,,
muborak,,,,,SIFAT,sifat,,,,,,,,,
mudarris,,,,,ISIM,isim,,,,,,,,,
muddat,,,,,ISIM,isim,,,,,,,,,
mudofaa,,,,,ISIM,isim,,,,,,,,,
mudom,,,,,ISIM,isim,,,,,,,,,
mug‘ombir,,,,,ISIM,isim,,,,,,,,,
Muhabbatnoma,,,,,ISIM_OZEL,isim,,,,,,,,,
Muhammad,,,,,ISIM_OZEL,isim,,,,,,,,,
Muhammedov,,,,,ISIM_OZEL,isim,,,,,,,,,
muharrir,,,,,ISIM,isim,,,,,,,,,
muharrir-redaktor,,,,,ISIM_BIRLESIK,isim,,,,,,,,,
muhim,,,,,ISIM,isim,,,,,,,,,
muhit,,,,,ISIM,isim,,,,,,,,,
muhokama,,,,,ISIM,isim,,,,,,,,,
Muhokamat-ul lug‘atayn,,,,,ISIM_OZEL,isim,,,,,,,,,
mujassam,,,,,SIFAT,sifat,,,,,,,,,
mukofot,,,,,ISIM,isim,,,,,,,,,
mulohaza,,,,,ISIM,isim,,,,,,,,,
mumkin,,,,,SIFAT,sifat,,,,,,,,,
munosabat,,,,,ISIM,isim,,,,,,,,,
muomala,,,,,ISIM,isim,,,,,,,,,
muqaddam,,,,,EDAT_CEKIM,edat,,,,,,,,,
murakkab,,,,,SIFAT,sifat,,,,,,,,,
murojaat,,,,,ISIM,isim,,,,,,,,,
mushoira,,,,,ISIM,isim,,,,,,,,,
mushuk,,,,,ISIM,isim,,,,,,,,,
mustahkam,,,,,SIFAT,sifat,,,,,,,,,
mustaqil,,,,,SIFAT,sifat,,,,,,,,,
mustasno,,,,,SIFAT,sifat,,,,,,,,,
mutlaq,,,,,SIFAT,sifat,,,,,,,,,
mutolaa,,,,,SIFAT,sifat,,,,,,,,,
muvofiq,,,,,SIFAT,sifat,,,,,,,,,
muyassar,,,,,SIFAT,sifat,,,,,,,,,
Muyunchur,,,,,ISIM_OZEL,isim,,,,,,,,,
Muzaffar,,,,,ISIM_OZEL,isim,,,,,,,,,
muzey,,,,,ISIM,isim,,,,,,,,,
muzokara,,,,,ISIM,isim,,,,,,,,,
muzxona,,,,,,,,,,,,,,,
muzxona,,,,,ISIM_BIRLESIK,isim,,,,,,,,,
nafar,,,,,ISIM,isim,,,,,,,,,
nafas,,,,,ISIM,isim,,,,,,,,,
Namangan,,,,,ISIM_OZEL,isim,,,,,,,,,
nam,,,,,ISIM,isim,,,,,,,,,
namoyish,,,,,ISIM,isim,,,,,,,,,
namoyon,,,,,SIFAT,sifat,,,,,,,,,
namuna,,,,,ISIM,isim,,,,,,,,,
naxt,,,,,ISIM,isim,,,,,,,,,
naqd,,,,,ISIM,isim,,,,,,,,,
narsa,,,,,ISIM,isim,,,,,,,,,
narsa-buyum,,,,,ISIM_BIRLESIK,isim,,,,,,,,,
nashr,,,,,ISIM,isim,,,,,,,,,
natija,,,,,ISIM,isim,,,,,,,,,
natsional,,,,,ISIM,isim,,,,,,,,,
nav,,,,,ISIM,isim,,,,,,,,,
navbat,,,,,ISIM,isim,,,,,,,,,
Navoiy,,,,,,,,,,,,,,,
nazar,,,,,ISIM,isim,,,,,,,,,
nazariya,,,,,ISIM,isim,,,,,,,,,
necha,,,,,ZAMIR_SORU,zamir,,,,,,,,,
negiz,,,,,ISIM,isim,,,,,,,,,
nemis,,,,,ISIM,isim,,,,,,,,,
nerv,,,,,ISIM,isim,,,,,,,,,
nihoya,,,,,SIFAT,sifat,,,,,,,,,
Nikolay,,,,,ISIM_OZEL,sifat,,,,,,,,,
nima,,,,,ZAMIR_SORU,zamir,,,,,,,,,
 niqtala,,,,,FIIL,fiil,,,,,,,,,
nisbat,,,,,ISIM,,,,,,,,,,
nisbatan,,,,,ZARF,zarf,,,,,,,,,
nisbiy,,,,,SIFAT,sifat,,,,,,,,,
nodavlat-notijorat,,,,,ISIM_BIRLESIK,isim,,,,,,,,,
nodir,,,,,SIFAT,sifat,,,,,,,,,
nodon,,,,,SIFAT,sifat,,,,,,,,,
nofaol/ nofaolroq,,,,,SIFAT,sifat,,,,,,,,,
nogah,,,,,ZARF,zarf,,,,,,,,,
nogay,,,,,ISIM,isim,,,,,,,,,
nogoh,,,,,ZARF,zarf,,,,,,,,,
nohaq,,,,,SIFAT,sifat,,,,,,,,,
 noloyiq,,,,,SIFAT,sifat,,,,,,,,,
nom,,,,,ISIM,isim,,,,,,,,,
noma’lum,,,,,SIFAT,sifat,,,,,,,,,
nomozlik,,,,,,,,,,,,,,,
nomozlik,,,,,ISIM,isim,,,,,,,,,
nomus,,,,,ISIM,isim,,,,,,,,,
 nomuvafiq,,,,,SIFAT,sifat,,,,,,,,,
nomzod,,,,,ISIM,isim,,,,,,,,,
non+voy=novvoy,,,,,ISIM,isim,,,,,,,,,
nonko‘r// nongko‘r,,,,,ISIM,isim,,,,,,,,,
noo‘xshash,,,,,SIFAT,sifat,,,,,,,,,
noqardosh,,,,,SIFAT,sifat,,,,,,,,,
 noqulay,,,,,SIFAT,sifat,,,,,,,,,
norma,,,,,ISIM,isim,,,,,,,,,
norozi,,,,,SIFAT,sifat,,,,,,,,,
norveg,,,,,ISIM,isim,,,,,,,,,
nota,,,,,ISIM,isim,,,,,,,,,
 notinch,,,,,SIFAT,sifat,,,,,,,,,
noto‘g‘ri,,,,,SIFAT,sifat,,,,,,,,,
novda,,,,,ISIM,isim,,,,,,,,,
noyabr,,,,,ISIM,isim,,,,,,,,,
nozik,,,,,SIFAT,sifat,,,,,,,,,
nuqson// nuxson,,,,,SIFAT,sifat,,,,,,,,,
nuqtai nazar,,,,,ISIM_TAMLAMA,isim,,,,,,,,,
nuqul,,,,,SIFAT,sifat,,,,,,,,,
nur,,,,,ISIM,isim,,,,,,,,,
nuroniy,,,,,,,,,,,,,,,
nuroniy,,,,,ISIM,isim,,,,,,,,,
nusxa,,,,,ISIM,isim,,,,,,,,,
nutq,,,,,ISIM,isim,,,,,,,,,
o‘chir,,,,,ISIM,isim,,,,,,,,,
o‘g‘il,o‘g‘l,,,,ISIM,isim,DUSME_SON_UNLU,,,,,,,,
o‘kin,,,,,FIIL,fiil,,,,,,,,,
o‘kra,,,,,FIIL,fiil,DUSME_SON_UNLU,,,,,,,,
o‘ksi,,,,,FIIL,fiil,,,,,,,,,
o‘l,,,,,FIIL,fiil,,,,,,,,,
o‘lch,,,,,FIIL,fiil,,,,,,,,,
o‘lka,,,,,ISIM,isim,,,,,,,,,
o‘mildiriq,o‘mildirig‘,,,,ISIM,isim,YUMUSAMA_qg‘,,,,,,,,
o‘ng,,,,,ISIM,isim,,,,,,,,,
o‘pka,,,,,ISIM,isim,,,,,,,,,
o‘raqchi,,,,,,,,,,,,,,,
o‘rdak,,,,,ISIM,isim,,,,,,,,,
o‘rta,,,,,ZARF,zarf,,,,,,,,,
o‘rta,,,,,ISIM,isim,YUVARLAMLASMA_ao,,,,,,,,
o‘rxun,,,,,ISIM_OZEL,isim,,,,,,,,,
O‘rxun,,,,,ISIM_OZEL,isim,,,,,,,,,
O‘rxun-Enasoy,,,,,ISIM_OZEL_BIRLESIK,isim,,,,,,,,,
o‘s,,,,,FIIL,fiil,,,,,,,,,
o‘t,,,od,,ISIM,isim,,,,,,,,,
o‘t,,,ot,,ISIM,isim,,,,,,,,,
o‘ta,,,,,ZARF,zarf,,,,,,,,,
o‘xsha,,,,,FIIL,fiil,,,,,,,,,
o‘y,,,,,FIIL,fiil,,,,,,,,,
o‘yin,,,,,ISIM,isim,DUSME_SON_UNLU,,,,,,,,
o‘yınchiq,,,,,,,,,,,,,,,
o‘ymoq,,,,,FIIL,fiil,,,,,,,,,
o‘z,,,"öz, kendi",,ZAMIR_DONUSLU,zamir,,,,,,,,,
o‘z,,,,,FIIL,fiil,,,,,,,,,
o‘zak-negiz,,,,,ISIM_BIRLESIK,isim,,,,,,,,,
o‘zaro,,,,,ISIM_BIRLESIK,isim,,,,,,,,,
o‘zbek,,,,,ISIM,isim,,,,,,,,,
O‘zbekiston,,,,,ISIM_OZEL,isim,,,,,,,,,
o‘zga,,,,,,,,,,,,,,,
o’tin,,,,,,,,,,,,,,,
o’tloq,,,,,,,,,,,,,,,
ob’ektiv,,,,,ISIM,isim,,,,,,,,,
ob’yekti,,,,,ISIM,isim,,,,,,,,,
obida,,,,,ISIM,isim,,,,,,,,,
obraz,,,,,ISIM,isim,,,,,,,,,
obro‘,obro‘y,,,,ISIM,isim,TUREME_y,,,,,,,,
odam,,,,,ISIM,isim,,,,,,,,,
odat,,,,,ISIM,isim,,,,,,,,,
oddiy,,,,,SIFAT,sifat,,,,,,,,,
ofat,,,,,ISIM,isim,,,,,,,,,
og‘,,,"ağ, kay",,FIIL,fiil,,,,,,,,,
og‘ir,,,,,SIFAT,sifat,,,,,,,,,
og‘ri,,,,,ISIM,isim,,,,,,,,,
ohang,,,,,ISIM,isim,,,,,,,,,
oid,,,,,EDAT_CEKIM,edat,,,,,,,,,
oila,,,,,ISIM,isim,,,,,,,,,
 okil,,,,,ISIM,isim,,,,,,,,,
oktabr,,,,,ISIM,isim,,,,,,,,,
ol,,,,,FIIL,fiil,,,,,,,,,
ola,,,,,SIFAT,sifat,,,,,,,,,
olacha,,,,,,,,,,,,,,,
olacha,,,,,,,,,,,,,,,
olam,,,,,ISIM,isim,,,,,,,,,
old,,,,,ZARF,zarf,,,,,,,,,
olg‘an,,,,,,,,,,,,,,,
olim,,,,,ISIM,isim,,,,,,,,,
oliy,,,,,ISIM,isim,,,,,,,,,
olmon,,,,,ISIM,isim,,,,,,,,,
olmosh,,,,,ISIM,isim,,,,,,,,,
olqa,olqi,,,,FIIL,fiil,DARALMA_SON_UNLU,,,,,,,,
oltin,,,,,ISIM,isim,,,,,,,,,
oltita,,,,,,,,,,,,,,,
Oltoy,,,,,ISIM_OZEL,isim,,,,,,,,,
omil,,,,,ISIM,isim,,,,,,,,,
omma,,,,,ISIM,isim,,,,,,,,,
omofon,,,,,ISIM,isim,,,,,,,,,
omoforma,,,,,ISIM,isim,,,,,,,,,
omograf,,,,,ISIM,isim,,,,,,,,,
omon,,,,,ISIM,isim,,,,,,,,,
omonim,,,,,ISIM,isim,,,,,,,,,
omoshakl,,,,,ISIM_BIRLESIK,isim,,,,,,,,,
ong,,,,,ISIM,isim,,,,,,,,,
onlab,,,,,,,,,,,,,,,
operativ,,,,,SIFAT,sifat,,,,,,,,,
oq,,,ak,,FIIL,fiil,,,,,,,,,
oqsoq,oqsog‘,,,,SIFAT,sifat,YUMUSAMA_qg‘,,,,,,,,
ora,,,,,ISIM,isim,,,,,,,,,
orfoepiya,orfoepi,,,,ISIM,isim,DUSME_SON_HECE,,,,,,,,
orfografiya,orfografi,,,,ISIM,isim,DUSME_SON_HECE,,,,,,,,
orindiq qoltiq,,,,,,,,,,,,,,,
oro,,,,,,,,,,,,,,,
orom,,,,,ISIM,isim,,,,,,,,,
orqa,,,,,ISIM,isim,,,,,,,,,
orqali,,,,,EDAT_CEKIM,isim,,,,,,,,,
ort,,,,,ISIM,isim,,,,,,,,,
ort,,,,,FIIL,fiil,,,,,,,,,
ort,,,,,FIIL,fiil,,,,,,,,,
ortiq,ortig‘,,,,ZARF,zarf,YUMUSAMA_qg‘,,,,,,,,
os,,,,,FIIL,fiil,,,,,,,,,
osh,,,,,FIIL,fiil,,,,,,,,,
osh,,,,,ISIM,isim,,,,,,,,,
oshxona,,,,,,,,,,,,,,,
Osiyo,,,,,ISIM,isim,,,,,,,,,
osmon,,,,,ISIM,isim,,,,,,,,,
ot,,,,,FIIL,fiil,,,,,,,,,
ot,,,,,ISIM,isim,,,,,,,,,
ot,,,,,ISIM,isim,,,,,,,,,
ota,,,,,,,,,,,,,,,
ot,,,,,,,,,,,,,,,
otpuska,,,,,ISIM,isim,,,,,,,,,
ovoz,,,,,ISIM,isim,,,,,,,,,
ovqat,,,,,ISIM,isim,,,,,,,,,
oxir,,,,,ISIM,isim,,,,,,,,,
oxsha,,,,,FIIL,fiil,,,,,,,,,
oy,,,,,ISIM,isim,,,,,,,,,
Oybek,,,,,ISIM_OZEL,isim,,,,,,,,,
oyna,,,,,ISIM,isim,,,,,,,,,
oyoq,oyog‘,,,,ISIM,,YUMUSAMA_qg‘,,,,,,,,
oysimon,,,,,,,,,,,,,,,
oz,,,az,,SIFAT,sifat,,,,,,,,,
Ozarbayjon,,,,,ISIM_OZEL,isim,,,,,,,,,
o'zbek,,,,,ISIM,isim,,,,,,,,,
oz,,,,,,,,,,,,,,,
o‘g‘ri,,,"ağrımak, hastalanmak",,FIIL,fiil,,,,,,,,,
o‘g‘riq,,,"ağrı, sızı",,ISIM,isim,,,,,,,,,
pahlaviy,,,,,ISIM,isim,,,,,,,,,
pakt,,,,,ISIM,isim,,,,,,,,,
palla,,,,,ISIM,isim,,,,,,,,,
palla,,,,,ISIM,isim,,,,,,,,,
parashut,,,,,ISIM,isim,,,,,,,,,
parcha,,,,,ISIM,isim,,,,,,,,,
parda,,,,,ISIM,isim,,,,,,,,,
paronimiya,,,,,ISIM,isim,,,,,,,,,
past,,,,,ISIM,isim,,,,,,,,,
past,,,,,,,,,,,,,,,
pauza,,,,,ISIM,isim,,,,,,,,,
paxta,,,,,ISIM,isim,,,,,,,,,
paycha,,,,,ISIM,isim,,,,,,,,,
paydo,,,,,ISIM,isim,,,,,,,,,
payt,,,,,ISIM,isim,,,,,,,,,
Pentagon,,,,,ISIM_OZEL,isim,,,,,,,,,
peshvoz,,,,,ISIM,isim,,,,,,,,,
pich,,,,,ISIM,isim,,,,,,,,,
piktografiya,piktografi,,,,ISIM,isim,DUSME_SON_HECE,,,,,,,,
pilik,pilig,,,,ISIM,isim,YUMUSAMA_kg,,,,,,,,
pir-pir,,,,,ISIM_TAKLIT,isim,,,,,,,,,
pishak,pishag,,,,ISIM,isim,YUMUSAMA_kg,,,,,,,,
poetika,poeti,,,,ISIM,isim,DUSME_SON_HECE,,,,,,,,
Pokiston,,,,,ISIM_OZEL,isim,,,,,,,,,
polisemantika,polisemanti,,,,ISIM,isim,DUSME_SON_HECE,,,,,,,,
polisemiya,polisem,,,,ISIM,isim,DUSME_SESGRUBU,,,,,,,,
polisintetika,polisinteti,,,,ISIM,isim,DUSME_SON_HECE,,,,,,,,
polkovnik,,,,,ISIM,isim,,,,,,,,,
porla,,,,,FIIL,fiil,YUVARLAMLASMA_ao,,,,,,,,
portla,,,,,FIIL,fiil,,,,,,,,,
portugal,,,,,FIIL,fiil,,,,,,,,,
poyga,,,,,ISIM,isim,,,,,,,,,
poytaxt,,,,,ISIM,isim,,,,,,,,,
pozitsia,pozits,,,,ISIM,isim,DUSME_SON_İKİ_HECE,,,,,,,,
prakopa,,,,,ISIM,isim,,,,,,,,,
prezident,,,,,ISIM,isim,,,,,,,,,
professor,,,,,ISIM,isim,,,,,,,,,
progress,,,,,ISIM,isim,,,,,,,,,
propuska,,,,,ISIM,isim,,,,,,,,,
proteza,,,,,ISIM,isim,,,,,,,,,
psixika,,,,,ISIM,isim,,,,,,,,,
psixik-akustik,,,,,ISIM_BIRLESIK,isim,,,,,,,,,
publisistika,,,,,ISIM,isim,,,,,,,,,
pufak,pufag,,,,ISIM,isim,YUMUSAMA_kg,,,,,,,,
puk,,,aşık kemiğinin tümsekli tarafı,,ISIM,isim,,,,,,,,,
pul,pul,,,,ISIM,isim,,,,,,,,,
punktiatsiya,punktuats,,,,ISIM,isim,DUSME_SON_IKI_HECE,,,,,,,,
purka,,,,,FIIL,fiil,,,,,,,,,
rost,,,"gerçek, doğru",,SIFAT,sifat,,,,,,,,,
rostakam,,,"gerçekten, hakikaten",,SIFAT,sifat,,,,,,,,,
sev,,,sev,,FIIL,fiil,,,,,,,,,
sur,,,sür,,FIIL,fiil,,,,,,,,,
qabila,,,,,ISIM,isim,,,,,,,,,
qabul,,,,,ISIM,isim,,,,,,,,,
qachon,,,,,ZAMIR_SORU,zamir,,,,,,,,,
qadar,,,,,EDAT_CEKIM,edat,,,,,,,,,
qadim,,,,,ISIM,isim,,,,,,,,,
qadr,,,,,ISIM,isim,,,,,,,,,
qadrdon,,,,,,,,,,,,,,,
Qahhor,,,,,ISIM_OZEL,isim,,,,,,,,,
qalampir,,,biber,,ISIM,isim,,,,,,,,,
qaldirg‘och,,,,,ISIM,isim,,,,,,,,,
qalqi,,,,,FIIL,fiil,,,,,,,,,
qamish,,,,,ISIM,isim,,,,,,,,,
qamra,,,,,FIIL,isim,,,,,,,,,
qancha,,,,,ZAMIR_SORU,zamir,,,,,,,,,
qand,,,,,ISIM,isim,,,,,,,,,
qanday,,,,,ZAMIR_SORU,zamir,,,,,,,,,
qanoat,,,,,ISIM,isim,,,,,,,,,
qantar,,,,,FIIL,fiil,,,,,,,,,
qåpchik,,,,,,,,,,,,,,,
qaq,,,,,ISIM,isim,,,,,,,,,
qaqra,,,,,FIIL,fiil,,,,,,,,,
qara,,,,,FIIL,fiil,,,,,,,,,
qaraqalpoq,,,,,ISIM_OZEL,isim,,,,,,,,,
qardosh,,,,,ISIM,isim,,,,,,,,,
qarg‘a,qarg‘,,,,FIIL,fiil,DUSME_SON_UNLU,,,,,,,,
qari,,,,,ISIM,isim,,,,,,,,,
qarin,qarn,,,,ISIM,isim,DUSME_SON_UNLU,,,,,,,,
qarluq,,,,,ISIM_OZEL,isim,,,,,,,,,
qarmoq,,,,,ISIM,isim,,,,,,,,,
qaror,,,,,ISIM,isim,,,,,,,,,
qarshi,,,,,ISIM,isim,,,,,,,,,
qarz,,,,,ISIM,isim,,,,,,,,,
Qashqadaryo,,,,,ISIM_OZEL,isim,,,,,,,,,
qat,,,,,ISIM,isim,,,,,,,,,
qat,,,,,ISIM,isim,,,,,,,,,
qat’i,,,,,SIFAT,sifat,,,,,,,,,
qat’iy,,,,,SIFAT,sifat,,,,,,,,,
qatna,qatno,,"gidip gel, sefer yap",,FIIL,fiil,YUVARLAKLASMA_ao,,,,,,,,
qator,,,,,ISIM,isim,,,,,,,,,
qattiq,,,,,SIFAT,sifat,,,,,,,,,
qavar,,,,,FIIL,fiil,,,,,,,,,
qavm,,,,,ISIM,fiil,,,,,,,,,
qayd,,,,,ISIM,isim,,,,,,,,,
qayer,,,,,ZAMIR_SORU,zamir,,,,,,,,,
qayg‘u,,,,,ISIM,isim,,,,,,,,,
qaysi,,,,,ZAMIR_SORU,isim,,,,,,,,,
qayt,,,,,FIIL,fiil,,,,,,,,,
qayta,,,,,ZARF,zarf,,,,,,,,,
qaytar,,,,,FIIL,fiil,,,,,,,,,
qazi,,,,,FIIL,fiil,,,,,,,,,
qidir,,,,,FIIL,fiil,,,,,,,,,
qil,,,kıl,,FIIL,fiil,,,,,,,,,
qiliq,qilig‘,,,,ISIM,isim,YUMUSAMA_qg‘,,,,,,,,
qilish,,,,,ISIM,isim,,,,,,,,,
qipchoq,qipchog‘,,,,ISIM_OZEL,isim,YUMUSAMA_qg‘,,,,,,,,
qirg‘iz,,,,,ISIM,isim,,,,,,,,,
qish,,,kış,,ISIM,isim,,,,,,,,,
qishloq,qishlog‘,,,,ISIM,isim,YUMUSAMA_qg‘,,,,,,,,
qishla,qishlo,,,,,,YUVARLAKLASMA_ao,,,,,,,,
qism,,,,,ISIM,isim,,,,,,,,,
qisman,,,,,ZARF,zarf,,,,,,,,,
qisqa,,,,,SIFAT,sifat,,,,,,,,,
qiyin,qiyn,,,,SIFAT,sifat,DUSME_SON_UNLU,,,,,,,,
qiymat,,,,,ISIM,isim,,,,,,,,,
qiyofa,,,,,ISIM,isim,,,,,,,,,
qiyos,,,,,ISIM,isim,,,,,,,,,
qiyqir,,,,,FIIL,fiil,,,,,,,,,
qizarinqira,,,,,SIFAT,sifat,,,,,,,,,
qizcha,,,,,,,,,,,,,,,
qizcha,qizcha,,,,ISIM,isim,,,,,,,,,
qizg‘on,,,,,FIIL,fiil,,,,,,,,,
qizi,,,,,FIIL,fiil,,,,,,,,,
qiziq,qizig‘,,,,ISIM,isim,YUMUSAMA_qg‘,,,,,,,,
qo‘l,,,,,ISIM,isim,,,,,,,,,
qo‘llab-quvvatla,,,,,FIIL_BILESIK,fiil,,,,,,,,,
qo‘mita,,,,,ISIM,isim,,,,,,,,,
qo‘n,,,kon,,FIIL,fiil,,,,,,,,,
qo‘pol,,,,,SIFAT,sifat,,,,,,,,,
qo‘por,,,,,FIIL,fiil,,,,,,,,,
qo‘rg‘oshin,,,kurşun,,ISIM,isim,,,,,,,,,
qo‘rqimsira,,,,,FIIL,fiil,,,,,,,,,
qo‘rq,,,korkmak,,FIIL,fiil,,,,,,,,,
qo‘sh,,,"çifte, yan yana, çift",,ISIM,ISIM,,,,,,,,,
qo‘sh,,,"konuş, konum, kamp",,ISIM,isim,,,,,,,,,
qo‘sh,qo‘sh,,ekle,,FIIL,fiil,,,,,,,,,
qo‘shni,,,,,ISIM,isim,,,,,,,,,
qo‘y,,,koyun,,FIIL,fiil,,,,,,,,,
qo‘yi,,,,,ZARF,zarf,,,,,,,,,
qo‘zg‘a,,,,,FIIL,fiil,,,,,,,,,
qo‘zi,,,,,FIIL,fiil,,,,,,,,,
qo‘zi,,,,,ISIM,isim,,,,,,,,,
qobiliyat,,,,,ISIM,isim,,,,,,,,,
qobiq,qobig‘,,kabuk,,ISIM,isim,YUMUSAMA_Qg,,,,,,,,
qoch,,,kaçmak,,FIIL,fiil,,,,,,,,,
Qodiriy,,,,,ISIM_OZEL,isim,,,,,,,,,
qog‘oz,,,,,ISIM,isim,,,,,,,,,
Qohira,,,,,,,,,,,,,,,
qoida,,,,,ISIM,isim,,,,,,,,,
qoida,,,,,ISIM,isim,,,,,,,,,
qol,,,kal,,FIIL,fiil,,,,,,,,,
qol,,,,,ISIM,isim,,,,,,,,,
qolip,,,,,ISIM,isim,,,,,,,,,
qollab qoltiqla,,,,,FIIL_BIRLESIK,fiil,,,,,,,,,
qolma,,,,,,,,,,,,,,,
qom‘sa,,,,,FIIL,fiil,,,,,,,,,
qon,,,kan,,ISIM,isim,,,,,,,,,
qon,,,kanmak,,FIIL,fiil,,,,,,,,,
qonun,,,,,ISIM,isim,,,,,,,,,
qonun-qoida,,,,,ISIM,isim,,,,,,,,,
qop,,,,,ISIM,isim,,,,,,,,,
qop,,,"ısır, kap",,FIIL,fiil,,,,,,,,,
qoshiq,qoshig‘,,kaşık,,ISIM,isim,YUMUSAMA_qg‘,,,,,,,,
qot,,,sertleş,,FIIL,fiil,,,,,,,,,
qovoq,qovog‘,,,,ISIM,isim,YUMUSAMA_qg‘,,,,,,,,
qovur,,,kavur,,FIIL,fiil,,,,,,,,,
qovurdoq,qovurdog‘,,,,ISIM,isim,YUMUSAMA_qg‘,,,,,,,,
qoyib tur,,,,,FIIL_BIRLESIK,fiil,,,,,,,,,
qoyib yubor,,,,,FIIL_BIRLESIK,fiil,,,,,,,,,
qoyil,,,,,SIFAT,sifat,,,,,,,,,
Qozog‘iston,,,,,,,,,,,,,,,
Qozog‘iston,,,,,ISIM_OZEL,isim,,,,,,,,,
qozon,,,,,ISIM,isim,,,,,,,,,
qozonishi,,,,,ISIM,isim,,,,,,,,,
qozoq,qozog‘,,,,ISIM_OZEL,isim,YUMUSAMA_qg‘,,,,,,,,
Qrim,,,,,ISIM_OZEL,isim,,,,,,,,,
qudrat,,,,,ISIM,isim,,,,,,,,,
qulay,,,,,SIFAT,sifat,,,,,,,,,
qulayliq,qulaylig‘,,,,ISIM,isim,YUMUSAMA_qg‘,,,,,,,,
qum,,,kum,,ISIM,isim,,,,,,,,,
qum,,,solgunluk,,SIFAT,sifat,,,,,,,,,
qumaloq,qumalog‘,,,,ISIM,isim,YUMUSAMA_qg‘,,,,,,,,
qur,,,kur,,FIIL,fiil,,,,,,,,,
quri,,,kuru,,FIIL,fiil,,,,,,,,,
qurol,,,"silah, alet",,ISIM,isim,,,,,,,,,
qursha,qursho,,kuşat,,FIIL,fiil,YUVARLAKLASMA_ao,,,,,,,,
quruqqina,,,,,,,,,,,,,,,
qurut,,,kurut,,ISIM,isim,,,,,,,,,
sayla,saylo,,seç,,FIIL,fiil,YUVARLAKLASMA_ao,,,,,,,,
shilp,,,şalp,,ISIM_TAKLIT,isim,,,,,,,,,
shirin,,,şirin,,SIFAT,sifat,,,,,,,,,
sovchi,,,dünür,,ISIM,isim,,,,,,,,,
taya,tayo,,daya,,FIIL,fiil,YUVARLAKLASMA_ao,,,,,,,,
tankid,,,tenkit,,ISIM,isim,,,,,,,,,
tash,,,"dış, dışarı taraf",,ISIM,isim,,,,,,,,,
teng,,,"denk, eşit",,SIFAT,sifat,,,,,,,,,
tep,,,"tep, tekme at",,FIIL,fiil,,,,,,,,,
terga,tergo,,kovuştur,,FIIL,fiil,YUVARLAKLASMA_ao,,,,,,,,
til,til,,dil,,ISIM,isim,,,,,,,,,
tiq,,,"sok, tıka",,FIIL,fiil,,,,,,,,,
to‘lg‘a,to‘lg‘o,,doğum sancısı çekmek,,FIIL,fiil,YUVARLAKLASMA_ao,,,,,,,,
to‘qi,to‘qu,,doku,,FIIL,fiil,YUVARLAKLASMA_iu,,,,,,,,
to‘qqiz,,,dokuz,,SAYI,sayi,,,,,,,,,
to‘y,,,"toy, düğün",,ISIM,isim,,,,,,,,,
to‘y,,,doy,,FIIL,fiil,,,,,,,,,
turk,,,Türk,,ISIM_OZEL,isim,,,,,,,,,
tuxum,,,"yumurta, tohum",,ISIM,isim,,,,,,,,,
tuz,,,tuz,,ISIM,isim,,,,,,,,,
urug‘,uruq,,"uruğ, boy",,ISIM,isim,SERTLESME_g‘q,,,,,,,,
ust,,,üst,,ZARF,zarf,,,,,,,,,
uyat,,,utançlı,,SIFAT,sifat,,,,,,,,,
uyqu,uyg‘,,uyku,,ISIM,isim,"DUSME_SON_UNLU, YUMUSAMA_qg‘",,,,,,,,
UZ,,,koparmak,,FIIL,fiil,,,,,,,,,
uza,,,uzamak,,FIIL,fiil,,,,,,,,,
uzum,,,üzüm,,ISIM,isim,,,,,,,,,
vafo,,,vefa,,ISIM,isim,,,,,,,,,
yangi,,,yeni,,SIFAT,sifat,,,,,,,,,
yaxshi,,,"iyi, yahşi",,SIFAT,sifat,,,,,,,,,
yo‘l,,,yol,,ISIM,isim,,,,,,,,,
yolg‘on,,,yalan,,ISIM,isim,,,,,,,,,
yayov,,,yayan,,SIFAT,sifat,,,,,,,,,
yur,,,yürü,,FIIL,fiil,,,,,,,,,
yurak,yurag,,,,ISIM,isim,YUMUSAMA_kg,,,,,,,,
Yusuf,,,,,ISIM,isim,,,,,,,,,
yut,,,,,FIIL,fiil,,,,,,,,,
yuvindi,,,,,ISIM,isim,,,,,,,,,
yuz,yuza,,,,ISIM,isim,TUREME_UNLU,,,,,,,,
yuz,,,,,SAYI,sayi,,,,,,,,,
zabardast,,,güçlü,,SIFAT,sifat,,,,,,,,,
Zahiriddin,,,Zahiriddin,,ISIM_OZEL,isim,,,,,,,,,
zaif,,,zayıf,,SIFAT,sifat,,,,,,,,,
zakaz,,,sipariş,,ISIM,isim,,,,,,,,,
zakazchi,,,,,ISIM,isim,,,,,,,,,
zamin,,,"yer kürresi, yer, zemin",,ISIM,isim,,,,,,,,,
zamona,,,zaman,,ISIM,isim,,,,,,,,,
zamonaviysinxron,,,eşzamanlı,,ISIM_BIRLESIK,isim,,,,,,,,,
zarar,,,zarar,,ISIM,isim,,,,,,,,,
zarb,,,darp,,ISIM,isim,,,,,,,,,
zarur,,,zarur,,ISIM,isim,,,,,,,,,
zavod,,,ağır sanayi fabrikası,,ISIM,isim,,,,,,,,,
zenit,,,zenit,,ISIM,isim,,,,,,,,,
zenit-raketa,,,zenit roketi,,ISIM_BIRLESIK,isim,,,,,,,,,
zero,,,zira,,EDAT_CUMLE BASI,edat,,,,,,,,,
zid,,,zıt,,SIFAT,sifat,,,,,,,,,
zidlik,,,zıtlık,,ISIM,isim,YUMUSAMA_kg,,,,,,,,
zirak,,,küpe,,ISIM,isim,,,,,,,,,
ziyofat,,,,,ISIM,isim,,,,,,,,,
ziyorat,,,,,ISIM,isim,,,,,,,,,
ziyrak,,,"zeki, ferasetli",,SIFAT,sifat,,,,,,,,,
zo‘raki,,,"gayriihtiyari, zoraki",,SIFAT,sifat,,,,,,,,,
zo‘riq,,,"güçlen, şiddetlen",,FIIL,fiil,,,,,,,,,
zobit,,,subay,,ISIM,isim,,,,,,,,,
zoologiya,zoologi,,zooloji,,ISIM,isim,DUSME_SON_IKI_HECE,,,,,,,,
zor,,,"zar, hasretli feryat",,ISIM,isim,,,,,,,,,
zoriq,,,muhtaç ol,,FIIL,fiil,,,,,,,,,
zotan,,,zaten,,ZARF,zarf,,,,,,,,,
Zulayho,,,Züleyha,,,,,,,,,,,,