id,lexicalForm,sub-type,type,Alt tür,Grup,flags,rules,surfaces,emptySurface,Zemberek Karşılığı,Oflazer Karşılığı,Örnekler,İstisnalar,Açıklama
NNI_PLU_lär,lar,,NNI,,COCUL,,,lar,,,,"kitoblar, bolalar, toshlar, tog‘lar",,
NNI_POSS1s_(H)m,im,,NNI,,IYELIK,,"DONUSUM_H, DUSME_UNLU","im, m",,,,"boshim, bolam, parvoyim, avzoyim, mavqeyim, obro‘yim, mavzuyim",,
NNI_POSS1p_(H)miz,imiz,,NNI,,IYELIK,,"DONUSUM_H, DUSME_UNLU","imiz, miz",,,,"boshimiz, bolamiz,  ",,
NNI_POSS2s_(H)ng,ing,,NNI,,IYELIK,,"DONUSUM_H, DUSME_UNLU","ing, ng ",,,,"boshing, bolang, parvoying, avzoying, mavqeying, obro‘ying xudoying, mavzuying",,
NNI_POSS2p1_(H)ngiz,ingiz,,NNI,,IYELIK,,"DONUSUM_H, DUSME_UNLU","ingiz, ngiz",,,,"boshingiz, bolangiz",,
NNI_POSS2p2_(H)nglär,inglar,,NNI,,IYELIK,,"DONUSUM_H, DUSME_UNLU","inglar, nglar",,,,"boshinglar, bolanglar",,
NNI_POSS2p3_läring,laring,,NNI,,IYELIK,,,laring,,,,"boshlaring, bolalaring",,
NNI_POSS3s_(s)H ,si ,,NNI,,IYELIK,,DUSME_UNSUZ,"si, i",,,,"boshi, bolasi, parvoyi, avzoyi, mavqeyi, obro‘yi xudosi, mavzusi, dohiysi",,
NNI_POSS3p_läri,lari,,NNI,,IYELIK,,,lari,,,,"boshlari, bolalari",,
NNI_OBJ_ni,ni,,NNI,,HAL,,,ni,,,,"boshni, bolani",,
OBJ3_n,n,,NNI,,HAL,,,n,,,,"boshin, bolasin",,
NNI_NOM_0,0,,NNI,,HAL,,,0,,,,"bosh, bola",,
NNI_GEN_ning,ning,,NNI,,HAL,,,ning,,,,"bosh, bola",,
NNI_DAT_GA,Ga,,NNI,,HAL,,DONUSUM_G,"ga, g‘a, ka, qa",,,,"boshga, bolaga, boqqa, terakka, buzoqqa",,
NNI_DAT3_ngä,nga,,NNI,,HAL,,,nga,,,,"unga, bunga, shunga",,
NNI_LOC_dä,da,,NNI,,HAL,,,da,,,,"boshda, bolada",,
NNI_LOC3_nda,nda,,NNI,,HAL,,,nda,,,,"unda, bunda, shunda",,
NNI_ABL_dän,dan,,NNI,,HAL,,,dan,,,,"boshdan, boladan",,
NNI_ABL3_ndän,ndan,,NNI,,HAL,,,ndan,,,,"undan, bundan, shundan",,
NNI_INC_0bilän, bilan,,NNI,,HAL,,ALTIRE_KALDIR,bilan,,,,"til bilan, qalam bilan",,
NNI_REL1_gi,gi,,NNI,,AITLIK,,,gi,,,,"bahorgi, burungi. kechagi, mendagi",,
NNI_REL2_Qi,Qi,,NNI,,AITLIK,,DONUSUM_Q,"ki, qi",,,,"ichki, tashqi, dastlabki",,
NNI_REL3_niki,niki,,NNI,,AITLIK,,,niki,,,,"meniki, uniki, kimniki, kitobniki",,
NND_ä,a,,NND,,NND,,,a,,,,"erka, beka, yuza",,
NJD_çä,cha,,NJD,,NJD,,,cha,,,,"qizilcha, ko‘kcha, olacha",,
NND_çä,cha,,NND,,NND,,,cha,,,,"turkcha, latincha, qopcha, qizcha, kitobcha",,
JJD_çä,cha,,JJD,,JJD,,,cha,,,,"qoracha, ko‘kcha, yangicha, olacha",,
NND_çi,chi,,NND,,NND,,,chi,,,,"yolg‘onchi, qiziqchi, sovchi, tankidchi, o‘raqchi",,
NND_çHQ ,chiQ,,NND,,NND,,"DONUSUM_Q,DONUSUM_H","chik, chiq",,,,"irgamchik, qopchik, to‘ychiq, o‘yınchiq, lo‘pchik, kepchik",,
NJD_çHQ ,chiQ,,NJD,,NJD,,"DONUSUM_Q,DONUSUM_H","chik, chiq",,,,qorachiq,,
NND_çAQ,chAQ,,NND,,NND,,"DONUSUM_Q, DONUSUM_A","chak, chaq, choq",,,,"kelinchak, qo‘zichoq, cho‘hoq,",,
NND_çAN ,chaN,,NND,,NND,,DONUSUM_N,"chang, chan",,,,"ishchan, uyatchang",,
NND_AQ ,AQ,,NND,,NND,,"DONUSUM_Q, DONUSUM_A","ak, oq",,,,"boshoq, ichak, ",,
JND_çil,chil,,JND,,JND,,,chil,,,,"dardchil, izchil, kamchil, kirchil",,
NND_dåş,dosh,,NND,,NND,,,dosh,,,,"tengdosh, yo’ldosh, asrdosh, maslakdosh",,
АND_GH ,Gi,,АND,,АND,,"DONUSUM_G,","gi, ki, g‘i, qi, ",,,,"yozgi, kechki, toshqi, ",,
JJD_GHnä ,Gina,,JJD,,JJD,,"DONUSUM_G,","gina, kina, g‘ina, qina, ",,,,"sekingina, quruqqina",,
NND_GHnä ,Gina,,NND,,NND,,"DONUSUM_G,","gina, kina, g‘ina, qina, ",,,,bilakkina,,
NND_låq,loq,,NND,,NND,,,loq,,,,"yayloq, qishloq, toshloq, qumloq, o‘tloq, tuzloq",,
NND_DHq,Diq,,NND,,NND,,DONUSUM_D,"diq, tiq",,,,"burundiq, orindiq qoltiq, ",,
NND_Ga,Ga ,,NND,,NND,,DONUSUM_G,"ga, g‘a, ka, qa",,,,"yo‘lka, o‘zga, boshqa, pukka, chikka, ",,
JND_li,li ,,JND,,JND,,,li,,,,"kitapli, dimog‘li, hurmatli, chiroyli",,
NND_lHQ,liQ,,NND,,NND,,"DONUSUM_Q,DONUSUM_H","lik, liq, luq",,,,"nomozlik, tuzluq, botqoqliq, kuyovlik ",,
JND_lHQ,liQ,,JND,,JND,,"DONUSUM_Q,DONUSUM_H","lik, liq",,,,"bog‘liq, do’nglik, borliq, yo’qliq,",,
NJD_lHQ,liQ,,NJD,,NJD,,"DONUSUM_Q,DONUSUM_H","lik, liq",,,,"ko‘plik, ozliq, yaxshilik",,
NND_mån,mon ,,NND,,NND,,,mon,,,,"bilormon, ustomon ",,
JJD_(H)mtir,imtir ,,JJD,,JJD,,"DONUSUM_H, DUSME_UNLU","imtir, mtir",,,,"oqimtir, qoramtir, sarg‘imtir, qizg‘imtir",,
JJD_råq,roq ,,JJD,,JJD,,,roq,,,,"yaxshiroq, eskiroq, pastroq",,
JND_simån,simon ,,JND,,JND,,,simon,,,,"oysimon, ignasimon, tuxumsimon",,
JND_siz,siz ,,JND,,JND,,,siz,,,,"vafosiz, keraksiz, uyqusiz",,
JND_tä,ta ,,JND,,JND,,,ta,,,,"beshta, oltita, to‘qqizta, bitta ",,
NND_tåy,toy ,,NND,,NND,,,toy,,,,"shirintoy, kenjatoy, erkatoy ",,
NND_dån,don ,,NND,,NND,,,don,,,,"qalamdon, g’alladon, suvdon, qadrdon",,
NND_DHrHQ,DHrHQ,,NND,,NND,,"DONUSUM_D,DONUSUM_Q, DONUSUM_H, YUMUSAMA_qg‘, YUMUSAMA_kg","dirik, diriq, turuq",,,,"qiltiriq, bo‘yinturuk, o‘mildiriq ",,
NND_(H)n,Hn ,,NND,,NND,,"DONUSUM_H, DUSME_UNLU","in, un",,,,"o‘tin, ustun, ",,
NND_måç,moch ,,NND,,NND,,,moch,,,,dilmoch,,
NND_(H)ldåq,ildoq,,NND,,NND,,"DONUSUM_H, DUSME_UNLU","ildoq, ldoq",,,,"shilpildoq, kakildoq, hiqildoq",,
NND_låv,lov ,,NND,,NND,,,lov,,,,"yoyov, qishlov",,
NND_zår,zor ,,NND,,NND,,,zor,,,,"anorzar, ekinzor, uzumzor, gulzor ",,
NND_(H)stån,iston ,,NND,,NND,,"DONUSUM_H, DUSME_UNLU","iston, ston",,,,"bog’iston, Qozog‘iston, Qirg‘iziston ",,
NND_xånä,xona ,,NND,,NND,,,xona,,,,"loyxona, oshxona, muzxona",,
NND_gåh,goh ,,NND,,NND,,,goh,,,,"lashkargoh, janggoh, istinodgoh",,
JND_(v)iy,viy ,,JND,,JND,,DUSME_UNSUZ,"viy, iy",,,,"adabiy, partiyaviy, irqiy, irsiy, insoniy",,
JND_äki,aki ,,JND,,JND,,,aki,,,,"qalbaki, zo‘raki, dastaki",,
NND_ik,ik ,,NND,,NND,,,ik,,,,"biologik, fiziologik, demagogik, geografik",,
JND_iv,iv ,,JND,,JND,,,iv,,,,"ob’ektiv, sub’ektiv, konservativ",,
JND_al,al ,,JND,,JND,,,al,,,,"genial, kolonial, gorizontal, momental, natsional ",,
NND_ion,ion ,,NND,,NND,,,ion,,,,"redaksion, kompozitsion, redaksion, revolyutsion",,
JJD_iş,ish,,JJD,,JJD,,,ish,,,,"ko’kish, og’ish",,
JJD_ġış,g‘ish ,,JJD,,JJD,,,g‘ish,,,,"sarg‘ish, qizg‘ish",,
AND_läb,lab ,,AND,,AND,,,lab,,,,"onlab, minglab, yuzlab",,
NND_älä,ala ,,NND,,NND,,,ala,,,,"uchala, to’rtala, beşala, ikkala",,
NND_åv,ov ,,NND,,NND,,,ov,,,,"yettov, ikkov, uchov",,
NND_cån,jon,,NND,,NND,,,jon,,,,akajon ,,
NND_xån,xon,,NND,,NND,,,xon,,,,duoxon ,,
NND_åy,oy,,NND,,NND,,,oy,,,,Erkinoy,,
NND_åt,ot,,NND,,NND,,,ot,,,,iqtisodiyot,,
JND_iy,iy,,NND,,NND,,,iy,,,,iqtisodiy,,
JND_åniy,oniy,,NND,,NND,,,oniy,,,,nuroniy,,
NND_dår,dor,,NND,,NND,,,dor,,,,dahldor,,
NND_al,al,,NND,,NND,,,al,,,,dialektal,,
NVD_(A)Q,AQ,,NVD,,NVD,,"DONUSUM_A,DONUSUM_Q, DUSME_UNLU","ak, aq, oq",,,,"bo‘lak, qo‘naq, qochoq ",,
JVD_(A)Q,AQ,,JVD,,JVD,,"DONUSUM_A,DONUSUM_Q, DUSME_UNLU","ak, aq, oq",,,,"bo‘lak, boqiroq, qoloq, ",,
NVD_(H)v,Hv ,,NVD,,NVD,,DUSME_UNLU,"ov, uv",,,,"sinov, to‘lov, yozuv, so‘rov, o‘quv",,
NVD_(H)nç,Inch,,NVD,,NVD,,"DONUSUM_H, DUSME_UNLU","inch, nch",,,,"sevinch, qo'rqunch, tiqilinch",,
NVD_nç,nch,,NVD,,NVD,,"DONUSUM_H, DUSME_UNLU,DUSME_UNSUZ","nch, ch",,,,"o‘kinch, qizg‘onch, tayanch",,
JVD_çÅQ,chÅQ,,JVD,,JVD,,"DONUSUM_Å,DONUSUM_Q","chak, choq",,,,"tortinchoq, urinchoq, erinchak, ",,
NVD_çHq,chiQ,,NVD,,NVD,,"DONUSUM_H,DONUSUM_Q","chik, chiq",,,,"suyanchiq, sirg‘anchiq, qizg‘onchiq",,
NVD_dÅQ,dÅQ,,NVD,,NVD,,"DONUSUM_Å,DONUSUM_Q","dak, doq",,,,"kekirdak, qovurdoq",,
NVD_dHQ,diQ,,NVD,,NVD,,"DONUSUM_H,DONUSUM_Q","dik, diq",,,,"siydik, tashlandiq, qoldiq, topildiq",,
NVD_GH,Gi,,NVD,,NVD,,"DONUSUM_G,DONUSUM_H","gi, ki, g‘i, qi, ",,,,"sezgi, yoqilg‘i, kulgi, sanchqi, tuyg‘u, turtki",,
NVD_GHç,GHch,,NVD,,NVD,,"DONUSUM_G,DONUSUM_H","gich, g‘ich, kich, qich",,,,"purkagich, yelpig‘ich ko‘rsatkich, ochqich, eritkich, yirtqich, tutqich, yulg‘ich",,
NVD_GHn,GHn,,NVD,,NVD,,"DONUSUM_G,DONUSUM_H","gin, g‘in,g‘un kin, qin, gun, qun, kun",,,,"sotqin, tur g‘un, tushkun, uchqun, qiz g‘in, to‘sqin, keskin, surgun ",,
NND_qur,qur,,NND,,NND,,,qur,,,,"yovqur,",,
JVD_GHr,Gir,,JVD,,JVD,,"DONUSUM_G,DONUSUM_H","gir, g‘ir, kir, qur, kur, g‘ur, ",,,,"sezgir, olg‘ir, o‘tkir, topqir, tinmagur, tushkur, uchqur, ",,
NVD_(J)Q,JQ,,NVD,,NVD,,"DONUSUM_Q,DONUSUM_J,DUSME_UNLU","ik, iq, ak, oq, uq",,,,"tilak, kekirik, uzuk, o‘g‘riq, qiliq, yotoq, sovuq, qochiriq, chopiq, qo‘shiq, qiynoq, so‘roq, sanoq, suvoq, to‘lg‘oq, ",,
NVD_(ĠH)nDH,Gindi,,NVD,,NVD,,"DONUSUM_Ġ,DONUSUM_H, DUSME_SESGRUBU","gindi, g‘indi, indi ",,,,"kelgindi, yig‘indi, yuvindi, tashandi",,
NVD_(J)m,Jm,,NVD,,NVD,,"DONUSUM_J,DUSME_UNLU","am, im, um, m",,,,"chaynam, siqim, tutam, yutum, kesim, bitim, oqim, tushum, o‘rum ",,
NVD_mä,ma,,NVD,,NVD,,,ma,,,,"bo‘lma, birikma, bosma, yo‘llanma, ayirma, ko‘chirma, yozma",,
NVD_måq,moq,,NVD,,NVD,,,moq,,,,"qarmoq, ilmoq, chakmoq, jilmaymoq, dudlamoq, alanglamak",,
NVD_(H)n,in,,NVD,,NVD,,"DONUSUM_H, DUSME_UNLU","in, un",,,,"bo‘g‘in, yog‘in, yig‘in, tugun, tutun, ekin, kelin, talon, ",,
NVD_(H)ş,ish,,NVD,,NVD,,"DONUSUM_H, DUSME_UNLU","ish, sh",,,,"urush, urish, qarg‘ish, burilish, ko‘rinish, o‘xshash, ishlash",,
NVD_(U)ş,ush,,NVD,,NVD,,DUSME_UNLU,ush,,,,urush,,
NVD_mHş,mish,,NVD,,NVD,,DONUSUM_H,"miş, muş",,,,"o‘tmish, kechmish, turmush, yemish",,
NVD_ånġHç,ong‘ich,,NVD,,NVD,,DONUSUM_H,ong‘inch,,,,"tepong‘ich, suzong‘ich, qopog‘ich",,
NVD_åġHç,og‘ich,,NVD,,NVD,,DONUSUM_H,og‘inch,,,,qopog‘ich,,
JVD_äġån,ag‘on,,JVD,,JVD,,,ag‘on,,,,bilag‘on,,
JVD_äsi,asi,,JVD,,JVD,,,asi,,,,"o‘lasi, kelasi",,
JVD_(H)Nç,inch,,JVD,,JVD,,"DONUSUM_H, DUSME_UNLU, DUSME_UNSUZ","inch, nch",,,,"qızg’anch, qo'rqınch, ",,
JVD_QÅQ,QÅQ,,JVD,,JVD,,"DONUSUM_Q,DONUSUM_Å",qoq,,,,urishqoq,,
JVD_çHQ ,chiQ,,JVD,,JVD,,"DONUSUM_H,DONUSUM_Q","chik, chiq",,,,"quvånchiq, qizg‘anchiq, qavarchiq, yupanchiq, tepchik",,
AJD_(n)çä,ncha,,AJD,,AJD,,DUSME_UNSUZ,"ncha, cha",,,,"buncha, mardcha, o‘zlaricha, meningcha, o‘zicha, bizningcha",,
AJD_lärçä,larcha,,AJD,,AJD,,,larcha,,,,"mardlarcha, do‘stlarcha, kattalarcha, asrlarcha, bolalarcha",,
AJD_çäsigä,chasiga,,AJD,,AJD,,,chasiga,,,,"mardchasiga, harbiychasiga, kahramonchasiga",,
AAD_(n)day,nday,,AAD,,AAD,,,"nday, day",,,,"bahordagiday, shunday, bunday, cho‘chiganday, ",,
AAD_(n)DaG,ndaG,,AAD,,AAD,,"DONUSUM_G,DUSME_UNSUZ","ndak, ndoq, ndek, dak, doq, dek, dog‘, ndog‘",,,,"shuningdek, qo‘rg‘oshindek, aylangandek, avvaldagidek, jindak, shundog‘, undoq, shundoq, bundoq,",,
AAD_(n)dAQA,ndaQa,,AAD,,AAD,,"DONUSUM_Q,DONUSUM_A, DUSME_UNSUZ","ndaka, ndaqa, daka, daqa",,,,"shundaqa, bundaqa, yolg‘ondaka, kungidaka, ushandaqa, mendaqa",,
AND_ånä,ona,,AND,,AND,,,ona,,,,"do‘stona, birodorona, okilona, kamtarona, xolisona, ",,
AJD_(ä/s)igä,asiga,,AJD,,AJD,,,asiga,,,,"birdanigä, qatorasiga, rostakamiga, uzunasiga, chinikamiga, shunakasiga",,
AJD_(n)Gäçä,ngacha,,AJD,,AJD,,DUSME_UNSUZ,"ngacha, gacha",,,,"yakingacha, xozirgacha, bungacha, tushgacha, haligacha",,
AJD_simån,simon ,,AJD,,AJD,,,simon,,,,"xafosimon, arazsimon,",,
X_(H)n,in,,VVI,,CATI,,DUSME_UNLU,"in, n",,,,"qaran, taran",,
PASSL_(H)l,il,,VVI,,CATI,,DUSME_UNLU,"il, l",,,,"bezal, qoyil, yig‘il, ko‘mil, yoril, osil, suyil, eshitil, kutil, beril, qoshil, ozgartil, ko‘ril, aytil, yozil",,
PASSN_(H)n,in,,VVI,,CATI,,DUSME_UNLU,"in, n",,,,"ishlan, boshlan, tashlan",,
RECP_(H)ş,ish,,VVI,,CATI,,DUSME_UNLU,"ish, sh",,,,"yondash, qarash, boqish, kulish, korishish, uchrash, tartish, qilish, marash, yaqinlash, yubarish, yozish",,
CAUSR_(J)r,Jr,,VVI,,CATI,,"DUSME_UNLU, DONUSUM_J","ar, ir, r",,,,"chiqar, qaytar, qo‘par, oshir, botir, ichir, qochir, qotir, kechir, ko‘chir, o‘chir, pishir, sishir, toshir, uchir, yitir, yoshir, ",,
CAUSDAR_Där,Dar,,VVI,,CATI,,DONUSUM_D,"dar, tar",,,,"ag‘dar, antar, to‘ntar",,
CAUSDIR_DHr,DHr,,VVI,,CATI,,"DONUSUM_D, DONUSUM_H","dir, tir ",,,,"bildir, sindir, aylantir, o‘ldir, chiqartir, keltir, abadiylaştir, o‘tkazdir, emizdir, uzdir, ko‘peytir, aylantir. ",,
CAUSG‘IZ_GHz,GHz,,VVI,,CATI,,"DONUSUM_G, DONUSUM_H","giz, g‘iz, kiz, qiz",,,,"yetkiz, ketkiz, kirgiz, kiygiz, mingiz, o‘tkiz, tekkiz, tolg‘iz, toyg‘iz, turg‘ız, tutqiz, yotqiz",,
CAUSG‘AZ_GAz,Gaz,,VVI,,CATI,,"DONUSUM_G, DONUSUM_H","gaz, kaz, g‘az, qaz ",,,,"ko‘rgaz, yutkqaz, o‘tkaz,",,
CAUSQAR_GJr,GJr,,VVI,,CATI,,"DONUSUM_G, DONUSUM_J","gir, kar",,,,"ozg‘ir, ot‘kar",,
CAUSSAT_sät,sat,,VVI,,CATI,,,sat,,,,ko‘rsat,,
CAUST_t,t,,VVI,,CATI,,,t,,,,"qurit, taraqlat, erit, to‘xtat, yarimlat, uzat, oxshat, tirilt, oqart, qorayt, berkit, bekit",,
CAUSIZ _Hz,Hz,,VVI,,CATI,,DONUSUM_H,"iz, z",,,,"oqiz, boqiz, emiz, tomiz, tegiz",,
NEG_ma,ma,,VVI,,NEG,,,ma,,,,"kelma, borma, ketma",,
TAORSA_(A)r,ar,,VVI,,BLD_KIP,,"DONUSUM_A, DUSME_UNLU","ar,r",,,,"ketar, kelar, yoqar, tegar, qararman",,
TPROGAYAP_(A)yäp,Ayap,,VVI,,BLD_KIP,,"DONUSUM_A, DUSME_UNLU","ayapti, yapti",,,,"ketyapti, kelyapti, yoqyapti, tegyapti, tilayapti, o‘qiyapmiz",,
TPROGAYATIB_(A)yåtib,Ayotib,,VVI,,BLD_KIP,,"DONUSUM_A, DUSME_UNLU","ayotib, yotib",,,,"ketayotibdi, kelayotibdi, yoqayotibdi, tegayotibdi",,
TPROGAYATIR_(A)yåtir,Ayotir,,VVI,,BLD_KIP,,"DONUSUM_A, DUSME_UNLU","ayotir, yotir",,,,"ketayotir, kelayotir, yoqayotir, tegayotir",,
TPROGMOQDA_måqdä ,moqda ,,VVI,,BLD_KIP,,,moqda,,,,"ketmoqda, kelmoqda, yoqmoqda, tegmoqda",,
PROGIB1_(H)b_0turib,Hb 0turib,,VVI,,BLD_KIP,,"DONUSUM_H, DUSME_UNLU, ALTIRE_KALDIR","ib turib, b turib",,,,"ketib turibdi, kelib turibdi, yoqib turibdi, tegib turibdi",,
PROGIB2 _(H)b_0yåtib,Hb 0yotib,,VVI,,BLD_KIP,,"DONUSUM_H, DUSME_UNLU, ALTIRE_KALDIR","ib yotib, b yotib",,,,"ketib yotibdi, kelib yotibdi, yoqib yotibdi, tegib yotibdi",,
PROGIB3 _(H)b_0otirib,Hb 0o‘tirib,,VVI,,BLD_KIP,,"DONUSUM_H, DUSME_UNLU, ALTIRE_KALDIR","ib o‘tirib, b o‘tirib",,,,"ketib o‘tiribdi, kelib o‘tiribdi, yoqib o‘tiribdi, tegib o‘tiribdi ",,
PROGIB4_(H)b_0yürib,Hb 0yürib,,VVI,,BLD_KIP,,"DONUSUM_H, DUSME_UNLU,ALTIRE_KALDIR","ib yurib, b yurib",,,,"borib yuribdi, olib yuribdi, toqıb yuribdi, kelib yuribdi",,
TPASTD_di,di,,VVI,,BLD_KIP,,,di,,,,"ketdi, keldi, yoqdi, tegdi",,
TPASTG_GAn,Gan,,VVI,,BLD_KIP,,DONUSUM_G,"gan, qan, kan",,,,"ketgan, kelgan, yoqqan, tekkan, qolgan",,
XPASTM_miş,miş,,VVI,,BLD_KIP,,,mish,,,,"qo‘ymişsen, chetlanmishlar",,
TPASTNARR_(H)b,ib,,VVI,,BLD_KIP,,"DONUSUM_H, DUSME_UNLU","ib, b",,,,"ketibdi, kelibdi, yoqibdi, tegibdi, o‘qibman, ",,
TFUTRAY_(A)y,Ay,,VVI,,BLD_KIP,,"DONUSUM_A, DUSME_UNLU","ay, y",,,,"ketadi, keladi, yoqadi, tegadi, tilaydi",,
TFUTRAJAK_(y)äcäk,yajak,,VVI,,BLD_KIP,,DUSME_UNSUZ,"ajak, yajak",,,,"ketajak, kelajak, yoqajak, tegajak, tilayajak",,
XNEGE_0emäs,0emas,,VVI,,NEG,,ALTIRE_KALDIR,emas,,,,"ketgan emas, kelgan emas, yoqqan emas, tekkan emas",,
XNEGY_ 0yoq,0yoq,,VVI,,NEG,,ALTIRE_KALDIR,yoq,,,,"ketganim yo‘q, kelganing yo‘q, yoqqani yo‘q, tekkanleri yo‘q",,
XCOND_sä,sa,,VVI,,TSR_KIP,,,sa,,,,"ketsa, kelsa, yoqsa, tegsa, tilasa",,
TOPTAMÇ_måqçi,moqchi,,VVI,,TSR_KIP,,,mokchi,,,,"ketmoqchi, kelmoqchi, yoqmoqchi, tegmoqchi, tilamoqchi",,
TOPTAGY_GАy,Gay,,VVI,,TSR_KIP,,"DONUSUM_G, DONUSUM_A","gay, g‘ay, kay",,,,"topqay, chiqqay, bo’lg‘ay",,
TOPTAGI_GI_si_bar,Gi_si_bar,,VVI,,TSR_KIP,,"DONUSUM_G, ALTTIRE_KALDIR","g‘isi bor, gisi bor, kisi bor, qisi bor",,,,"ichkisi bor, chiqqisi bor, yoqqisi bor",,
TOPTAGI_GI_si_0yoq,Gi_si__yoq,,VVI,,TSR_KIP,,"DONUSUM_G, ALTIRE_KALDIR","g‘isi yoq, gisi yoq, kisi yoq, qisi yoq",,,,"ichkisi yo‘q, chiqqisi yo‘q, yoqqisi yo‘q",,
TOPTAGI1_GI_si_0kel,Gi_si__kel,,VVI,,TSR_KIP,,"DONUSUM_G, ALTIRE_KALDIR","g‘isi kel, gisi kel, kisi kel, qisi kel",,,,"ichkisi keladi, chiqqisi keladi, yoqqisi keladi",,
TNECEŞ_(I)ş_i_0keräk,Ish_i__kerak,,VVI,,TSR_KIP,,ALTIRE_KALDIR,"ishi kerak, ish kerak",,,,"ketishi kerak, tegishi kerak, tilashi kerak",,
TNECEŞ_(I)ş_i_0låzım,Ish_i_0lozım,,VVI,,TSR_KIP,,ALTIRE_KALDIR,"ishi lozim, shi lozim",,,,"yoqishi lozim, ",,
TNECEŞ_(I)ş_i_0zärür,Ish_i_0zarur,,VVI,,TSR_KIP,,ALTIRE_KALDIR,"ishi zarur, shi zarur",,,, kelishi zarur,,
TNECEMQ_måq_0keräk,maq_0kerak,,VVI,,TSR_KIP,,ALTIRE_KALDIR,maq kerak,,,,"ketmoq kerak, tegmoq kerak, tilamoq kerak",,
TNECEMQ_måq_0låzım,maq_0lozim,,VVI,,TSR_KIP,,ALTIRE_KALDIR,maq lozim,,,,yoqmoq lozim,,
TNECEMQ_måq_0zärür,maq_0zarur,,VVI,,TSR_KIP,,ALTIRE_KALDIR,maq zarür,,,,kelmoq zarur,,
TNECEV_(u)v_0keräk ,uv_0kerak ,,VVI,,TSR_KIP,,ALTIRE_KALDIR,"uv kerak, v kerak",,,,"ketuv kerak, keluv kerak, yoquv kerak, teguv kerak, tilоv kerak",,
TNECEV_(u)v_0låzim ,uv_0lozim ,,VVI,,TSR_KIP,,ALTIRE_KALDIR,"uv lozim, v lozim",,,,"teguv lozim, tilоv lozim",,
TNECEV_(u)v_0zårur ,uv_0zarur ,,VVI,,TSR_KIP,,ALTIRE_KALDIR,"uv zarur, v zarur",,,,"teguv zarur, tilоv zarur",,
XDUBTE1_0edi,0edi,,VVI,,HIKAYE,,ALTIRE_KALDIR,edi,,,,"ketishim kerak edi, kelmog‘i zarur edi, yoqqaning yoq edi, tegsak kerak edi, tilashlari lozim emas edi",,
XDUBTE2_0edi,0edi ,,VVI,,HIKAYE,,ALTIRE_KALDIR,edi,,,,"ketayotib edim, kelib edik, yoqar edi, tegmoqchi edingiz, tilаgan edinglar",,
XPASTEK1_0ekän,0ekan ,,VVI,,RIVAYET,,ALTIRE_KALDIR,edi,,,,"ketishim kerak ekan, kelmog‘i zarur ekan, yoqqaning yoq ekan, tegsak kerak ekan, tilashlari lozim emas ekan, bosdim ekan",,
XPASTEK2_0ekän,0ekan,,VVI,,RIVAYET,,ALTIRE_KALDIR,ekan,,,,"ketayotgan ekan, kelgan ekanmiz, yoqar ekansiz, tegmoqçi ekansan, tilаgan ekanlar",,
XPASTEM3_0emiş,0emish,,VVI,,RIVAYET,,ALTIRE_KALDIR,emish,,,,"ketishim kerak emish, kelmog‘i zarur emish, yoqqaning yoq emish, tegsak kerak emish, tilashlari lozim emas emish",,
XPASTEM4_0emiş,0emish,,VVI,,RIVAYET,,ALTIRE_KALDIR,emish,,,,"ketayotgan emish, kelgan emishmiz, yoqar emishsiz, tegmoqçi emishsan, tilаgan emishlar",,
XCONDB1_0bolsä,0bo‘lsa,,VVI,,TSR_KIP,,ALTIRE_KALDIR,bo‘lsa,,,,"ketishim kerak bo‘lsa, kelmog‘i zarur bo‘lsa, yoqqaning yoq bo‘lsa, tilashlari kerak bo‘lsa ",,
XCONDB2_0bolsä,0bo‘lsa,,VVI,,TSR_KIP,,ALTIRE_KALDIR,bo‘lsa,,,,"ketayotgan emish bo‘lsam, kelgan bo‘lsak, yoqar bo‘lsang, tegmoqchi bo‘lsangiz, tilagan bo‘lsalar",,
TAYAL_(A)y_0ål,ay ol,,VVI,,TSVR_FIIL,,"DUSME_UNLU, ALTIRE_KALDIR",ay ol,,,,"ola oldim, ko‘ra olgan edim, topa olasanmi, oqiy olmayman",,
TAYALMA_(A)y_0ålmä,ay olma,,VVI,,TSVR_FIIL,,ALTIRE_KALDIR,ay olma,,,,"ololmadim, ko‘ra olmagan, topa olmaysanmi, oqiy olmayman",,
TAYBİL_(A)y_0bil,ay bil,,VVI,,TSVR_FIIL,,ALTIRE_KALDIR,ay bil,,,,"boshqara bilish, qila bilish",,
BYUBOR_(H)b_0yubår,ib 0yubor,,VVI,,TSVR_FIIL,,"DUSME_UNLU, ALTIRE_KALDIR","ib yubor, b yubor",,,,"aytib yubor, kulib yubor, qoyib yubor, deb yubor",,
TTASHLA_(H)b_0täşlä,ib 0taşla,,VVI,,TSVR_FIIL,,"DUSME_UNLU, ALTIRE_KALDIR","ib tashla, b tashla",,,,"аytib tashla, olib tashla, yiqib tashla",,
TAVER_äver,aver,,VVI,,TSVR_FIIL,,,aver,,,,"aytaver, olaver, yiqaver, kulaver, boraver,",,
TIBOTUR_(H)b_0o‘tir,ib 0o‘tir,,VVI,,TSVR_FIIL,,"DUSME_UNLU, ALTIRE_KALDIR","ib o‘tir, b o‘tir",,,,"aytib o‘tir, kulib o‘tir, qoyib o‘tir, deb o‘tir",,
TIBTUR_(H)b_0tur,ib 0tur,,VVI,,TSVR_FIIL,,"DUSME_UNLU, ALTIRE_KALDIR","ib tur, b tur",,,,"аytib tur, kulib dur, qoyib dur, borib tur",,
AYOZ_Аyåz,ayoz,,VVI,,TSVR_FIIL,,,ayoz,,,,"aytayoz, yiqilayoz, kulayoz, ketayoz, tushayoz",,
AQAL_А_0qål,a qol,,VVI,,TSVR_FIIL,,ALTIRE_KALDIR,a qol,,,,,,
AQAL_aqål,aqol,,VVI,,TSVR_FIIL,,,aqol,,,,"aytakol, kelaqol, olaqol, tushaqol",,
XPAST_sa_0edi,sa 0edi,,VVI,,HIKAYE,,ALTIRE_KALDIR,sa edi,,,,"aytsa edi, kelsa edi, olsa edi, tushsa edi",,
XDUBT_miş,mish,,VVI,,RIVAYET,,,mish,,,,"chekarmish, chiqarmish, bo‘lganmish, o‘ylanganmish, kelganmish",,
PERS1s1_män,man,,VVI,,SAHIS1.tip,,,man,,,,"ketgan ekanman, kelgan ekanman, yoqqan ekanman, tekkan ekanman, tilagan ekanman",,
PERS1s2_m,m,,VVI,,SAHIS2.tip,,,m,,,,"ketgan edim, kelgan edim, yoqqan edim, tekkan edim, tilagan edim",,
PERS1p1_miz,miz,,VVI,,SAHIS1.tip,,,miz,,,,"ketganmiz, kelganmiz, yoqqanmiz, tekkanmiz",,
PERS1p2_k,k,,VVI,,SAHIS2.tip,,,k,,,,"ketdik, keldik, yoqdik, tegdik",,
PERS2s1_sän,san,,VVI,,SAHIS2.tip,,,san,,,,"ketyapman, kelyapman, yoqyapman, tegyapman",,
PERS2s2_ng,ng,,VVI,,SAHIS1.tip,,,ng,,,,"ketsang, kelsang, yoqsang, tegsang, tilasang",,
PERS2p1_siz,siz,,VVI,,SAHIS1.tip,,,siz,,,,"ketamiz, kelamiz, yoqamiz, tegamiz, tilaymiz",,
PERS2p1_sizlär,sizlar,,VVI,,SAHIS1.tip,,,sizlar,,,,"borib yuribsizlar, olib yuribsizlar, toqıb yuribsizlar, kelib yuribsizlar",,
PERS2p2_ngiz,ngiz,,VVI,,SAHIS2.tip,,,ngiz,,,,"ketdingiz, keldingiz, yoqdingiz, tegdingiz",,
PERS2p2_ngizlär,ngizlar,,VVI,,SAHIS2.tip,,,ngizlar,,,,"ketdingizlar, keldingizlar, yoqdingizlar, tegdingizlar",,
PERS2p2_nglar,nglar,,VVI,,SAHIS2.tip,,,nglar,,,,"ketdinglar, keldinglar, yoqdinglar, tegdinglar",,
PERS2p2_laring,laring,,VVI,,SAHIS2.tip,,,laring,,,,"ketdilaring, keldilaring, yoqdilaring, tegdilaring",,
PERS2p2_laringiz,laringiz,,VVI,,SAHIS2.tip,,,laringiz,,,,"ketdilaringiz, keldilaringiz, yoqdilaringiz, tegdilaringiz",,
VVI_dir,dir,,VVI,,BILDIRME_EKI,,,dir,,,,"ketgandir, kelgandir, yoqqandir, tekkandir",,
PERS3s1and2_0  ,0  ,,VVI,,SAHIS2.tip,,,,,,,"ketgan, kelgan, yoqqan, tekkan",,
PERS3s1_di,di,,VVI,,SAHIS1.tip,,,di,,,,"borib yuribdi, olib yuribdi, toqıb yuribdi, kelib yuribdi",,
PERS3s1_TPROG_(A)yapti,ayapti,,VVI,,SAHIS1.tip,,"DUSME_UNLU, DONUSUM_A",ayapti,,,,"ketyapti, kelyapti, yoqyapti, tegyapti, tilayapti",,
PERS3p1 _di(lär) ,dilar ,,VVI,,SAHIS1.tip,,,dilar,,,,"ketmabdilar, kelmabdilar, yoqmabdilar, tegmabdilar",,
PERS3p1and2_(i)ş,ish,,VVI,,"SAHIS1.,2.tip",,DUSME_UNLU,"ish, sh",,,,"yoqishgan, yoqishibdi, yoqishiyapti, yoqishdi, tilashdi",,
PERS3p_lär,lar,,VVI,,"SAHIS1.,2.tip",,,lar,,,,"ketyaptilar, keladilar, yoqqanlar, tekkanlari yok, tilabdilar",,
IMPAY1s1_(a)y,ay,,VVI,,EMIR,,DUSME_UNLU,"ay, y",,,,"ketay, kelay, yoqay, tegay, tilay",,
IMPAYN1s2_(a)yin,ayin,,VVI,,EMIR,,DUSME_UNLU,ayin,,,,"ketayin, kelayin, yoqayin, tegayin, tilayin",,
IMPAYLK1p_(A)ylik,aylik,,VVI,,EMIR,,"DUSME_UNLU, DONUSUM_A",aylik,,,,"ketaylik, kelaylik, yoqaylik, tegaylik, tilaylik",,
IMP02s1_0,0,,VVI,,EMIR,,,,,,,"ket, kel, yoq, teg, tila",,
IMPGN2s1_GHn,GHn,,VVI,,EMIR,,"DONUSUM_G, DONUSUM_H","gin, g‘in, qin, kin",,,,"ketgin, kelgin, yoqqin, tekkin, tilagin",,
IMPNG2p1_(i)ng,ing,,VVI,,EMIR,,DUSME_UNLU,"ing, ng ",,,,"keting, keling, yoqing, teging, tilang",,
IMPNGZ2p1_(i)ngiz,ingiz,,VVI,,EMIR,,DUSME_UNLU,"ingiz, ngiz",,,,"ketingiz, kelingiz, yoqingiz, tegingiz, tilangiz",,
IMPSN3s_sin,sin,,VVI,,EMIR,,,sin,,,,"ketsin, kelsin, yoqsin, tegsin, tilasin",,
IMPSN3p_sinlär,sinlar,,VVI,,EMIR,,,sinlar,,,,"ketsinlar, kelsinlar, yoqsinlar, tegsinlar, tilasinlar",,
VND_ä,a,,VND,,VND,,,a,,,,"osha, qona, o‘ta, ata, tuna, oyna, sana, o‘rna, yasha",,
VND_(A)r,Ar,,VND,,VND,,DUSME_UNLU,"ar,r",,,,"o‘zgar, ko‘kar, qisqar, eskir",,
VND_(A)y,Ay,,VND,,VND,,DUSME_UNLU,"ay, y",,,,"ko‘pay, bukray, ozay, tila ",,
VND_dä,da,,VND,,VND,,,da,,,,"yonda, izda, alda, hayda",,
VND_GA,Ga,,VND,,VND,,DONUSUM_G,"ga, g‘a, ka, qa",,,,"chulg‘a, iska, loyqa",,
VND_GAr,G‘Ar,,VND,,VND,,DONUSUM_G,"gar, g‘ar, kar, qar",,,,"sug‘or, boshqar, eskar",,
VND_ĠH,G‘i,,VND,,VND,,DONUSUM_Ġ,"gi, ki, g‘i, qi, ",,,,"bijg‘i, selgi",,
VND_i,i,,VND,,VND,,,i,,,,"og‘ri, boyi, chalpi, gaji, kami, to‘zi, tinchi",,
VND_(H)Q,iQ,,VND,,VND,,"DONUSUM_Q,DONUSUM_H","ik, iq, ik, iq",,,,"birik, jimiq, chiniq, elik, kechik, namik, yo‘liq, zoriq, zo‘riq",,
VND_QHr,Qir,,VND,,VND,,"DONUSUM_Q,DONUSUM_H","gir, kir, g‘ir, qir",,,,"aykir/haykir, chinkir, chushkir, ishqir/ pishqir, kechkir, qiyqir",,
VND_QHrA,QirA,,VND,,VND,,"DONUSUM_Q,DONUSUM_H","gir, kir, g‘ir, qir ",,,,"gurkira, xirqira, sharqira, shirqira",,
VND_lä,la ,,VND,,VND,,,la,,,,"olqishla, arrala, boshla, chambarla, qollab qoltiqla, nikalla, arzanla, camla, taqirla, qarala",,
VND_län,lan,,VND,,VND,,,lan,,,,"botirlan, jonsizlan, jonlan, norozilan, kayflan, qayg‘ulan, qurollan, shuphalan, uylan",,
VND_läş,lash,,VND,,VND,,,lash,,,,"omonlash, birlash, gaplash, xayrlash, ko‘maklash, mashinalash, yuzlash",,
VND_lät,lat,,VND,,VND,,,lat,,,,"ag‘irlat, alangalat, xalilat, kuchsizlat, yolqinlat, tinclat",,
VND_(H)r,ir,,VND,,VND,,,"ir, r",,,,"aqsir, baqir, bo ‘kir, cakir, qiyqir, tupur, ufur",,
VND_rä,ra,,VND,,VND,,,ra,,,,"chiyra, guvra, hangra, ingra, qaqra, mara, sayra, ",,
VND_sä,sa,,VND,,VND,,,sa,,,,"buruqsa, qomsa/ qumsa, suvsa, vaysa.",,
VND_si,si,,VND,,VND,,,si,,,,"alaxsi, biliqsi/ biqsi, g‘imirsi/ g‘ivirsi, xamsi, ivirsi, o‘ksi",,
VND_sin,sin,,VND,,VND,,,sin,,,,"ajabsin, og‘irsin, ozsin, dardsin, arzonsin, xavfsin, xayfsin, qızıqsın, yotsin, yuraksin.",,
VND_sit,sit,,VND,,VND,,,sit,,,,"aybsit, tengsit, kamsit",,
VND_sirä,sira,,VND,,VND,,,sira,,,,"alahsira, anqavsira, oshsira, ersira, holsira, xavfsira, issiqsira, qonsira, suvsira, sizsira, talmovsira, yotsira",,
VND_şä,sha,,VND,,VND,,,sha,,,,"qaqsha, qursha, quruqsha, ting‘sha",,
VND_şi,shi,,VND,,VND,,,shi,,,,"gingshi, shipshi",,
VND_(J)t,Jt,,VND,,VND,,"DUSME_UNLU, DONUSUM_J","ot, it, at, t",,,,"og‘rit, yo‘qot, berkit, bekit, so‘vqot, uyg‘ot, ",,
VVD_ä,a,,VVD,,VVD,,,a,,,,"bura, qura, o‘kra, o‘lcha, taqa, tuta",,
VVD_GA,Ga,,VVD,,VVD,,DONUSUM_G,"ga, ka, g‘a, qa",,,,"chayqa, qo‘zg‘a, surka/ suyka, do‘ngga",,
VVD_i,i,,VVD,,VVD,,,i,,,,"qalqi, qazi, qizi, qo‘zi, pishi, pishi, singi, shimi, tini, ",,
VVD_(J)Q,JQ,,VVD,,VVD,,"DUSME_UNLU, DONUSUM_J, DONUSUM_Q","oq, ik, iq",,,,"oshiq, iliq, qoniq, ko‘nik, kuyik, pishik, siniq, so‘liq, toliq, tutaq, tutiliq, uzoq, uzik, yutoq",,
VVD_lä,la,,VVD,,VVD,,,la,,,,"to‘ngla, oshala, bo‘ljala, bo‘rala, bukla, bulg‘ala, chimchila, g‘imirsila, qantarla, quvla, niqtala, savala, timisqala, yulqila",,
VVD_mä,ma,,VVD,,VVD,,,ma,,,,"berma, kutilma, qilma, suyilma, kelinma, bo‘lma, milliylashtirma, yema, suvsirama, kuymalanma",,
VVD_(H)msirä,imsira,,VVD,,VVD,,"DUSME_UNLU, DUSME_UNSUZ","msira, msira",,,,"qo‘rqimsira, kulimsira, yıg‘lamsira",,
VVD_(H)nkira,inkira,,VVD,,VVD,,"DUSME_UNLU, DUSME_UNSUZ","inkira, nkira",,,,"ochinqira, bosinqira, ishaninqira/ ishanqira, qizarinqira, qo‘rqinqira, o‘chinqira, tutilinqira, yotinqira, yuminqira",,
VVD_Gila,Gila,,VVD,,VVD,,DONUSUM_G,"gila, g‘ila, kila, qila",,,,"tortqila, yulqila, chopqila, turtqila, opichqila, ezg‘ila, kutkila, timirskila, timiskila, titkila, ejikila, yugurgila, ",,
JVD_GAn,Gan,,JVD,,JVD,,DONUSUM_G,"gan, qan, kan",,,,"yozmagan, tekkan, chiqqan",,
JVD_(H)Q,Hr,,JVD,,JVD,,"DONUSUM_H, DUSME_UNLU, DONUSUM_Q","ik,iq,uk,uq, k, q ",,,,"ochiq, yopiq, o‘lik, tirik, yetik, yotiq, yig‘iq, achchiq, chuchuk, yumuq,  uzuq, buzuq, quruq, yaltiroq, tarqoq, porloq, chanqoq shaldiroq, shildiroq, titroq, ",,
JVD_(J)r,Jr,,JVD,,JVD,,"DONUSUM_J, DUSME_UNLU","ar,r, ur, ",,,,"uchar, ochilur",,
JVD_mäs,mas,,JVD,,JVD,,,mas,,,,"o‘lmas, o‘chmas",,
JVD_GUsi,GUsi,,JVD,,JVD,,DONUSUM_G,"gusi, g‘usi",,,,"bo‘lg‘usi, kelgusi",,
JVD_(a/y)digän,adigan,,JVD,,JVD,,"DUSME_UNSUZ,DUSME_UNLU","adigan, ydigan, digan",,,,"qatnaydigan, biladigan",,
JVD_miş,mish,,JVD,,JVD,,,mish,,,,"o‘tmish, ",,
NVD_(y)äcäk,yajag,,JVD,,JVD,,"DUSME_UNSUZ, YUMUSAMA_kg","yajak, ajak",,,,kelajak,,
JVD_(y)äcäk,yajag,,JVD,,JVD,,"DUSME_UNSUZ, YUMUSAMA_kg","yajak, ajak",,,,"ishlayajak, kelajak",,
AVD_(Ä)Y,ay,,AVD,,AVD,,DUSME_UNLU,"ay, y",,,,"eriy, kela, qarayqaray",,
AVD_(H)b,ib,,AVD,,AVD,,DUSME_UNLU,"ib, b",,,,"qarab, olib, tilab,",,
AVD_(H)bån,ibon,,AVD,,AVD,,DUSME_UNLU,"ibon, on, bon",,,,"qarabon, olibon, tilabon, qaytibon",,
AVD_mäy,may,,AVD,,AVD,,,may,,,,"kelmay, ketmay, topmay",,
AVD_mäyin,mayin,,AVD,,AVD,,,mayin,,,,"kelmayin, ketmayin, topmayin",,
AVD_GAç,Gach,,AVD,,AVD,,DONUSUM_G,"gach, qach, kach",,,,"to‘kkach, yoqqach, aytgach, tekkach, tilagach",,
AVD_GUnçä,GUncha,,AVD,,AVD,,DONUSUM_G,"kuncha, guncha, quncha",,,,"to‘kkuncha, yoqquncha, aytguncha, tekkuncha, tilamaguncha",,
AVD_GAni,Gani,,AVD,,AVD,,DONUSUM_G,"gani, qani, kani",,,,"to‘kkani, yoqqani, aytgani, tekkani, tilagani",,
AVD_GAli,Gali,,AVD,,AVD,,DONUSUM_G,"gali, qali, kali",,,,"to‘kkali, yoqqali, aytgali, tekkali, tilagali",,
QUE_mi,mi,,QUE,,QUE,,,mi,,,,"keldi mi, ketdi mi, oldi mi",,
INF_måq,moq,,INF,,I-FIIL,,,moq,,,,kelmoq,,
INF_måqlik,moqlik,,INF,,I-FIIL,,,moqlik,,,,bormoqlik,,
INF_måslik,moslik,,INF,,I-FIIL,,,moslik,,,,kelmoslik,,
INF_(H)v,iv,,INF,,I-FIIL,,"DUSME_UNLU, DONUSUM_H","iv, uv, v",,,,"keluv, boruv, biluv, qarov",,
ING_(H)ş ,ish,,INF,,I-FIIL,,DUSME_UNLU,"ish, sh",,,,"kelish, olish, ",,
,,,,,,,,,,,,,,
JND_ser,ser,,JND ,,JND ,,,ser,,,,"sergap, serhosil, serxarxasha, serjahl, serzarda, serunum, serkepak, sertashvish",,
JND_bA,ba,,JND,,JND,,,"ba, bo",,,,"badavlat, basavlat, baquvvat, bag‘ayrat, boadab ",,
JND_nå,no,,JND ,,JND ,,,no,,,,"noto‘g‘ri, noloyiq, nomuvafiq, notinch, noma’lum, noqulay, norozi, nohaq",,
JND_be,be,,JND ,,JND ,,,be,,,,"beg‘ubor, bexabar, besabr, betoqat, befoyda, bemaza, betashvish, beg‘alva, bepul ",,