id,lexicalForm,sub-type,type,Alt tür,Grup,flags,rules,surfaces,emptySurface,Zemberek Karşılığı,Oflazer Karşılığı,Örnekler,İstisnalar,Açıklama
IC_COGUL_lAr,lAr,NI,I,IC,,,"DONUSUM_A, ","lar, ler, ",,ISIM_COGUL_LER,NNI_PLU,"kitaplar, kalemler","annemler, babamlar, balcılar, baharatçılar, Çinliler, Selçuklular, Osmanlılar, Bektaşîler, buğdaygiller, baklagiller","Çoğul eki genellikle isimlerin tekil hâline getirilir, başka çekim eklerinden sonra gelmez. Ancak ""-gil"" aile ismi eki yerine bazen iyelik eklerinden, CU, lU yapım eklerinden, nispet î'sinden, -gil ekinden veya oğul kelimesiyle yapılan birleşik kelimelerden sonra kullanılabilir: annemler, babamlar, Aydınoğulları, Osmanoğulları, balcılar, baharatçılar, Çinliler, Selçuklular, Osmanlılar, Bektaşîler, buğdaygiller, baklagiller..."
IC_SAHIPLIK_BEN_(U)m,Um,NI,I,IC,ISIM_SAHIPLIK,,"DONUSUM_U, DUSME_UNLU, ","ım, im, um, üm, m, ",,ISIM_SAHIPLIK_BEN_IM,NNI_POSS1s,"kalemim, kitabım, köyüm, okulum, günlüğüm, masam","suyum, nem, neyim","su ve ne kelimeleri, ayrıca su kelimesi ile biten bileşik kelimeler için istisnai bir durum mevcut"
IC_SAHIPLIK_SEN_(U)n,Un,NI,I,IC,ISIM_SAHIPLIK,,"DONUSUM_U, DUSME_UNLU, ","ın, in, un, ün, n, ",,ISIM_SAHIPLIK_SEN_IN,NNI_POSS2s,"kalemin, kitabın, köyün, okulun, günlüğün, masan","suyun, nen, neyin","su ve ne kelimeleri, ayrıca su kelimesi ile biten bileşik kelimeler için istisnai bir durum mevcut"
IC_SAHIPLIK_O_(s)U,sU,NI,I,IC,ISIM_SAHIPLIK,,"DONUSUM_U, DUSME_UNSUZ, OZEL_N","sı, si, su, sü, ı, i, u, ü, ",,ISIM_SAHIPLIK_O_I,NNI_POSS3s,"kalemi, kitabı, nesi, köyü, okulu, günlüğü, masası, elbisesi, paltosu, pardesüsü","suyu,  birisi, kimisi, çoğusu,  neyi (nesi de olur)","Bu ekin diğer adı ""tamlanan eki""dir. Üçüncü tekil şahıs iyelik eki kimi zaman üst üste gelebilir (Birisi, kimisi vs).  Zemberek'te bu ek ISIM_TAMLAMA_I ve ISIM_SAHIPLIK_O_I şeklinde iki ek olarak düşünülmüş ancak Leyla Karahan'ın ""Türkçenin Söz Dizimi"" isimli kitabına dayanarak tek bir ek olarak kabul ettik."
IC_SAHIPLIK_BIZ_(U)mUz,UmUz,NI,I,IC,ISIM_SAHIPLIK,,"DONUSUM_U, DUSME_UNLU, ","ımız, imiz, umuz, ümüz, mız, miz, muz, müz, ",,ISIM_SAHIPLIK_BIZ_IMIZ,NNI_POSS1p,"kalemimiz, kitabımız, okulumuz, günlüğümüz, masamız, elbisemiz, paltomuz, pardesümüz","suyumuz, nemiz, neyimiz",
IC_SAHIPLIK_SIZ_(U)nUz,UnUz,NI,I,IC,ISIM_SAHIPLIK,,"DONUSUM_U, DUSME_UNLU, ","ınız, iniz, unuz, ünüz, nız, niz, nuz, nüz, ",,ISIM_SAHIPLIK_SIZ_INIZ,NNI_POSS2p,"kaleminiz, kitabınız, okulunuz, günlüğünüz, masanız, elbiseniz, paltonuz, pardesünüz"," suyunuz, neniz, neyiniz",
IC_SAHIPLIK_ONLAR_lArI,lArI,NI,I,IC,ISIM_SAHIPLIK,,"DONUSUM_A, DONUSUM_I, OZEL_N","ları, leri, ",,ISIM_SAHIPLIK_ONLAR_LERI,NNI_POSS3p,"kitapları, kalemleri, masaları, neleri",,
IC_HAL_YONELME_(y)A,yA,NI,I,IC,ISIM_HAL,,"DUSME_UNSUZ, DONUSUM_A, ","a, e, ya, ye, na, ne",,ISIM_YONELME_E,NNI_DAT,"kitaba, kaleme, masaya, elbiseye",,
IC_HAL_BELIRTME_(y)U,yU, ,I,IC,ISIM_HAL,,"DUSME_UNSUZ, DONUSUM_U, ","yı, yi, yu, yü, ı, i, u, ü, nı, ni, nu, nü",,ISIM_BELIRTME_I,NNI_OBJ,"kitabı, kalemi, masayı, besteyi, okulu, paltoyu, pardesüyü, küpü",,Bu belirtme hâli (akkuzatif) eki. 3. tekil şahıs iyelik eki ve bazı eklerden sonra ekin farklı bir versiyonu kullanılır.
IC_HAL_BULUNMA_DA,DA,NI,I,IC,ISIM_HAL,,"DONUSUM_D, DONUSUM_A, ","de, da, te, ta, nde, nda",,ISIM_KALMA_DE,NNI_LOC,"kitapta, kalemde, masada, küpte",,
IC_HAL_AYRILMA_DAn,DAn,NI,I,IC,ISIM_HAL,,"DONUSUM_D, DONUSUM_A, ","den, dan, ten, tan, nden, ndan",,ISIM_CIKMA_DEN,NNI_ABL,"kitaptan, kalemden, masadan, küpten",,
IC_HAL_ILGI_(n)Un,nUn,NI,I,IC,ISIM_HAL,,"DUSME_UNSUZ, DONUSUM_U, ","yin, yun, nın, nin, nun, nün, ın, in, un, ün, im",,ISIM_TAMLAYAN_IN,NNI_GEN,"kitabın, kalemin, okulun, suyun, günlüğün, küpün, masanın, elbisenin, paltonun, pardesünün",,"Bu eke ilgi hâli (genitif) veya ""tamlayan eki"" denilir."
IC_HAL_VASITA_(y)lA,ylA,NI,I,IC,ISIM_HAL,,"DUSME_UNSUZ, DONUSUM_A, ","yla, yle, la, le, ",,ISIM_BIRLIKTELIK_LE,NNI_INC,"kitapla, kalemle, masayla, elbiseyle",,"Bir kelimede bulunan vasıta hâli eki (y)lA anlama göre hâl eki veya ""ile"" bağlacı görevinde bulunabilir. İsmi ""yüklem""e bağlar. İle edatının ekleşmiş hâlidir. Elle kopardı, suyla içti vs. İle bağlacı ise ""ve"" yerine kullanılır; iki isim yahut fiili birbirine bağlar. Suyla hava örneğinde yla (ile) bağlaçtır."
IC_AITLIK_ki,ki,NI,I,IC,,,OZEL_N,"ki, kü",,ISIM_BULUNMA_KI,NNI_REL,"kitaptaki, kaleminki, masadaki, yerdekinden, anneminki, çocuğunki, bugünkü, dünkü, öbürkü",,"Bu ekin adı aitlik ekidir. ""-ki"" eki, çekim eklerinden sonra gelir ve iyelik eki gibi, yardımcı ses alabilir. Misal: yerdekinden. Buradaki ilk -n, yardımcı sestir."
KARAKTER_KESME,',,O,,,,"KESME_KALDIR, KESME_EKLE",',,,,,Kesme işareti dik ve kıvrımlı olmak üzere iki şekilde kullanılabiliyor.,
ZAMIR_COGUL_lAr,lAr,NI,I,IC,,,"DONUSUM_A, ","lar, ler, ",,,,,Zamirlerde istisna çok olduğu için ayrı bir çoğul eki yazıldı.,Aksi takdirde nomal çoğul ekine bir sürü istisna kural yazıp sistemi yavaşlatabilirdik.
EKFIIL_TANIMLAMA_DUr,DUr,NI,I,EF,EK_FIIL,,"DONUSUM_D, DONUSUM_U, ","dır, dir, dur, dür, tır, tir, tur, tür, ",,EK_FIIL_O_DUR,VVI_DHR,"gelmiştir, buradadır, odur, güzeldir, güllüdür, ufaktır, geniştir, koruktur, büyüktür","Bu ek Haftalardır, günlerdir ya da 2 saattir bekliyorum gibi zarf da yapar.","Bildirme ekidir. Bazı kelimelerde ek-fiille kalıplaşmıştır. Güzeldir, gelmiştir vs. örneklerde yükleme geliyor.  İki yıldır gibi örneklerdeki ek de bildirme ekidir."
EKFIIL_SAHIS_BEN_(y)Um,yUm,NI,I,EF,EK_FIIL_SAHIS,,"DUSME_UNSUZ, DONUSUM_U, ","yım, yim, yum, yüm, ım, im, um, üm, m",,ISIM_KISI_BEN_IM,,"ağayım, paşayım, yalnızsam, dargınım, zenginim, yorgunum, üzgünüm, hastayım, evdeyim, suçluyum, süslüyüm",,
EKFIIL_SAHIS_SEN_sUn,sUn,NI,I,EF,EK_FIIL_SAHIS,,"DONUSUM_U, ","sın, sin, sun, sün, ",,ISIM_KISI_SEN_SIN,,"ağasın, paşasın, zenginsin, yorgunsun, süslüsün, hastaydın",,
EKFIIL_SAHIS_BIZ_(y)Uz,yUz,NI,I,EF,EK_FIIL_SAHIS,,"DUSME_UNSUZ, DONUSUM_U, ","yız, yiz, yuz, yüz, ız, iz, uz, üz, ",,ISIM_KISI_BIZ_IZ,,"ağayız, paşayız, yalnızız, zenginiz, yorgunuz, üzgünüz, hastayız, evdeyiz, suçluyuz, süslüyüz",,
EKFIIL_SAHIS_SIZ_sUnUz,sUnUz,NI,I,EF,EK_FIIL_SAHIS,,"DONUSUM_U, ","sınız, siniz, sunuz, sünüz, ",,ISIM_KISI_SIZ_SINIZ,,"ağasınız, paşasınız, zenginsiniz, yorgunsunuz, süslüsünüz",,
EKFIIL_SAHIS_ONLAR_lAr,lAr,NI,I,EF,EK_FIIL_SAHIS,,"DONUSUM_A, ","lar, ler, ",,ISIM_KISI_ONLAR_LER,,"ağalar, paşalar, yalnızdırlar, yalnızlardır, zengindirler, zenginlerdir, yorgundurlar, yorgunlardır, çocukturlar, çocuklardır, süslüdürler, gençtirler, Türk'türler, karışıktırlar ",,
EKFIIL_SAHIS_BEN_m,m,NI,I,EF,EK_FIIL_SAHIS,,,"m, ",,ISIM_KISI_BEN_IM,,yalnızsam,,
EKFIIL_SAHIS_SEN_n,n,NI,I,EF,EK_FIIL_SAHIS,,,"n, ",,ISIM_KISI_SEN_SIN,,yalnızsan,,
EKFIIL_SAHIS_BIZ_k,k,NI,I,EF,EK_FIIL_SAHIS,,"OZEL_BIZ_lIm, DONUSUM_I, ","k, lım, lim, ",,ISIM_KISI_BIZ_IZ,,"ağaysak, dargınsak",,
EKFIIL_SAHIS_SIZ_nUz,nUz,NI,I,EF,EK_FIIL_SAHIS,,"DONUSUM_U, ","nız, niz, nuz, nüz, ",,ISIM_KISI_SIZ_SINIZ,,"hastaydınız, gençtiniz, çocuktunuz, üzgündünüz",,
EKFIIL_ZAMAN_(y)ken,yken,NI,I,EF,EK_FIIL_ZAMAN,,"DUSME_UNSUZ, ","ken, yken, ",,IMEK_ZAMAN_KEN,VVI_XADV1,"yürürken, evdeyken, kalırken, buradayken",,"Fiillere geldiğinde zarf fiil  yapar. ""giderken düştüm"" gibi."
EKFIIL_SART_(y)sA,ysA,NI,I,EF,EK_FIIL_ZAMAN,,"DUSME_UNSUZ, DONUSUM_A, ","se, sa, yse, ysa, ",,IMEK_SART_SE,VVI_XCOND,"gelmişse, tembelse, baktıysa, bulursa, sildiyse, doğruysa",,"Emir, şart ve istek kiplerinin ""şart""ı yoktur."
EKFIIL_RIVAYET_(y)mUş,ymUş,NI,I,EF,EK_FIIL_ZAMAN,,"DUSME_UNSUZ, DONUSUM_U, ","ymüş, ymuş, ymış, ymiş, mış, miş, muş, müş, ",,IMEK_RIVAYET_MIS,VVI_XDUBT,"yapmışmış, gitmişmiş, tembelmiş, hastaydı, gelseymiş, baksaymış, okurmuş, görsünmüş, oradaymış",,Emir kipinin rivayeti yoktur.
EKFIIL_HIKAYE_(y)DU,yDU,NI,I,EF,EK_FIIL_ZAMAN,,"DUSME_UNSUZ, DONUSUM_U, DONUSUM_D, ","ydu, ydü, ydı, ydi, dı, di, du, dü, tı, ti, tu, tü, ",,IMEK_HIKAYE_DI,VVI_XPAST,"yapsaydı, gelmişti, tembeldi, bekleseydi, yazsındı, oradaydı, verirdi, buluyordu, görürdü, bakmıştı, sevmişti, çözmüştü, sormuştu ",,Emir kipinin hikâyesi yoktur.
FC_KIP_EMIR_0,,NI,I,EF,Kip,,,,,,,,,
FC_KIP_EMIR_(y)Un,yUn,NI,I,FC,Kip,,"DUSME_UNSUZ, DONUSUM_U, ","ın, in, un, ün, yın, yin, yun, yün, ",,FIIL_EMIR_SIZ_IN,,"gelin, yapın, bulun, görün, anlayın, bekleyin, okuyun",,
FC_KIP_EMIR_(y)UnUz,yUnUz,NI,I,FC,Kip,,"DUSME_UNSUZ, DONUSUM_U, ","ınız, iniz, unuz, ünüz, yınız, yiniz, yunuz, yünüz, ",,FIIL_EMIR_SIZRESMI_INIZ,,"bakınız, geliniz, bulunuz, görünüz, anlayınız, bekleyiniz, okuyunuz",,
FC_KIP_EMIR_sUn,sUn,NI,I,FC,Kip,,"DONUSUM_U, ","sın, sin, sun, sün, ",,FIIL_EMIR_O_SIN,,"gelsin, yapsın, okusun, görsün",,
FC_KIP_EMIR_sUnlAr,sUnlAr,NI,I,FC,Kip,,"DONUSUM_U, DONUSUM_A, ","sınlar, sinler, sunlar, sünler, ",,FIIL_EMIR_ONLAR_SINLER,,"gelsinler, yapsınlar, okusunlar, görsünler",,
FC_KIP_ISTEK_(y)A,yA,NI,I,FC,Kip,,"DUSME_UNSUZ, DONUSUM_A, ","ya, ye, a, e, ",,FIIL_ISTEK_E,VVI_TOPTA,"baka, vere, anlaya, özleye, geleydi, sataymış, gelmeyeydi, gitmeyeydi",,
FC_KIP_ISTEK_sAnA,sAnA,NI,I,FC,Kip,,"DONUSUM_A, ","sana, sene, ",,FIIL_ISTEK_SENE,,"yapsana, gelsene",,
FC_KIP_ISTEK_sAnIzA,sAnIzA,NI,I,FC,Kip,,"DONUSUM_A, DONUSUM_I, ","sanıza, senize, ",,FIIL_ISTEK_SENIZE,,"yapsanıza, gelsenize",,
FC_KIP_GEREKLILIK_mAlI,mAlI,NI,I,FC,Kip,,"DONUSUM_A, DONUSUM_I, ","meli, malı, ",,FIIL_ZORUNLULUK_MELI,VVI_TNECE,"gelmeli, kalmalı",,
FC_KIP_DILEK_sA,sA,NI,I,FC,Kip,,"DONUSUM_A, ","se, sa, ",,FIIL_SART_SE,VVI_TCOND,"gelse, kalsa",,
FC_ZAMAN_GECMIS_DU,DU,NI,I,FC,FIIL_ZAMAN,,"DONUSUM_D, DONUSUM_U, ","dı, di, du, dü, tı, ti, tu, tü, ",,FIIL_GECMISZAMAN_DI,VVI_TPAST,"sardı, geldi, sordu, gördü, gitti, kaçtı, buldu, söktü",,Görülen geçmiş zaman da denir.
FC_ZAMAN_GECMIS_mUş,mUş,NI,I,FC,FIIL_ZAMAN,,"DONUSUM_U, ","mış, miş, muş, müş, ",,FIIL_GECMISZAMAN_MIS,VVI_TNARR,"kalmış, gelmiş, bulmuş, ölmüş",,Öğrenilen geçmiş zaman da denir.
FC_ZAMAN_GELECEK_(y)AcAK,yAcAk,NI,I,FC,FIIL_ZAMAN,,"DONUSUM_A, DUSME_UNSUZ, YUMUSAMA_kğ, ","acak, ecek, yacak, yecek, acağ, eceğ, yeceğ, yacağ, ",,FIIL_GELECEKZAMAN_ECEK,VVI_TFUTR,"kalacak, gelecek, bekleyecek, saklayacak, bekleyeceğim, bakacağım, geleceğim, saklayacağım",,
FC_ZAMAN_SIMDIKI_(U)yor,Uyor,NI,I,FC,FIIL_ZAMAN,,"OZEL_UYOR, DONUSUM_U, ","ıyor, iyor, uyor, üyor, yor, ",,FIIL_SIMDIKIZAMAN_IYOR,VVI_TPROG,"yiyor, bakıyor, geliyor, oluyor, görüyor","ekliyor, gözlüyor, anlıyor",Ünlü ile biten fiillerde daralmaya sebep olur.
FC_ZAMAN_GENIS_(U)r,Ur,NI,I,FC,FIIL_ZAMAN,,"GZ_OLUMSUZ, OZEL_GZ, DUSME_UNLU_GZ, DONUSUM_U, DONUSUM_A, ","ar, er, ır, ir, ur, ür, r, z, ",TRUE,FIIL_GENISZAMAN_IR,VVI_TAORSH,"anlar, gelir, korur, görür, kalır, yapar, eder",,"Bu ek Ar, Ur ve z olmak üzere üç farklı yüzeye sahip olabilir. Şimdilik tek bir ek olarak tanımladık. Ve durumu kotarmak için çeşitli kurallar yazdık. "
FC_YF_SUREKLILIK_(y)Adur,yAdur,NI,D,FFY,YF_SUREKLILIK,,"DUSME_UNSUZ, DONUSUM_A, ","adur, edur, yadur, yedur, ",,FIIL_SURERLIK_EDUR,VVI_TDUR,"yazadur, okuyadur, gidedur, bekleyedur",,(y)A zarf fiil eki+durmak yardımcı fiili. Belli bir zamandan beri yapılma veya belli bir durumda kalma gibi anlamlar katar.
FC_YF_SUREKLILIK_(y)Agel,yAgel,NI,D,FFY,YF_SUREKLILIK,,"DUSME_UNSUZ, DONUSUM_A, ","agel, egel, yagel, yegel, ",,FIIL_SURERLIK_EGEL,VVI_TGEL,"okuyagel, düşegelir, alagel, bekleyegel",,(y)A zarf fiil eki+gelmek yardımcı fiili. Belli bir zamandan beri yapılma veya belli bir durumda kalma gibi anlamlar katar.
FC_YF_SUREKLILIK_(y)Agör,yAgör,NI,D,FFY,YF_SUREKLILIK,,"DUSME_UNSUZ, DONUSUM_A, ","agör, egör, yagör, yegör, ",,FIIL_SURERLIK_EGOR,VVI_TGOR,"okuyagör, düşegör, bakagör, bekleyegör",,(y)A zarf fiil eki+görmek yardımcı fiili. Belli bir zamandan beri yapılma veya belli bir durumda kalma gibi anlamlar katar.
FC_YF_SUREKLILIK_(y)Akal,yAkal,NI,D,FFY,YF_SUREKLILIK,,"DUSME_UNSUZ, DONUSUM_A, ","akal, ekal, yakal, yekal, ",,FIIL_SURERLIK_EKAL,VVI_TKAL,"yazakal, okuyakal, görekaldım, bakakalmış, şaşakaldı, bekleyekaldı, kalakaldı",,(y)A zarf fiil eki+kalmak yardımcı fiili. Belli bir zamandan beri yapılma veya belli bir durumda kalma gibi anlamlar katar.
FC_YF_TEZLIK_(y)Uver,yUver,NI,D,FFY,YF,,"DUSME_UNSUZ, DONUSUM_U, ","ıver, iver, uver, üver, yıver, yiver, yuver, yüver, ",,FIIL_TEZLIK_IVER,,"yapıvermek, sıkılıverdi, kayıvermiş, okuyuverdi, geliver, buluver, üzülüverdi, anlayıvermiş, bekleyiver",,"(y)U zarf-fiil eki ile ver- yardımcı fiilinden oluşur. Çabukluk, birdenbirelik, kendiliğinden veya rahatlıkla olma gibi anlamlar katar."
FC_YF_YAKLASMA_(y)Ayaz,yAyaz,NI,D,FFY,YF_YAKLASMA,genis_Ar,"DUSME_UNSUZ, DONUSUM_A","ayaz, eyaz, yayaz, yeyaz, ",,FIIL_YAKLASMA_AYAZ,VVI_TYAZ,"düşeyaz, unutayaz, okuyayazdım, öleyazmış, titreyeyazdım",,(y)A zarf fiil eki+yazmak yardımcı fiili. Bir fiilin gerçekleşmeye çok yaklaşmış olması anlamını katar.
FC_YF_YETERLILIK_(y)Abil,yAbil,NI,D,FFY,YF,,"DUSME_UNSUZ, DONUSUM_A, ","abil, ebil, yabil, yebil, ",,FIIL_YETENEK_EBIL,VVI_TABIL,"gelebilir, bakabilmiş, yürüyebildim, okuyabildi",,"Bu ek aslında bir yardımcı fiildir. Fiillerle birleşerek birleşik fiil yapar. (y)A zarf fiil eki ile bil- yardımcı fiilinden oluşur. Yapabilme gücü, imkân ve ihtimal (olasılık) anlamlarını katar."
FC_YF_YETERSIZLIK_(y)AmA,yAmA,NI,D,FFY,YF,,"DUSME_UNSUZ, DONUSUM_A, ","ama, eme, amı, emi, yama, yeme, yamı, yemi, ",,FIIL_YETERSIZLIK_E + FIIL_OLUMSUZLUK_ME,VVI_ANEG,"yazamaz, okuyamaz, gelemedi, yürüyememiş",,Bu ek aslında bir yardımcı fiildir. Fiillerle birleşerek birleşik fiil yapar.
FIILIMSI_ISIM_(y)Uş,yUş,D,D,FIY,,,"DUSME_UNSUZ, DONUSUM_U, ","yış, yiş, yuş, yüş, ış, iş, uş, üş, ",,FIIL_DONUSUM_IS,NVD_YIS,"dalış, geçiş, gidiş, vuruş, görüş, saklayış, bekleyiş, koruyuş, yürüyüş",,
FIILIMSI_ISIM_mA,mA,D,D,FIY,,,"DONUSUM_A, ","me, ma, ",,FIIL_DONUSUM_ME,JVD_MA,"kaplama, dökme, yapma, serpme",,
FIILIMSI_ISIM_mAk,mAk,D,D,FIY,,,"DONUSUM_A, ","mek, mak, ",,FIIL_MASTAR_MEK,NVD_MAK,"yapmak, yemek, çakmak",,
FIILIMSI_SIFAT_(y)AcAK,yAcAk,D,D,FSY,,,"DONUSUM_A, DUSME_UNSUZ, YUMUSAMA_kğ, ","acak, ecek, yacak, yecek, acağ, eceğ, yeceğ, yacağ, ",,FIIL_DONUSUM_ECEK,JVD_ACAK,"oturacak, içecek, söylenecek, olmayacak, bekleyecek, oturacağı, bekleyeceği, geleceği, saklayacağın",,
FIILIMSI_SIFAT_(y)An,yAn,D,D,FSY,,,"DONUSUM_A, DUSME_UNSUZ, ","an, en, yan, yen, ",,FIILIMSI_SIFAT_EN,NVD_AN,"gelen, giden, bölünen, kaçan, kalan, yaratan, sevilen, gören, gelen, giden, bekleyen, susayan",,
FIILIMSI_SIFAT_(y)AsI,yAsI,D,D,FSY,,,"DONUSUM_A, DONUSUM_I, DUSME_UNSUZ, ","ası, esi, yası, yesi, ",,FIIL_DONUSUM_ESI,,"çatlayası, boyu devrilesi, olası, yetişmeyesi",,
FIILIMSI_SIFAT_(y)AsIcA,yAsIcA,D,D,FSY,,,"DONUSUM_A, DONUSUM_I, DUSME_UNSUZ, ","asıca, esice, yasıca, yesice, ",,FIIL_DONUSUM_ESICE,,"kudurasıca, geberesice, çatlayasıca, gülmeyesice",,
FIILIMSI_SIFAT_DUK,DUk,D,D,FSY,,,"DONUSUM_D, DONUSUM_U, YUMUSAMA_kğ, ","dık, dik, duk, dük, dığ, diğ, duğ, düğ, tığ, tiğ, tuğ, tüğ, tık, tik, tuk, tük ",,FIIL_BELIRTME_DIK,,,,
FIILIMSI_SIFAT_mAz,mAz,D,D,FSY,,,"DONUSUM_A, ","maz, mez, ",,FIIL_DONUSUM_MEZ,JVD_MAZ,"görünmez, yanmaz, yılmaz, utanmaz",,
FIILIMSI_SIFAT_mUş,mUş,D,D,FSY,,,"DONUSUM_U, ","mış, miş, muş, müş, ",,FIIL_DONUSUM_MIS,JVD_MIS,"geçmiş, okumuş, pişmiş, yanmış, ölmüş",,
FIILIMSI_ZARF_(y)A,yA,D,D,FZY,,,"DONUSUM_A, DUSME_UNSUZ, ","a, e, ya, ye, ",,,,"ortaklaşa, nöbetleşe, sapa, çalışa çalışa, bekleye bekleye, anlaya anlaya, diye, geçe",,Aslında zarf-fiil ekidir.
FIILIMSI_ZARF_(y)AlI,yAlI,D,D,FZY,,,"DONUSUM_A, DONUSUM_I, DUSME_UNSUZ, ","alı, eli, yalı, yeli, ",,,,"yapalı, geleli, almayalı, dinlemeyeli",,
FIILIMSI_ZARF_(y)ArAk,yArAk,D,D,FZY,,,"DUSME_UNSUZ, DONUSUM_A, ","arak, erek, yarak, yerek, ",,FIIL_SUREKLILIK_EREK,VVI_XADV2,"yürüyerek, giderek, bakarak, okuyarak",Adverbial aux,
FIILIMSI_ZARF_(y)AsIyA,yAsIyA,D,D,FZY,,,"DUSME_UNSUZ, DONUSUM_A, DONUSUM_I, ","yasıya, yesiye, asıya, esiye, ",,FIIL_DONUSUM_ESIYE,,"anlayasıya, bekleyesiye, bakasıya, ölesiye",,
FIILIMSI_ZARF_(y)Up,yUp,D,D,FZY,,,"DUSME_UNSUZ, DONUSUM_U, ","yıp, yip, yup, yüp, ıp, ip, up, üp, ",,FIIL_IMSI_IP,,"yapıp, edip, sorup, gülüp, anlayıp, bekleyip, okuyup, büyüyüp",,Fiilden az önce veya onunla aynı zamanda yapılan işleri gösteren zarf-fiiller türetir.
FIILIMSI_ZARF_(y)UncA,yUncA,D,D,FZY,,,"DUSME_UNSUZ, DONUSUM_U, DONUSUM_A, ","yınca, yince, yünce, yunca, ınca, ince, ünce, unca, ",,FIIL_ZAMAN_INCE,,"gelince, yapınca, korkunca, ölünce, başlayınca, bekleyince",,
FIILIMSI_ZARF_CAsInA,CAsInA,D,D,FZY,,,"DONUSUM_C, DONUSUM_A, DONUSUM_I, ","casına, cesine, çasına, çesine, ",,FIIL_GIBI_CESINE,,"yürürcesine, yaparcasına, anlamışçasına, dinlemişçesine",Aslında bu ek isimlere de gelebiliyor. O yüzden ekin isimlere gelen versiyonu için ayrı bir ek tanımladık.,
FIILIMSI_ZARF_DUkçA,DUkçA,D,D,FZY,,,"DONUSUM_D, DONUSUM_U, DONUSUM_A, ","dıkça, dikçe, dukça, dükçe, tıkça, tikçe, tukça, tükçe, ",,FIIL_DEVAMLILIK_DIKCE,AVD_DIKÇA,"oldukça, gittikçe, vardıkça, geldikçe, sordukça, güldükçe, baktıkça, seçtikçe, korktukça, öptükçe",,"Bir işin art arda veya belirli aralıklarla tekrarlandığını gösterir. Oldukça, gittikçe, vardıkça kalıplaşmış zarflardır."
FIILIMSI_ZARF_mAdAn,mAdAn,D,D,FZY,,,"DONUSUM_A, ","madan, meden, ",,FIIL_OLUMSUZLUK_DEN,,"yapmadan, yürümeden",,
FIILIMSI_ZARF_sIzIn,sIzIn,D,D,FZY,,,"DONUSUM_I, ","sızın, sizin, ",,FIIL_OLUMSUZLUK_SIZIN,,"anlamaksızın, dinlemeksizin",,
FY_OLUMSUZLUK_mA,mA,R,D,FFY,,,"DONUSUM_A, ","ma, me, mı, mi, mu, mü, ",,FIIL_OLUMSUZLUK_MA,VVI_NEG,"gelme, kalma",,"Fiilin anlamını değiştirerek yeni bir fiil yapar. Mesela gelmek, gelmemek gibi. Bu yüzden fiilden fiil yapan yapım eki olarak kabul edilir."
FY_DONUSUM_mAcA,mAcA,D,D,FIY,,,"DONUSUM_A, ","maca, mece, ",,,,"kesmece, bulmaca",Bu eki fiilden isim yapan olarak kabul ediyoruz. Kesmece gibi sıfatları doğrudan sözlükte bulabileceğimizi varsayıyoruz,
FY_TANIMLAMA_(y)UcU,yUcU,D,D,FIY,,,"DONUSUM_U, DUSME_UNSUZ, ","yucu, yücü, yıcı, yici, ucu, ücü, ıcı, ici, ",,FIIL_TANIMLAMA_ICI,NVD_ICI,"okuyucu, yazıcı, verici, kurucu, yüzücü, ağlayıcı, patlayıcı, dinleyici",,Daha çok meslek/uğraşı ve alet isimleri yapar.
FY_EDILGEN_(U)n,Un,D,D,FFY,,,"DUSME_UNLU, DONUSUM_U, ","n, ın, in, un, ün, ",,FIIL_EDILGENSESLI_N,VVI_REFX,"boyan, sulan, arabalan, evlen, gözlen, kurun",Bu ek bazı fiilere gelebilirken bazılarına gelemiyor.,Örnekler düzeltildi.
FY_DONUSLU_n,n,,D,,,,,n,,,,,,
FY_EDILGEN_Ul_(U)n,Ul,D,D,FFY,,,"OZEL_EDILGEN, DUSME_UNLU, DONUSUM_U, ","ıl, il, ul, ül, n, ın, in, un, ün, ",,FIIL_EDILGEN_IL,VVI_PASSL,"yapılmış, veril(iyor), bozul(du), küçüldü",Genelde ünlü ile biten fiillere gelmez. Ama ettirgen eklerinden sonra geliyor her zaman,Geçişsiz fiillere geldiğinde edilgen (öznesi belli olmayan) fiiller yapar. Geçişli fiillere geldiğinde de edilgen yapar.
FY_ETTIRGEN_DUr_(U)t,DUr,,D,,,,"OZEL_ETTIRGEN,  DONUSUM_D, DONUSUM_U","dır, dir, dur, dür, tır, tir, tur, tür, t, ıt, it, ut, üt",,,,,,Ünlü ile biten tek heceli fiillerle ünsüzle biten bütün fiillere gelir.
FY_ETTIRTGEN_t_DUr,t,,D,,,,"OZEL_ETTIRTGEN, DONUSUM_U, DONUSUM_D,","dır, dir, dur, dür, tır, tir, tur, tür, t",,,,,,
IY_FIIL_lA,lA,D,D,IFY,,,"DONUSUM_A, ","la, le, lı, li, lu, lü",,ISIM_DONUSUM_LE,VJD_LA,"sollamak, genişlemek, serinlemek, ucuzlamak, ucuzluyor (daralma), serinliyor, kolaylıyor, düzlüyor, sepetlemek, çuvallamak, kalaylamak, kazıklamak, başlıyor (daralma), izliyor, özlüyor, buzluyor ",Bence bu ek olmamalı ya da bu eki alan fiiller yine de sözlükte bulunmalı,
IY_FIIL_lAş,lAş,D,D,IFY,,,"DONUSUM_A, ","laş, leş, ",,ISIM_DONUSUM_LES,VJD_LAS,"güzelleşmek, yoksullaşmak, başkalaşmak",,
IY_ISIM_cAğIz,cAğIz,D,D,IIY,,,"DONUSUM_A, DONUSUM_I, ","cağız, ceğiz, ncağız",,ISIM_KUCULTME_CEGIZ,NND_CAGZ,"adamcağız, köyceğiz, kuşcağız",,
IY_ISIM_CU,CU,D,D,IIY,,,"DONUSUM_U, DONUSUM_C, ","cı, ci, cu, cü, çı, çi, çu, çü, ",,ISIM_ILGI_CI,NND_CI,"oyuncu, ekmekçi, bilgisayarcı, muhallebici, büyücü, sanatçı, tavukçu, gözlükçü",,
IY_ISIM_KUCULTME_CUK,CUk,D,D,IIY,,,"DONUSUM_U, DONUSUM_C, YUMUSAMA_kğ, ","cık, cik, cuk, cük, çık, çik, çuk, çük, cığ, ciğ, cuğ, cüğ, çığ, çiğ, çuğ, çüğ, ",,ISIM_KUCULTME_CIK,NND_CIK,"adamcık, yavrucuk, kimsecik, gölcük, kulakçık, Mehmetçik, Umutçuk, öğütçük, adamcığa, kimseciği, yavrucuğu, gölcüğe, kulakçığı, Mehmetçiğin, Umutçuğa, öğütçüğün",,
IY_ISIM_lUK,lUk,D,D,IIY,,,"DONUSUM_U, YUMUSAMA_kğ, ","lık, lik, luk, lük, lığ, liğ, luğ, lüğ, nluk",,ISIM_BULUNMA_LIK,NND_LIK,"gözlük, gecelik, uykuluk, parmaklık, yemekliği, parmaklığa, uykuluğun, gözlüğüm",,
IY_SIFAT_(U)msU,UmsU,D,D,ISY,,,"DUSME_UNLU, DONUSUM_U, ","msı, msi, msu, msü, ımsı, imsi, umsu, ümsü, yumsu, ",,ISIM_ANDIRMA_IMSI,JJD_IMSI,"tatlımsı, mavimsi, hamurumsu, sertimsi, ağacımsı, bordomsu, kükürdümsü, göğümsü",,
IY_SIFAT_lU,lU,D,D,ISY,,,"DONUSUM_U, ","lı, li, lu, lü, nlu",,ISIM_BULUNMA_LI,JND_LI,"tatlı, sesli, uslu, Asyalı, Anamurlu, türlü",,
IY_SIFAT_sAl,sAl,D,D,ISY,,,"DONUSUM_A, ","sal, sel, ",,ISIM_ILISKILI_SEL,JND_SAL,"sorunsal, biçimsel, toplumsal",,
IY_SIFAT_sU,sU,D,D,ISY,,,"DONUSUM_U,","sı, si, su, sü, ",,ISIM_ANDIRMA_SI,JND_MSI,"erkeksi, yılansı, çocuksu, köksü, büyüksü, sütsü",,
IY_SIFAT_sUz,sUz,NI,D,ISY,,,"DONUSUM_U, ","sız, siz, suz, süz, nsuz",,ISIM_YOKLUK_SIZ,JND_SIZ,"tatsız, evsiz, sonsuz, köksüz, annemsiz, acımasız, bakımsız ",,
IY_ZARF_CA,CA,NI,D,IZY,,,"DONUSUM_C, DONUSUM_A, ","ca, ce, ça, çe, nca, nce ",,ISIM_GIBI_CE,NJD_CA,"güzelce, akıllıca, ufakça, büyükçe, dostça, sınıfça, ailece, akrabaca, milletçe, bence, kanaatimce",,
IY_ZARF_CAsInA,CAsInA,D,D,IZY,,,"DONUSUM_C, DONUSUM_A, DONUSUM_I, ","casına, cesine, çasına, çesine, ",,FIIL_GIBI_CESINE,,"delicesine, akıllıcasına, hoşçasına, mertçesine",,
YANSIMA_DONUSUM_dA,dA,D,D,YFY,,,"DONUSUM_A, ","da, de, dı, di, du, dü",,YANKI_DONUSUM_DA,VND_DA,"parıldamak, höpürdemek",,"tU (yansıma) isimden isim yapma eki ilave edilmeli! Parıl-tı, gürül-tü… Birkaç kelime dışında yansıma kelimelere getirilir. Genellikle -l, -r, -y ünsüzleriyle biten kelimelere getirilir."
YANSIMA_DONUSUM_tU,tU,D,D,YIY,,,"DONUSUM_U, ","tı, ti, tu, tü, ",,YANKI_DONUSUM_TI,,"parıltı, uğultu, kütürtü, fingirti",,
SAYI_SIRA_(U)ncU,UncU,D,D,SSY,,,"DUSME_UNLU, DONUSUM_U, ","ncı, nci, ıncı, inci, uncu, üncü, ",,SAYI_SIRA_INCI,JND_INCI,"birinci, ikinci, üçüncü, altıncı, bir milyarıncı, sekizinci, dokuzuncu",,"Sayılar dışında, yine sıra ifade eden birkaç kelimede de görülebilir: Kaçıncı, ortancı…"
SAYI_ULESTIRME_(ş)Ar,şAr,D,D,SSY,,,"DUSME_UNSUZ, DONUSUM_A, ","şar, şer, ar, er, ",,SAYI_ULESTIRME_ER,JND_SER,"birer, ikişer, dokuzar, altışar",,"Ünlü ile biten sayı sıfatlarından sonra şAr, ünsüzle bitenlerden sonra Ar gelir. Üleştirme/paylaştırma anlamı katar."
SORU_mU,_mU,I,I,,,,"DONUSUM_U, ALTTIRE_KALDIR","_mı, _mi, _mu, _mü",,SORU_KOK,,"mısın, miydin, müyüz, muşsunuz",Bu ekten önce boşluk eki gelir.,
BAGLAC_dA,_dA,I,I,,,,"DONUSUM_A, ALTTIRE_KALDIR","_da, _de",,,,,,